vrAnnotationService	createAnnotation(name, parent=vrdNode())	method	v2	vrdAnnotationNode	Creates a new annotation. Each annotation is created with a unique name. If the passed name is not unique (e.g. an annotation with that name already exists), it
vrAnnotationService	createAnnotationGroup(name, parent=vrdNode())	method	v2	vrdNode	Creates a new annotation group with a unique name within the annotation graph.
vrAnnotationService	deleteAnnotation(annotation)	method	v2		Deletes an existing annotation.
vrAnnotationService	deleteAnnotations(nodes)	method	v2		Deletes existing annotations and/or annotation groups including all their children.
vrAnnotationService	duplicateAnnotation(annotation)	method	v2	vrdAnnotationNode	Duplicates an existing annotation.
vrAnnotationService	duplicateAnnotations(nodes)	method	v2	List[vrdNode]	Duplicates existing annotations and/or annotation groups including all their children.
vrAnnotationService	findAnnotation(name)	method	v2	vrdAnnotationNode	Searches for an existing annotation via name.
vrAnnotationService	getAnnotationRoot()	method	v2	vrdNode	Returns the root node of the annotation hierarchy. Currently, all annotations are children of that root.
vrAnnotationService	getAnnotations()	method	v2	List[vrdAnnotationNode]	Returns a list of all annotations.
vrAnnotationService	getDefaultAnchored()	method	v2	bool	Returns the default anchored state of annotations. It is used when creating a new annotation.
vrAnnotationService	getDefaultBackgroundColor()	method	v2	QColor	Returns the default label background color of annotations.
vrAnnotationService	getDefaultFontColor()	method	v2	QColor	Returns the default font color for the displayed text of annotations.
vrAnnotationService	getDefaultLineColor()	method	v2	QColor	Returns the default line color for borders and leaders of annotations.
vrAnnotationService	getDefaultScalingMode()	method	v2	vrAnnotationTypes.ScalingMode	Returns the default scaling mode of annotations.
vrAnnotationService	getDefaultSize()	method	v2	float	Returns the default size of annotations.
vrAnnotationService	getDefaultUseSceneNodeVisibility()	method	v2	bool	Returns the default value for using the linked scene graph node to determine the visibility of annotations.
vrAnnotationService	getSelection()	method	v2	List[vrdAnnotationNode]	Returns the current selection.
vrAnnotationService	getShowAnnotations()	method	v2	bool	Returns the global visibility of annotations.
vrAnnotationService	loadAnnotations(path)	method	v2	List[vrdAnnotationNode]	Loads annotation data from an xml file. The annotations are directly added to the scene.
vrAnnotationService	pickAnnotation(annotation)	method	v2		Activates the scene node picking functionality of the UI for the passed annotation.
vrAnnotationService	saveAnnotations(annotations, path)	method	v2		Saves a list of annotations. The annotation data is stored in an xml file.
vrAnnotationService	setDefaultAnchored(anchored)	method	v2		Sets the default anchored state of annotations. It is used when creating a new annotation.
vrAnnotationService	setDefaultBackgroundColor(color)	method	v2		Sets the default label background color of annotations. It is used when creating a new annotation.
vrAnnotationService	setDefaultFontColor(color)	method	v2		Sets the default font color for the displayed text of annotations. It is used when creating a new annotation.
vrAnnotationService	setDefaultLineColor(color)	method	v2		Sets the default line color for borders and leaders of annotations. It is used when creating a new annotation.
vrAnnotationService	setDefaultScalingMode(mode)	method	v2		Sets the default scaling mode of annotations. It is used when creating a new annotation.
vrAnnotationService	setDefaultSize(size)	method	v2		Sets the default size of annotations. It is used when creating a new annotation.
vrAnnotationService	setDefaultUseSceneNodeVisibility(use)	method	v2		Sets the default value for using the linked scene graph node to determine the visibility of annotations. It is used when creating a new annotation.
vrAnnotationService	setSelection(annotations)	method	v2		Select the given annotations in the annotation module.
vrAnnotationService	setShowAnnotations(value)	method	v2		Sets the global visibility of annotations. Individual visibility can be set in vrdAnnotationNode.
vrAnnotationService	annotationCreated(annotation)	method	v2		Triggered when a new annotation was created.
vrAnnotationService	annotationGraphChanged()	method	v2		Triggered whenever the annotation graph changed. This includes adding and deleting annotations or groups as well as moving annotations or groups.
vrAnnotationService	annotationsAdded()	method	v2		Triggered when one or more annotations were added to the scene.
vrAnnotationService	annotationsDeleted()	method	v2		Triggered when one or more annotations were deleted from the scene.
vrAnnotationService	selectionChanged(annotations)	method	v2		Triggered when the selection has been changed.
vrAnnotationService	showAnnotationsChanged(value)	method	v2		Triggered when the global annotation visibility has changed.
vrAnnotationTypes.ScalingMode	Off	data	v2		
vrAnnotationTypes.ScalingMode	Near	data	v2		
vrAnnotationTypes.ScalingMode	Far	data	v2		
vrAssetsService	loadGeometriesByUUID(uuids, parentNode=vrdNode())	method	v2	List[vrdNode]	Loads geometry assets with the given asset UUIDs and adds them to the scene.
vrAssetsService	loadMetadataSetsByUUID(uuids)	method	v2	List[vrdMetadataSet]	Loads metadata sets with the given asset UUIDs and adds them to the scene.
vrAssetsService	loadSceneplatesByUUID(uuids, parentNode=vrdNode())	method	v2	List[vrdNode]	Loads sceneplate assets with the given asset UUIDs and adds them to the scene.
vrAssetsService	assetsChanged()	method	v2		This signal is emitted after any changes to assets.
vrBakeService	bakeToTexture(geometryNodes, illuminationSettings, textureSettings, replaceTextureBake=True)	method	v2		Starts the texture bake calculation for one lightmap per geometry node with the given settings.
vrBakeService	bakeToTexture(geometryNodes, illuminationSettingsBase, textureSettingsBase, illuminationSettingsSeparate, textureSettingsSeparate)	method	v2		Starts the texture bake calculation for two lightmaps, a base and a separate lightmap, per geometry node with the given settings.
vrBakeService	getTonemapLightmapPreviews()	method	v2	bool	returns True if previews should get tone-mapped, False otherwise.
vrBakeService	loadLightmaps(geometryNodes, filePaths)	method	v2		Loads one or more lightmaps and applies them to the passed geometry nodes.
vrBakeService	repathLightmaps(geometryNodes, path)	method	v2		Re-paths existing lightmaps from a list of geometry nodes.
vrBakeService	saveLightmaps(geometryNodes, path)	method	v2		Saves existing lightmaps from a list of geometry nodes.
vrBakeService	setTonemapLightmapPreviews(value)	method	v2		Sets whether lightmap previews get tone-mapped or not.
vrBakeService	progressChanged(percent, state)	method	v2		Calculation progress changed.
vrBakeService	progressFinished()	method	v2		Calculation progress finished.
vrBakeService	progressStarted()	method	v2		Calculation progress started.
vrBakeService	tonemapLightmapPreviewsChanged(value)	method	v2		The setting if lightmap previews should get tone-mapped changed.
vrBakeTypes.BakeType	None_	data	v2		No bake data used.
vrBakeTypes.BakeType	Vertex	data	v2		Vertex bake data used.
vrBakeTypes.BakeType	Texture	data	v2		Texture bake data used.
vrBakeTypes.BakeState	None_	data	v2		There is no bake data.
vrBakeTypes.BakeState	Valid	data	v2		There is valid bake data for rendering.
vrBakeTypes.BakeState	Cleared	data	v2		Rendering bake data was cleared, but last used settings still exist.
vrBakeTypes.DirectIlluminationMode	AmbientOcclusion	data	v2		Ambient Occlusion data is generated/used.
vrBakeTypes.DirectIlluminationMode	Shadows	data	v2		Shadow data is generated/used.
vrBakeTypes.DirectIlluminationMode	LightAndShadows	data	v2		Light and shadow data is generated/used.
vrBakeTypes.DirectIlluminationMode	Light	data	v2		Separate illumination data from specific light sources (excluding environment) is generated/used.
vrBakeTypes.IlluminationQuality	Preview	data	v2		8×8 (hemisphere) samples for both, direct and indirect illumination calculation.
vrBakeTypes.IlluminationQuality	Low	data	v2		16×16 (hemisphere) samples for both, direct and indirect illumination calculation.
vrBakeTypes.IlluminationQuality	Medium	data	v2		32×32 (hemisphere) samples for direct and 24x24 samples for indirect illumination calculation.
vrBakeTypes.IlluminationQuality	High	data	v2		48x48 (hemisphere) samples for direct and 32x32 samples for indirect illumination calculation.
vrBakeTypes.IlluminationQuality	Highest	data	v2		64x64 (hemisphere) samples for direct and 48x48 samples for indirect illumination calculation.
vrBakeTypes.IlluminationQuality	UltraHigh	data	v2		128×128 hemisphere samples (only valid for direct illumination calculation).
vrBakeTypes.AmbientOcclusionWeight	Uniform	data	v2		All ambient occlusion samples have the same weight.
vrBakeTypes.AmbientOcclusionWeight	Cosine	data	v2		Ambient occlusion samples in the direction of the surface normal have more influence on the result.
vrBakeTypes.UVGeneration	TriplanarAndLayout	data	v2		The triplanar projection mode and settings for the UV Editor "Layout" tab (except island and tile padding) are used for creating the Lightmap UV Sets.
vrBakeTypes.UVGeneration	UnfoldAndLayout	data	v2		The current settings from the UV Editor in the “Unfold” and “Layout” tabs (except island and tile padding) are used for creating the Lightmap UV Sets.
vrBakeTypes.SubdivisionQuality	Low	data	v2		Subdivides up to two times, if the difference in intensities between the vertices of an edge is above the intensity threshold.
vrBakeTypes.SubdivisionQuality	Medium	data	v2		Subdivides up to two times, if the difference in intensities between the vertices of an edge, or the edge midpoint of the triangle edge, is above the intensity 
vrBakeTypes.SubdivisionQuality	High	data	v2		Subdivides up to four times, if the difference in intensities between the vertices of an edge, or the edge midpoint, is above the intensity threshold.
vrBakeTypes.Renderer	CPURaytracing	data	v2		The CPU raytracer is used for computing the lightmaps.
vrBakeTypes.Renderer	GPURaytracing	data	v2		The GPU raytracer is used for computing the lightmaps.
vrBakeTypes.DenoiserType	GPU	data	v2		GPU Denoising is used if supported.
vrBakeTypes.DenoiserType	CPU	data	v2		CPU Denoising is used.
vrCADFileTypes.FileType	Cinema4D	data	v2		Maxon Cinema 4D file format.
vrCADFileTypes.FileType	Cosmo	data	v2		Cosmo 3D binary format.
vrCADFileTypes.FileType	DesignWeb	data	v2		Autodesk Design Web Format.
vrCADFileTypes.FileType	FBX	data	v2		Autodesk FBX exchange file format.
vrCADFileTypes.FileType	LCC	data	v2		XGRIDS Lixel CyberColor format.
vrCADFileTypes.FileType	Obj	data	v2		Wavefront obj file format.
vrCADFileTypes.FileType	OpenSG	data	v2		OpenSG file format.
vrCADFileTypes.FileType	PLMXML	data	v2		PLM XML file format.
vrCADFileTypes.FileType	Python	data	v2		Python script file format.
vrCADFileTypes.FileType	ThreeDS	data	v2		Autodesk 3DS Max file format.
vrCADFileTypes.FileType	PLY	data	v2		PLY file format.
vrCADFileTypes.FileType	SPZ	data	v2		SPZ file format.
vrCADFileTypes.FileType	VRED	data	v2		Native VRED project file format.
vrCADFileTypes.FileType	VRML	data	v2		VRML world format.
vrCADFileTypes.FileType	ACIS	data	v2		ACIS file format.
vrCADFileTypes.FileType	Alias	data	v2		Autodesk Alias file format.
vrCADFileTypes.FileType	AutoCAD	data	v2		Autodesk AutoCAD.
vrCADFileTypes.FileType	CatiaV4	data	v2		Dassault Catia V4 format.
vrCADFileTypes.FileType	CatiaV5	data	v2		Dassault Catia V5 format.
vrCADFileTypes.FileType	CatiaV6	data	v2		Dassault Catia V6 format.
vrCADFileTypes.FileType	DGN	data	v2		Bentley Microstation format.
vrCADFileTypes.FileType	Inventor	data	v2		Autodesk Inventor file format.
vrCADFileTypes.FileType	JT	data	v2		JT file format.
vrCADFileTypes.FileType	NX	data	v2		Siemens NX file format.
vrCADFileTypes.FileType	IGES	data	v2		IGES file format.
vrCADFileTypes.FileType	ProE	data	v2		Pro Engineer file format.
vrCADFileTypes.FileType	Rhino	data	v2		Rhino file format.
vrCADFileTypes.FileType	SolidEdge	data	v2		Solidedge file format.
vrCADFileTypes.FileType	SolidWorks	data	v2		Solidworks file format.
vrCADFileTypes.FileType	Step	data	v2		Step file format.
vrCADFileTypes.FileType	STL	data	v2		STL file format.
vrCADFileTypes.FileType	C3MF	data	v2		3MF file format
vrCADFileTypes.FileType	IFC	data	v2		IFC file format.
vrCADFileTypes.FileType	SLP	data	v2		ProE render file format.
vrCADFileTypes.FileType	Generic	data	v2		CAD file formats that don't have dedicated import settings (Parasolid, Sketchup)
vrCADFileTypes.JobState	kSucceeded	data	v2		Job finished succesful.
vrCADFileTypes.JobState	kFailed	data	v2		Job failed.
vrCADFileTypes.JobState	kAborted	data	v2		Job was aborted by user.
vrCADFileTypes.JobState	kIncomplete	data	v2		Job finished, but not all parts of an assembly were imported succesfully.
vrCADFileTypes.JobState	kRunning	data	v2		Job is still running.
vrCADFileTypes.JobState	kUnknown	data	v2		state of Job can't be determined
vrCameraFromAtUp	getAt()	method	v2	QVector3D	Gets the at vector.
vrCameraFromAtUp	getFrom()	method	v2	QVector3D	Gets the from vector.
vrCameraFromAtUp	getUp()	method	v2	QVector3D	Gets the up vector.
vrCameraFromAtUp	setAt(at)	method	v2		Sets the at vector.
vrCameraFromAtUp	setFrom(from)	method	v2		Sets the from vector.
vrCameraFromAtUp	setUp(up)	method	v2		Sets the up vector.
vrCameraFromAtUp	vrCameraFromAtUp()	method	v2		Default constructor. Initializes from, at, up with zeros.
vrCameraFromAtUp	vrCameraFromAtUp(from, at, up)	method	v2		Constructor with from, at, up parameters.
vrCameraService	copiedNodesAvailable()	method	v2	bool	Indicates if there are nodes in the internal copy buffer.
vrCameraService	copyNodes(nodes)	method	v2		Add nodes to the internal copy buffer.
vrCameraService	createCamera(name, mode=vrCameraTypes.ProjectionPerspective, constraint=vrCameraTypes.ConstraintNone, sceneGraphParentNode=vrdNode(), cameraGraphParentNode=vrdNode())	method	v2	vrdCameraNode	Creates a new camera.
vrCameraService	createCameraGroup(name, cameraGraphParentNode=vrdNode())	method	v2	vrdNode	Creates a new camera group.
vrCameraService	createCameraTrack(name, cameraNode=vrdCameraNode())	method	v2	vrdCameraTrackNode	Creates a new camera track.
vrCameraService	createViewpoint(name, cameraTrack=vrdCameraTrackNode())	method	v2	vrdViewpointNode	Creates a new viewpoint.
vrCameraService	duplicateNode(node)	method	v2	vrdNode	Creates a copy of a camera tree node (including its children).
vrCameraService	getActiveCamera(useCameraGraph=False)	method	v2	vrdCameraNode	Returns the active camera of the currently active viewport.
vrCameraService	getAllCameraTracks()	method	v2	List[vrdCameraTrackNode]	Returns the list of all camera tracks.
vrCameraService	getAllViewpoints()	method	v2	List[vrdViewpointNode]	Returns the list of all viewpoints.
vrCameraService	getCamera(name, useCameraGraph=False)	method	v2	vrdCameraNode	Returns the first camera with the given name.
vrCameraService	getCameraNames()	method	v2	List[string]	Returns a list with the names of all cameras.
vrCameraService	getCameraRoot()	method	v2	vrdNode	Returns the root node of cameras, that contains all cameras, camera tracks and viewpoints.
vrCameraService	getCameras(useCameraGraph=False)	method	v2	List[vrdCameraNode]	Returns the list of all cameras (not including viewpoints or camera tracks).
vrCameraService	getSelectedNodes()	method	v2	List[vrdNode]	Returns the nodes currently selected in camera editor.
vrCameraService	getViewpoint(name)	method	v2	vrdViewpointNode	Returns the first viewpoint with the given name.
vrCameraService	getViewpointCreationMode()	method	v2	vrCameraTypes.ViewpointCreationMode	Returns if tracking transformation should be included in viewpoint transformation.
vrCameraService	load(filename)	method	v2	List[vrdNode]	Load camera related nodes.
vrCameraService	pasteAttributes(cameras, option=vrCameraTypes.PasteOption.PasteAllAttributes)	method	v2		Paste attributes of nodes.
vrCameraService	pasteNodes(targetNodes)	method	v2	List[vrdNode]	Paste nodes from the internal copy buffer.
vrCameraService	saveCameras(nodes, filename)	method	v2	bool	Save cameras and viewpoints to an .xml file (no hierarchy, groups or tracks supported).
vrCameraService	saveNodes(nodes, filename)	method	v2	bool	Save nodes including children (tracks, groups, viewpoints) to .osb file.
vrCameraService	saveViewpoints(filename)	method	v2	bool	Save all viewpoints to '.xml' file.
vrCameraService	setSelectedNodes(nodes)	method	v2		Sets the selection in camera editor.
vrCameraService	setViewpointCreationMode(mode)	method	v2		Defines if tracking transformation should be included in viewpoint transformation.
vrCameraService	zoomToNodes(nodes)	method	v2		Zoom to the given nodes.
vrCameraService	selectionChanged(nodes)	method	v2		Notifies about selection changes of camera editor.
vrCameraTypes.VanishingLinesType	XYZ	data	v2		
vrCameraTypes.VanishingLinesType	XY	data	v2		
vrCameraTypes.VanishingLinesType	XZ	data	v2		
vrCameraTypes.VanishingLinesType	YZ	data	v2		
vrCameraTypes.ViewpointCreationMode	IgnoreTrackingMatrix	data	v2		
vrCameraTypes.ViewpointCreationMode	IncludeTrackingMatrix	data	v2		
vrCameraTypes.CameraTrackType	InvalidCameraTrack	data	v2		
vrCameraTypes.CameraTrackType	RegularCameraTrack	data	v2		
vrCameraTypes.CameraTrackType	RenderQueueCameraTrack	data	v2		
vrCameraTypes.CameraTrackType	VariantSetCameraTrack	data	v2		
vrCameraTypes.CameraProjectionMode	ProjectionPerspective	data	v2		
vrCameraTypes.CameraProjectionMode	ProjectionOrthographic	data	v2		
vrCameraTypes.CameraProjectionMode	ProjectionSphericalMap	data	v2		
vrCameraTypes.CameraProjectionMode	ProjectionPetersMap	data	v2		
vrCameraTypes.CameraProjectionMode	ProjectionVerticalCross	data	v2		
vrCameraTypes.CameraProjectionMode	ProjectionHorizontalCross	data	v2		
vrCameraTypes.CameraProjectionMode	ProjectionOmnidirectional	data	v2		
vrCameraTypes.CameraProjectionMode	ProjectionCustomMatrix	data	v2		
vrCameraTypes.CameraConstraint	ConstraintNone	data	v2		
vrCameraTypes.CameraConstraint	ConstraintAim	data	v2		
vrCameraTypes.CameraConstraint	ConstraintAimUp	data	v2		
vrCameraTypes.CameraTonemapper	TonemapperReinhardLuminance	data	v2		
vrCameraTypes.CameraTonemapper	TonemapperReinhardRGB	data	v2		
vrCameraTypes.CameraTonemapper	TonemapperLogarithmicLuminance	data	v2		
vrCameraTypes.CameraTonemapper	TonemapperLogarithmicRGB	data	v2		
vrCameraTypes.CameraTonemapper	TonemapperFilmic	data	v2		
vrCameraTypes.CameraTonemapper	TonemapperPhysicalCamera	data	v2		
vrCameraTypes.CameraTonemapper	TonemapperLuminance	data	v2		
vrCameraTypes.CameraTonemapper	TonemapperIlluminance	data	v2		
vrCameraTypes.CameraStereoLayout	StereoLayoutTopBottom	data	v2		
vrCameraTypes.CameraStereoLayout	StereoLayoutLeftRight	data	v2		
vrCameraTypes.CameraStereoLayout	StereoLayoutLeftEye	data	v2		
vrCameraTypes.CameraStereoLayout	StereoLayoutRightEye	data	v2		
vrCameraTypes.CameraCandelaMapping	CandelaMappingLogarithmicRGB	data	v2		
vrCameraTypes.CameraCandelaMapping	CandelaMappingLogarithmicHSV	data	v2		
vrCameraTypes.CameraCandelaMapping	CandelaMappingLinearRGB	data	v2		
vrCameraTypes.CameraCandelaMapping	CandelaMappingLinearHSV	data	v2		
vrCameraTypes.CameraResponseCurveMode	CameraResponseCurveLuminance	data	v2		
vrCameraTypes.CameraResponseCurveMode	CameraResponseCurveRed	data	v2		
vrCameraTypes.CameraResponseCurveMode	CameraResponseCurveGreen	data	v2		
vrCameraTypes.CameraResponseCurveMode	CameraResponseCurveBlue	data	v2		
vrCameraTypes.CameraResponseCurveMode	CameraResponseCurveRGB	data	v2		
vrCameraTypes.CameraSensorResponse	CustomCurve	data	v2		
vrCameraTypes.CameraSensorResponse	SyncolorAces10	data	v2		
vrCameraTypes.CameraSensorResponse	SyncolorAces07	data	v2		
vrCameraTypes.CameraSensorResponse	AgX	data	v2		
vrCameraTypes.CameraSensorResponse	AgX_Punchy	data	v2		
vrCameraTypes.CameraSensorResponse	AgX_Custom	data	v2		
vrCameraTypes.CameraSensorResponse	OpenColorIO	data	v2		
vrCameraTypes.CameraSensorResponseCurveMapping	CameraResponseCurveLinear	data	v2		
vrCameraTypes.CameraSensorResponseCurveMapping	CameraResponseCurveLogarithmic	data	v2		
vrCameraTypes.CameraColorspace	SRGBColorspace	data	v2		
vrCameraTypes.CameraColorspace	Aces10Colorspace	data	v2		
vrCameraTypes.CameraColorspace	AgXColorspace	data	v2		
vrCameraTypes.BlendMode	BlendOff	data	v2		
vrCameraTypes.BlendMode	BlendVignette	data	v2		
vrCameraTypes.BlendMode	BlendImage	data	v2		
vrCameraTypes.BlendModeType	BlendTypeVignette	data	v2		
vrCameraTypes.BlendModeType	BlendTypeImage	data	v2		
vrCameraTypes.DistortionType	BarrelDistortion	data	v2		
vrCameraTypes.DistortionType	RadialDistortion	data	v2		
vrCameraTypes.DistortionEdgeMode	Clamp	data	v2		
vrCameraTypes.DistortionEdgeMode	MirroredRepeat	data	v2		
vrCameraTypes.DistortionEdgeMode	Black	data	v2		
vrCameraTypes.DistortionEdgeMode	Zoom	data	v2		
vrCameraTypes.CameraEye	CameraLeftEye	data	v2		
vrCameraTypes.CameraEye	CameraRightEye	data	v2		
vrCameraTypes.CameraAxis	X	data	v2		
vrCameraTypes.CameraAxis	Y	data	v2		
vrCameraTypes.CameraAxis	Z	data	v2		
vrCameraTypes.CollisionStructureBuildMethod	CollisionTriangleBased	data	v2		
vrCameraTypes.CollisionStructureBuildMethod	CollisionBoundingBoxBased	data	v2		
vrCameraTypes.TurntableDirection	TurntableCounterClockwise	data	v2		
vrCameraTypes.TurntableDirection	TurntableClockwise	data	v2		
vrCameraTypes.PasteOption	PasteAllAttributes	data	v2		
vrCameraTypes.PasteOption	PasteViewingAttributes	data	v2		
vrCameraTypes.PasteOption	PasteCameraAttributes	data	v2		
vrCameraTypes.PasteOption	PasteTonemappingAttributes	data	v2		
vrCameraTypes.PasteOption	PasteColorCorrectionAttributes	data	v2		
vrCameraTypes.PasteOption	PasteGradingAttributes	data	v2		
vrCameraTypes.PasteOption	PasteGlowAttributes	data	v2		
vrCameraTypes.PasteOption	PasteGlareAttributes	data	v2		
vrCameraTypes.PasteOption	PasteBlendingAttributes	data	v2		
vrCameraTypes.PasteOption	PasteFogAttributes	data	v2		
vrCameraTypes.PasteOption	PastePerspectiveMatchAttributes	data	v2		
vrCameraTypes.PasteOption	PasteChromaticAberrationAttributes	data	v2		
vrCameraTypes.PasteOption	PasteFilmGrainAttributes	data	v2		
vrCameraTypes.CameraSpace	LocalSpace	data	v2		
vrCameraTypes.CameraSpace	GlobalSpace	data	v2		
vrCameraTypes.FovMode	Vertical	data	v2		
vrCameraTypes.FovMode	Horizontal	data	v2		
vrCameraTypes.FogFalloffMode	Realistic	data	v2		
vrCameraTypes.FogFalloffMode	Linear	data	v2		
vrCameraTypes.InteractiveDofQuality	UltraLow	data	v2		
vrCameraTypes.InteractiveDofQuality	Low	data	v2		
vrCameraTypes.InteractiveDofQuality	Medium	data	v2		
vrCameraTypes.InteractiveDofQuality	High	data	v2		
vrCameraTypes.InteractiveDofQuality	UltraHigh	data	v2		
vrCameraTypes.DepthOfFieldMode	Off	data	v2		
vrCameraTypes.DepthOfFieldMode	Stillframe	data	v2		
vrCameraTypes.DepthOfFieldMode	Always	data	v2		
vrCameraTypes.GradingLogSpace	ACEScct	data	v2		
vrCameraTypes.GradingLogSpace	ACEScc	data	v2		
vrCameraTypes.GradingLogSpace	CanonClog2	data	v2		
vrCameraTypes.GradingLogSpace	CanonClog3	data	v2		
vrCameraTypes.GradingLogSpace	ARRILogC3	data	v2		
vrCameraTypes.GradingLogSpace	ARRILogC4	data	v2		
vrCameraTypes.GradingLogSpace	PanasonicVlog	data	v2		
vrCameraTypes.GradingLogSpace	RedLogFilm	data	v2		
vrCameraTypes.GradingLogSpace	RedLog3G10	data	v2		
vrCameraTypes.GradingLogSpace	SonySLog3	data	v2		
vrCameraTypes.GradingLogSpace	SonySLog3Cine	data	v2		
vrClusterManagerService	getJobQueuesNames()	method	v2	List[string]	returns Returns a list cluster manager queues
vrClusterManagerService	getSessionBookingId()	method	v2	string	returns Returns the current cluster session booking id
vrClusterManagerService	isManagerConnected()	method	v2	bool	returns Returns true, if the user has logged in to a cluster manager
vrClusterManagerService	login(server, user, passwd)	method	v2	bool	Try to login to a cluster manager.
vrClusterManagerService	logoff()	method	v2		Logoff from cluster manager.
vrClusterManagerService	sendToJobQueue(type, jobQueue)	method	v2	bool	Send the current project to a cluster manager queue.
vrClusterManagerService	startSession(bookingId)	method	v2	bool	Starts a new session booked in the cluster manager module.
vrClusterManagerService	disconnected()	method	v2		Signal emitted when a user has signed off from the cluster manager.
vrClusterManagerService	sessionEnded()	method	v2		Signal indicates a cluster manager session end.
vrClusterManagerService	sessionEndWarning(seconds)	method	v2		Signal indicates a cluster manager session ends soon.
vrClusterManagerService	sessionStarting(seconds)	method	v2		Signal indicates a cluster manager session starts soon.
vrClusterService	abortProgress()	method	v2		Abort a running connection process.
vrClusterService	getAllowMultipleServers()	method	v2	bool	returns True, if starting multiple servers on the same machine is allowed
vrClusterService	getConfig()	method	v2	string	returns Returns the current cluster xml configuration
vrClusterService	getConsumptionBasedLicensing()	method	v2	bool	returns True, if consumption based licensing is enabled
vrClusterService	getIgnoreNotEnoughMemory()	method	v2	bool	returns True, if memory consumption is not checked on the server
vrClusterService	getLocalLicenseCheckout()	method	v2	bool	returns True, if all licenses are checked out locally
vrClusterService	getRunningNodes()	method	v2	List[string]	returns Returns a list of all connected cluster nodes
vrClusterService	getShowTestImage()	method	v2	bool	returns Returns the True, if test image mode is enabled
vrClusterService	getShowTiles()	method	v2	bool	returns Returns the True, if tile visualization is enabled
vrClusterService	hasLicense()	method	v2	bool	returns Returns the True, if all nodes have a valid license
vrClusterService	hostListToConfig(hostList)	method	v2	string	Converts a host list to a xml configuration.
vrClusterService	isRestarting()	method	v2	bool	returns Returns True, if the cluster is in restarting mode
vrClusterService	isRunning()	method	v2	bool	returns Returns True, if the cluster is running
vrClusterService	loadConfig(fileName)	method	v2	bool	Load a configuration from file.
vrClusterService	runSpeedTest()	method	v2	List[string]	Perform a network speed test for the currently running cluster.
vrClusterService	setAllowMultipleServers(value)	method	v2		Set behavior, if a server is already used.
vrClusterService	setConfig(configuration)	method	v2		Change the cluster configuration.
vrClusterService	setConsumptionBasedLicensing(value)	method	v2		Controls, if consumption based licensing is enabled.
vrClusterService	setDefaultConfig()	method	v2		Reset the cluster configuration to its default value.
vrClusterService	setEyeSeparation(value)	method	v2		Set eye separation for display clusters.
vrClusterService	setIgnoreNotEnoughMemory(value)	method	v2		Set behavior, if a server has not enough memory.
vrClusterService	setLocalLicenseCheckout(value)	method	v2		Controls, where licenses are checked out for clustering.
vrClusterService	setShowTestImage(value)	method	v2		Show or hide a test image on display clusters.
vrClusterService	setShowTiles(value)	method	v2		Show or hide cluster tiles in render window for debugging.
vrClusterService	setZeroParallax(value)	method	v2		Set zero parallax distance for display clusters.
vrClusterService	start()	method	v2	bool	Start cluster with current configuration.
vrClusterService	stop()	method	v2		Stop cluster.
vrClusterService	configChanged(config)	method	v2		Signal indicates a cluster configuraiton change.
vrClusterService	multipleServersFound(hosts)	method	v2		Signal indicates hosts already used by other users.
vrClusterService	notEnoughMemoryFound(hosts)	method	v2		Signal indicates hosts with insufficient memory.
vrClusterService	progressChanged(action, progress)	method	v2		Signal can be used to monitor the connection progress.
vrClusterService	progressFinished()	method	v2		Signal indicates that the connection process is finished.
vrClusterService	runningNodesChanged()	method	v2		Signal is emitted when one or more cluster nodes have gone offline.
vrClusterService	started()	method	v2		Signal is emitted after a cluster has been started.
vrClusterService	stopped()	method	v2		Signal is emitted after a cluster has been stopped.
vrClusterTypes.JobType	Images	data	v2		
vrClusterTypes.JobType	Sequences	data	v2		
vrClusterTypes.JobType	RenderQueue	data	v2		
vrCollaborationTypes.AvatarType	Default	data	v2		
vrCollaborationTypes.AvatarType	CustomVred	data	v2		
vrCollaborationTypes.AvatarType	Copresence	data	v2		
vrConstraintService	copiedNodesAvailable()	method	v2	bool	Indicates if there are constraints in the internal copy buffer.
vrConstraintService	copyNodes(nodes)	method	v2		Add nodes to the internal copy buffer.
vrConstraintService	createAimConstraint(targetNodes={}, upTargetNodes={}, constrainedNode=vrdNode(), parent=vrdNode())	method	v2	vrdAimConstraintNode	Creates a new aim constraint node.
vrConstraintService	createGroup(parent=vrdNode(), name="", forceUniqueName=True)	method	v2	vrdNode	Creates a new group node
vrConstraintService	createOrientationConstraint(targetNodes={}, constrainedNode=vrdNode(), parent=vrdNode())	method	v2	vrdOrientationConstraintNode	Creates a new orientation constraint node.
vrConstraintService	createParentConstraint(targetNodes={}, constrainedNode=vrdNode(), maintainOffset=True, parent=vrdNode())	method	v2	vrdParentConstraintNode	Creates a new parent constraint node.
vrConstraintService	createPositionConstraint(targetNodes={}, constrainedNode=vrdNode(), maintainOffset=True, parent=vrdNode())	method	v2	vrdPositionConstraintNode	Creates a new position constraint node.
vrConstraintService	cutNodes(nodes)	method	v2		Removes the given nodes from constraints and adds them to the internal copy buffer.
vrConstraintService	deleteConstraint(constraintNode)	method	v2	bool	Deletes a given constraint node.
vrConstraintService	deleteNodes(nodes)	method	v2		Deletes the given nodes.
vrConstraintService	duplicateNodes(nodes)	method	v2	List[vrdNode]	Duplicates the given nodes. The nodes must be in the constraint tree.
vrConstraintService	exportEvaluationSequence(filename)	method	v2		Exports the evaluation sequence of the constraints to a file using tgf format.
vrConstraintService	findConstrainedNode(constrainedNode)	method	v2	List[vrdConstraintNode]	Returns a list of constraint nodes for a given constrained node.
vrConstraintService	getConstraintRoot()	method	v2	vrdNode	Returns the root node of the constraints.
vrConstraintService	getConstraints()	method	v2	List[vrdConstraintNode]	Returns a list of all public constraint nodes.
vrConstraintService	getConstraintsForNode(node)	method	v2	List[vrdConstraintNode]	Returns all constraints that are connected to the given node.
vrConstraintService	getNodesUsedInConstraints()	method	v2	List[vrdNode]	Returns all nodes that are used in constraints.
vrConstraintService	getSelection()	method	v2	List[vrdNode]	returns All nodes currently selected in the constraint editor
vrConstraintService	groupNodes(nodes)	method	v2	vrdNode	Places all given nodes into a new group.
vrConstraintService	isNodeUsedInConstraints(node)	method	v2	bool	This is a quick way to find out if a node is used in any constraint.
vrConstraintService	pasteNodes(parent)	method	v2	List[vrdNode]	Paste constraints from the internal copy buffer.
vrConstraintService	setSelection(nodes)	method	v2		Selects a list of nodes in the constraint editor.
vrConstraintService	constraintNodesChanged()	method	v2		Signal is emitted when constraints, constrained nodes or targets have been added or removed.
vrConstraintService	selectionChanged(nodes)	method	v2		Signal will be sent if the selection in the constraint editor has changed.
vrConstraintTypes.AimMode	PointToX	data	v2		
vrConstraintTypes.AimMode	PointToY	data	v2		
vrConstraintTypes.AimMode	PointToZ	data	v2		
vrConstraintTypes.AimMode	PointToNegX	data	v2		
vrConstraintTypes.AimMode	PointToNegY	data	v2		
vrConstraintTypes.AimMode	PointToNegZ	data	v2		
vrConstraintTypes.UpMode	PointToX	data	v2		
vrConstraintTypes.UpMode	PointToY	data	v2		
vrConstraintTypes.UpMode	PointToZ	data	v2		
vrConstraintTypes.UpMode	PointToNegX	data	v2		
vrConstraintTypes.UpMode	PointToNegY	data	v2		
vrConstraintTypes.UpMode	PointToNegZ	data	v2		
vrDecoreService	decore(nodes, treatAsCombinedObject, settings)	method	v2		Decores the given objects with the given settings.
vrDecoreService	getSettings()	method	v2	vrdDecoreSettings	Return the current user interface (GUI) settings.
vrDecoreService	setSettings(settings)	method	v2		Set setting to the user interface (GUI)
vrDecoreService	settingsChanged()	method	v2		Signal is emitted when a parameter is changed.
vrDeviceInputTypes.InputDeviceType	UndefinedDevice	data	v2		
vrDeviceInputTypes.InputDeviceType	Mouse	data	v2		
vrDeviceInputTypes.InputDeviceType	Keyboard	data	v2		
vrDeviceInputTypes.InputDeviceType	MouseAndKeyboard	data	v2		
vrDeviceInputTypes.InputDeviceType	Spacemouse	data	v2		
vrDeviceInputTypes.InputDeviceType	Gamepad	data	v2		
vrDeviceInputTypes.InputDeviceType	VRController	data	v2		
vrDeviceInputTypes.InputDeviceType	Tracker	data	v2		
vrDeviceInputTypes.InputDeviceType	Pen	data	v2		
vrDeviceInputTypes.VRControllerTypes	Undefined	data	v2		
vrDeviceInputTypes.VRControllerTypes	OculusTouch	data	v2		
vrDeviceInputTypes.VRControllerTypes	OpenVR	data	v2		
vrDeviceInputTypes.VRControllerTypes	HandTracker	data	v2		
vrDeviceInputTypes.InputActionType	UndefinedAction	data	v2		
vrDeviceInputTypes.InputActionType	Pressed	data	v2		
vrDeviceInputTypes.InputActionType	Released	data	v2		
vrDeviceInputTypes.InputActionType	PressedContinue	data	v2		
vrDeviceInputTypes.InputActionType	Touched	data	v2		
vrDeviceInputTypes.InputActionType	Untouched	data	v2		
vrDeviceInputTypes.InputActionType	TouchedContinue	data	v2		
vrDeviceInputTypes.InputActionType	Moved	data	v2		
vrDeviceInputTypes.InputSide	UndefinedSide	data	v2		
vrDeviceInputTypes.InputSide	Any	data	v2		
vrDeviceInputTypes.InputSide	Left	data	v2		
vrDeviceInputTypes.InputSide	Right	data	v2		
vrDeviceInputTypes	getActionType(actionType)	method	v2	InputActionType	returns  
vrDeviceInputTypes	getButtonActions()	method	v2	List[InputActionType]	returns  
vrDeviceInputTypes	getDeviceType(deviceType)	method	v2	InputDeviceType	returns  
vrDeviceInputTypes	getInputSide(inputSide)	method	v2	InputSide	returns  
vrDeviceService	activateInteraction(interaction)	method	v2		Activates an interaction. This allows an interaction to resume receiving input signals, if the interaction is in the active interaction group.
vrDeviceService	addBlockedDeviceModelOrSerial(modelOrSerial)	method	v2		Adds an input device model or serial name to the blocked devices list.
vrDeviceService	createInteraction(name)	method	v2	vrdDeviceInteraction	Creates a new device interaction and makes it available for mapping inputs to its actions.
vrDeviceService	createVRDevice(name)	method	v2	vrdVRDevice	Creates a virtual device. This can be used to integrate custom hand tracking wtih python.
vrDeviceService	deactivateInteraction(interaction)	method	v2		Deactivates an interaction. The interaction will not receive input signals anymore.
vrDeviceService	deleteVRDevice(device)	method	v2		Removes a virtual device.
vrDeviceService	getActiveInteractionGroup()	method	v2	string	Gets the currently active interaction group.
vrDeviceService	getBlockedDeviceModelsOrSerials()	method	v2	List[string]	Note: This is not available in OpenXR mode due to API limitations.
vrDeviceService	getConnectedVRDevices()	method	v2	List[vrdVRDevice]	Gets the connected VR devices like controllers or trackers.
vrDeviceService	getInteraction(name)	method	v2	vrdDeviceInteraction	Gets an interactions that is already known to the service.
vrDeviceService	getInteractions()	method	v2	List[vrdDeviceInteraction]	Gets all interactions that are known to the service.
vrDeviceService	getLeftTrackedHand()	method	v2	vrdTrackedHand	Get the left hand from hand tracker.
vrDeviceService	getRightTrackedHand()	method	v2	vrdTrackedHand	Get the right hand from hand tracker.
vrDeviceService	getTrackingOrigin()	method	v2	QVector3D	Returns the tracking reference origin. Default is (0, 0, 0). Can be changed with setTrackingOrigin.
vrDeviceService	getVRDevice(name)	method	v2	vrdVRDevice	Gets an VR device, which can be a controllers or a trackers by its name.
vrDeviceService	getVRDeviceBySerialNumber(serialNumber)	method	v2	vrdVRDevice	Gets an VR device, which can be a controllers or a trackers by its serial number.
vrDeviceService	isBlockedDeviceModelOrSerial(modelOrSerial)	method	v2	bool	Note: This is not available in OpenXR mode due to API limitations.
vrDeviceService	removeBlockedDeviceModelOrSerial(modelOrSerial)	method	v2		Removes an input device model or serial name from the blocked devices list.
vrDeviceService	removeInteraction(interaction)	method	v2		Removes an interaction from the input mapping.
vrDeviceService	setActiveInteractionGroup(interactionGroup)	method	v2		Activates a group of interactions which will from now on receive all the input signals. This will also deactivate all other interaction groups as only one inter
vrDeviceService	setBlockedDeviceModelsOrSerials(modelsOrSerials)	method	v2		Sets a list of input device models or serial names which creation should be prevented.
vrDeviceService	setTrackingOrigin(position)	method	v2		Sets the tracking reference origin for tracking. Use it to correct any offsets in the scene This function always assumes Y-Up, even if Z-up is set in the scene.
vrDeviceService	deviceActionTriggered(action, device)	method	v2		The signal that is send, when the corresponding device action is triggered.
vrDeviceService	deviceCollisionStarted(otherNode, device)	method	v2		Signal is emitted when the collision sensor of a device touches a collision sensitive node.
vrDeviceService	deviceCollisionStartedByType(otherNode, device, collisionType)	method	v2		Signal is emitted when the collision sensor of a device touches a collision sensitive node, with the collision type.
vrDeviceService	deviceCollisionStopped(otherNode, device)	method	v2		Signal is emitted when the collision sensor of a device stops touching a collision sensitive node.
vrDeviceService	deviceCollisionStoppedByType(otherNode, device, collisionType)	method	v2		Signal is emitted when the collision sensor of a device stops touching a collision sensitive node, with the collision type.
vrDeviceService	deviceMoved(device)	method	v2		Signal that is triggered, when a VR device moved.
vrDeviceService	trackedHandCollisionStarted(otherNode, hand)	method	v2		Signal is emitted when the collision sensor of a tracked hand touches a collision sensitive node.
vrDeviceService	trackedHandCollisionStartedByType(otherNode, hand, collisionType)	method	v2		Signal is emitted when the collision sensor of a tracked hand touches a node, with collision type.
vrDeviceService	trackedHandCollisionStopped(otherNode, hand)	method	v2		Signal is emitted when the collision sensor of a tracked hand stops touching a collision sensitive node.
vrDeviceService	trackedHandCollisionStoppedByType(otherNode, hand, collisionType)	method	v2		Signal is emitted when the collision sensor of a tracked hand stops touching a node, with collision type.
vrFileIOService	abortImport(importId)	method	v2		Aborts an import job.
vrFileIOService	abortJobs(jobIds)	method	v2		Aborts pending or running import or export jobs.
vrFileIOService	checkCadType(file)	method	v2		Asynchronously starts querying the CAD file type of a file with the given file path. After succesfully querying the type or looking it up in a cache a fileTypeR
vrFileIOService	enableNewFormat()	method	v2		Enables the new file format, which is faster and more secure.
vrFileIOService	exportNodes(file, nodes, synchronousConversion=False)	method	v2	integer	Export nodes to a file, see also vrFileIOService.exportedFile(filename)
vrFileIOService	getBaseFileSuffix(file)	method	v2	string	Returns the file extension.
vrFileIOService	getExportSettings(fileType)	method	v2	vrdFileExportSettings	Gets the current export settings for a given CAD file type.
vrFileIOService	getExportSettingsFromPreferences(fileType)	method	v2	vrdFileExportSettings	Gets the export settings from preferences.
vrFileIOService	getFileName()	method	v2	string	Gets the current file name.
vrFileIOService	getFileTypeByFileName(file)	method	v2	vrCADFileTypes.FileType	Gets the file type by file name.
vrFileIOService	getImageReadFilter()	method	v2	string	This returns a space separated list of the supported image file types that can be loaded.
vrFileIOService	getImageWriteFilter()	method	v2	string	This returns a space separated list of the the supported image file types that can be saved.
vrFileIOService	getImportSettings(fileType)	method	v2	vrdAtfSettings	Gets the current import settings for a given CAD file type.
vrFileIOService	getImportSettingsFromPreferences(fileType)	method	v2	vrdAtfSettings	Gets the import settings from preferences.
vrFileIOService	getMaxNumImportProcesses()	method	v2	integer	Returns the maximum number import processes.
vrFileIOService	getMergeProjectAnnotations()	method	v2	bool	Flag indicates if annotations contained in a project file should be merged after loading.
vrFileIOService	getProjectMergeSettings()	method	v2	vrdProjectMergeSettings	Gets the project merge settings.
vrFileIOService	getReadFileTypesFilter(mode)	method	v2	string	Gets the filter for readable file types.
vrFileIOService	getSceneImportSettings()	method	v2	vrdSceneImportSettings	Gets the scene current scene import settings.
vrFileIOService	getSceneImportSettingsFromPreferences()	method	v2	vrdSceneImportSettings	Gets the scene import settings from preferences.
vrFileIOService	getStreamName()	method	v2	string	Gets the current stream name.
vrFileIOService	getVREDDataDir()	method	v2	string	Gets the VRED data dir. This is the 'data' subfolder of the base directory.
vrFileIOService	getVREDDir()	method	v2	string	Gets the base application directory.
vrFileIOService	getVREDExamplesDir()	method	v2	string	Gets the VRED examples dir. This is the 'examples' subfolder of the base directory.
vrFileIOService	getVREDFileTypesFilter()	method	v2	string	Gets the VRED file types filter.
vrFileIOService	getWriteFileTypesFilter(filename="", includeExportFormats=True)	method	v2	string	Gets the filter for writable file types.
vrFileIOService	hasImportSettings(file)	method	v2	bool	Determines if there are import settings for a given file.
vrFileIOService	hasImportSettings(fileType)	method	v2	bool	Determines if there are import settings for a given file type.
vrFileIOService	hasSmartReferences(file)	method	v2	bool	Queries for a OSB or VPB file if it contains smart references.
vrFileIOService	importAtfFile(file, parent)	method	v2	vrdNode	Imports a file with the ATF loader.
vrFileIOService	importFiles(files, parent, atfConversionOutputDir="", loadConvertedAtfFiles=True, removeConvertedAtfFiles=True, loadBehavior=True, convertSceneUp=True)	method	v2	integer	Imports a list of files.
vrFileIOService	importMissingFiles(node, removeConvertedAtfFiles=True)	method	v2	integer	Imports missing files from a scene node.
vrFileIOService	importPLMXMLFile(file, parent)	method	v2	vrdNode	Imports a PLMXML file and the files it references.
vrFileIOService	inlineImageSequences()	method	v2		Inlines all image sequences.
vrFileIOService	isAtfFile(file)	method	v2	bool	Checks if the given file can be imported with ATF.
vrFileIOService	isConvertedAtfTree(root)	method	v2	bool	Checks if a scene node is a converted ATF tree.
vrFileIOService	isReadOnly()	method	v2	bool	returns True if the current project is read only
vrFileIOService	isSupportedFile(file)	method	v2	bool	Checks if a given file can be imported.
vrFileIOService	isVredProject(file)	method	v2	bool	Checks if the given file is a VRED project.
vrFileIOService	jobBelongsToImport(jobId, importId)	method	v2	bool	Checks if an import identifier belongs to a given job.
vrFileIOService	loadFile(file)	method	v2	bool	Loads a file.
vrFileIOService	newFile()	method	v2		Destroy the current scene and create a new scene with an empty file name.
vrFileIOService	reimportNodes(nodes)	method	v2	List[vrdNode]	Reimports a list of nodes with referenced source files.
vrFileIOService	saveFile(file)	method	v2	bool	Saves a file.
vrFileIOService	saveNodes(file, nodes, includeEnvironmentGeometries, filterBSides=False)	method	v2	bool	Saves a number of nodes to a file.
vrFileIOService	setExportSettings(fileType, settings)	method	v2		Sets the file export settings for a given file type.
vrFileIOService	setImportSettings(fileType, settings)	method	v2		Sets the import settings for a given file type.
vrFileIOService	setKey(key)	method	v2		Sets the key for file encryption.
vrFileIOService	setMaxNumImportProcesses(value)	method	v2		Sets the maximum number of import processes.
vrFileIOService	setProjectMergeSettings(settings)	method	v2		Sets the project merge settings.
vrFileIOService	setSceneImportSettings(settings)	method	v2		Sets the scene import settings.
vrFileIOService	undoInlineImageSequences()	method	v2		Removes all inlined image sequences.
vrFileIOService	validateAtfTree(file, root, parent)	method	v2		Signals
vrFileIOService	childFileImportAdded(jobId, parentFile, childFile)	method	v2		Emitted when a child CAD file import was added.
vrFileIOService	childFileImportFinished(jobId, parentFile, childFile)	method	v2		Emitted when a child CAD file import has finished.
vrFileIOService	childrenFileConversionFinished(jobId, parentFile, durationInSeconds)	method	v2		Emitted when the conversion of all child CAD files has finished.
vrFileIOService	conversionFinished(importId, durationInSeconds)	method	v2		Emitted when a file conversion job has finished.
vrFileIOService	conversionProgressChanged(importId, percent, status)	method	v2		Emitted when the progress of the file conversion changes.
vrFileIOService	exportedFile(filename)	method	v2		Emitted after a file has been exported.
vrFileIOService	fileAddedToLoadQueue(jobId, file)	method	v2		Emitted when a new CAD file has been added to the load queue.
vrFileIOService	fileAddedToScene(jobId, file, node)	method	v2		Emitted when a CAD file has been added to the current scene.
vrFileIOService	fileConversionAborted(jobId, file)	method	v2		Emitted when a CAD file conversion has been aborted.
vrFileIOService	fileConversionFailed(jobId, file, description)	method	v2		Emitted when a CAD file conversion has failed.
vrFileIOService	fileConversionFinished(jobId, file, state, durationInSeconds)	method	v2		Emitted when the conversion of a CAD file has finished.
vrFileIOService	fileConversionProgressChanged(jobId, file, percent, status)	method	v2		Emitted when the progress of a CAD file conversion has changed.
vrFileIOService	fileConversionStarted(jobId, file)	method	v2		Emitted when the conversion of a CAD file has started.
vrFileIOService	fileConversionSucceded(jobId, file)	method	v2		Emitted when a CAD file conversion has succeded.
vrFileIOService	fileLoadingFailed(jobId, file, description)	method	v2		Emitted when loading of an imported CAD file has failed.
vrFileIOService	fileLoadingFinished(jobId, file, state)	method	v2		Emitted when loading of an imported CAD file has finished.
vrFileIOService	fileLoadingProgressChanged(jobId, file, percent, status)	method	v2		Emitted when the loading progress of an imported CAD file changes.
vrFileIOService	fileLoadingStarted(jobId, file)	method	v2		Emitted when loading of an imported CAD file starts.
vrFileIOService	fileTypeReceived(file, fileType)	method	v2		Emitted when a new CAD file type has been received.
vrFileIOService	importFinished(importId, durationInSeconds)	method	v2		Emitted when an import job has finished.
vrFileIOService	importProgressChanged(importId, percent)	method	v2		Emitted when the import progress is updated.
vrFileIOService	loadedGeometry(filename, nodeid)	method	v2		Emitted after a geometry has been loaded.
vrFileIOService	newScene()	method	v2		Emitted after a new scene is created.
vrFileIOService	preNewScene()	method	v2		Emitted before a new scene is created.
vrFileIOService	preQuit()	method	v2		Emitted before VRED is closed.
vrFileIOService	progress(p)	method	v2		Periodically emitted to provide a percentage value of how much of the file has been loaded.
vrFileIOService	project(loading)	method	v2		Emitted after a project has been successfully loaded. This signal is sent if loading aborted with an error.
vrFileIOService	projectLoad(filename)	method	v2		Emitted when project loading starts.
vrFileIOService	projectLoaded(filename)	method	v2		Emitted after a project has been successfully loaded. This signal is not sent if loading aborted with an error.
vrFileIOService	projectLoadFinished(filename, success)	method	v2		Emitted after a project has been loaded The signal will always be sent whether loading succeeded or not.
vrFileIOService	projectMerged()	method	v2		Emitted after a project has been merged.
vrFileIOService	projectReadyToRender()	method	v2		Emitted after a project has been loaded and it is ready to render.
vrFileIOService	projectSave(filename)	method	v2		Signal is emitted when a project is about to be saved.
vrFileIOService	projectSaved(filename)	method	v2		Signal is emitted when a project has finished saving.
vrFileIOService	savedGeometry(filename)	method	v2		Emitted after a geometry has been saved.
vrFileIOService	startingConversion(importId, fileCount)	method	v2		Emitted when file conversion starts.
vrFileIOService	startingImport(importId, fileCount)	method	v2		Emitted when a file import job is started.
vrFileTypes.FileExtensionFilterMode	NativeFileTypes	data	v2		
vrFileTypes.FileExtensionFilterMode	ExternalFileTypes	data	v2		
vrFileTypes.FileExtensionFilterMode	PythonFileType	data	v2		
vrFileTypes.FileExtensionFilterMode	AllFileTypes	data	v2		
vrFileTypes.TextureCompressionMode	None_	data	v2		No compression is used.
vrFileTypes.TextureCompressionMode	Lossless	data	v2		A lossless png compression is used.
vrFileTypes.TextureCompressionMode	Lossy	data	v2		A lossy jpeg compression is used. This setting takes the quality value into account.
vrGPUService	gpuInfo()	method	v2	List[vrdGpuInfo]	Returns a list of objects with information about the gpus in the system.
vrGPUService	gpuStateInfo()	method	v2	List[vrdGpuStateInfo]	Returns a list of objects with information about the current gpu state.
vrGPUService	openGLInfo()	method	v2	vrdOpenGLInfo	Returns an object with information about OpenGL.
vrGPUService	raytracingInfo()	method	v2	vrdRaytracingInfo	Returns an object with information about Raytracing.
vrGPUTypes.OpenGLVendor	AMD	data	v2		
vrGPUTypes.OpenGLVendor	NVIDIA	data	v2		
vrGPUTypes.OpenGLVendor	Intel	data	v2		
vrGPUTypes.OpenGLVendor	Mesa	data	v2		
vrGPUTypes.OpenGLVendor	LLVMPipe	data	v2		
vrGPUTypes.OpenGLFeature	DoubleBufferedStereo	data	v2		
vrGPUTypes.OpenGLFeature	MulticastSLI	data	v2		
vrGPUTypes.OpenGLFeature	SinglePassStereo	data	v2		
vrGPUTypes.OpenGLFeature	VariableRateShading	data	v2		
vrGUIService.DialogType	Texture	data	v2		Dialog for texture files.
vrGUIService.DialogType	MeasuredMaterial	data	v2		Dialog for measured material files, e.g. X-Rite.
vrGUIService.DialogType	SubstanceArchive	data	v2		Dialog for Substance archive files.
vrGUIService.DialogType	MDLArchive	data	v2		Dialog for MDL module files.
vrGUIService.DialogType	MaterialXArchive	data	v2		Dialog for MaterialX document files.
vrGUIService.DialogType	OpenVDB	data	v2		Dialog for OpenVDB files.
vrGUIService.DialogType	GaussianSplat	data	v2		Dialog for Gaussian splat files.
vrGUIService.ViewCubePosition	TopRight	data	v2		
vrGUIService.ViewCubePosition	BottomRight	data	v2		
vrGUIService.ViewCubePosition	TopLeft	data	v2		
vrGUIService.ViewCubePosition	BottomLeft	data	v2		
vrGUIService.ViewCubeSize	Automatic	data	v2		Adapts to render window size between tiny and normal.
vrGUIService.ViewCubeSize	Tiny	data	v2		
vrGUIService.ViewCubeSize	Small	data	v2		
vrGUIService.ViewCubeSize	Normal	data	v2		
vrGUIService.ViewCubeSize	Large	data	v2		
vrGUIService	addMainWindowToolBar(toolbar)	method	v2		Adds a toolbar to the main window and also adds an entry to the Toolbar menu.
vrGUIService	getFileDialogPath(type)	method	v2	string	Returns the path that is used as an initial path for file dialogs for the given type.
vrGUIService	getIcon(name)	method	v2	QIcon	Returns the icon with the given name.
vrGUIService	getIconNames()	method	v2	List[string]	Get a list of all known iconnames The list might change from Version to Version.
vrGUIService	getViewCubeOpacity()	method	v2	float	returns The view cube opacity
vrGUIService	getViewCubePosition()	method	v2	vrGUIService.ViewCubePosition	returns The view cube position
vrGUIService	getViewCubeSize()	method	v2	vrGUIService.ViewCubeSize	returns The view cube size
vrGUIService	isNavBarVisible()	method	v2	bool	returns True, if navigation bar is visible
vrGUIService	isViewCubeVisible()	method	v2	bool	returns True, if view cube is visible
vrGUIService	openExportDialog(file, nodes)	method	v2		Opens the export dialog for the given nodes.
vrGUIService	openExportSceneDialog(file)	method	v2		Opens the export dialog for the scene.
vrGUIService	openImportDialog(files, parent=vrdNode())	method	v2		Opens the import dialog with the given files.
vrGUIService	removeMainWindowToolBar(toolbar)	method	v2		Removes a toolbar from the main window and also removes the entry from the Toolbar menu.
vrGUIService	setFileDialogPath(type, path)	method	v2		Sets the path that should be used as an initial path for file dialogs for the given type.
vrGUIService	setNavBarVisible(value)	method	v2		Changes navigation bar visibility.
vrGUIService	setViewCubeOpacity(value)	method	v2		Changes view cubes opacity if mouse is outside the cube area.
vrGUIService	setViewCubePosition(value)	method	v2		Changes view cube position.
vrGUIService	setViewCubeSize(value)	method	v2		Changes view cube size.
vrGUIService	setViewCubeVisible(value)	method	v2		Changes view cube visibility.
vrGUIService	viewInNewRenderWindow(nodes)	method	v2		Open a new render window for the given nodes.
vrGUIService	colorThemeChanged(newTheme)	method	v2		This signal is emitted, when the color theme has changed.
vrGUIService	recentFilesChanged()	method	v2		This signal is emitted when the list of recent files is updated.
vrGUIService	recentFilesCleared()	method	v2		This signal is emitted when the list of recent files is cleared.
vrGeometryService	applyTessellation(nodes, settings, preserveUVs=False)	method	v2		Tessellate the given nodes.
vrGeometryService	createBox(parent, size, resolutionX=10, resolutionY=10, resolutionZ=10, color=QColor(0xFFFFFFFF))	method	v2	vrdNode	Creates a box geometry.
vrGeometryService	createCone(parent, height, radius, sides=20, createSide=True, createBottom=True, color=QColor(0xFFFFFFFF))	method	v2	vrdNode	Creates a cone, or parts of it, in a given size and color.
vrGeometryService	createCylinder(parent, height, radius, sides=20, showSide=True, showTop=True, showBottom=True, color=QColor(0xFFFFFFFF))	method	v2	vrdNode	Creates a cylinder geometry.
vrGeometryService	createDome(parent, baseRadius, groundRadius, latres=64, longres=64, color=QColor(0xFFFFFFFF))	method	v2	vrdNode	Creates a dome with a given size and color.
vrGeometryService	createLine(parent, point1, point2, color=QColor(0xFFFFFFFF))	method	v2	vrdNode	Creates a line geometry.
vrGeometryService	createPlane(parent, size, resolutionX=10, resolutionY=10, color=QColor(0xFFFFFFFF))	method	v2	vrdNode	Creates a plane geometry.
vrGeometryService	createSphere(parent, radius, latres=50, longres=50, color=QColor(0xFFFFFFFF))	method	v2	vrdNode	Creates a sphere with a given size and color.
vrGeometryService	createTorus(parent, innerRadius, outerRadius, sides=32, rings=32, color=QColor(0xFFFFFFFF))	method	v2	vrdNode	Creates a torus with a given size and color.
vrGeometryService	getTessellationSettings(node=vrdNode())	method	v2	vrdTessellationSettings	Get tessellation settings from node or from parent nodes.
vrGeometryService	hasBSides(root=vrdNode())	method	v2	bool	Check, if there are geometries with B-Sides in the given tree.
vrGeometryService	hasDegenerateTriangles(root)	method	v2	bool	returns True, if given tree contains geometry with degenerate triangles
vrGeometryService	mergeGeometry(nodes, material, visibilityMode=vrGeometryTypes.VisibilityMergeMode.MergeByVisibility)	method	v2	List[vrdNode]	Merges the given geometries into one geometry.
vrGeometryService	mergeGeometryByMaterial(nodes, visibilityMode=vrGeometryTypes.VisibilityMergeMode.MergeByVisibility)	method	v2	List[vrdNode]	Merges the given geometries into one geometry for each material.
vrGeometryService	removeBSideNodes(nodes)	method	v2		Remove all nodes with B-Sides in the given trees.
vrGeometryService	setToBSide(nodes, enable)	method	v2		Enables or disables the BSide mode for the given nodes.
vrGeometryService	splitGeometry(nodes, maxPrimitives=1)	method	v2		Split the given geometries into multiple geometries.
vrGeometryService	subdivideGeometry(nodes, maxEdgeLength)	method	v2		Subdivide meshes into smaller triangles.
vrGeometryService	subdivideGeometryPhong(nodes, iterations)	method	v2		Subdivide meshes into smaller triangles using phong interpolation.
vrGeometryService	unsplitFromPrimitives(nodes)	method	v2		Combines child geometries with one triangle into a single geometry.
vrGeometryTypes.PrimitiveType	Unknown	data	v2		
vrGeometryTypes.PrimitiveType	Points	data	v2		
vrGeometryTypes.PrimitiveType	Lines	data	v2		
vrGeometryTypes.PrimitiveType	LineStrip	data	v2		
vrGeometryTypes.PrimitiveType	Triangles	data	v2		
vrGeometryTypes.DecoreMode	Remove	data	v2		Removes the occluded parts from the scene.
vrGeometryTypes.DecoreMode	SetToBSide	data	v2		Sets the occluded parts to B Side and doesn't delete them.
vrGeometryTypes.DecoreTransparentObjectMode	Ignore	data	v2		Transparent objects are ignored (i.e., they do not occlude other objects and they are not occluded by other objects). (Fastest mode)
vrGeometryTypes.DecoreTransparentObjectMode	TreatAsTransparent	data	v2		Transparent objects will not occlude other objects, but they can be occluded by non-transparent objects. (Slower, but most accurate mode)
vrGeometryTypes.DecoreTransparentObjectMode	TreatAsOpaque	data	v2		No special handling for transparent objects, they are treated as opaque.
vrGeometryTypes.DecoreSubObjectMode	None_	data	v2		No sub objects will be changed, i.e., only works on object level.
vrGeometryTypes.DecoreSubObjectMode	Components	data	v2		Works on the component level for shells.
vrGeometryTypes.DecoreSubObjectMode	Triangles	data	v2		Works on the triangle/polygon level for meshes.
vrGeometryTypes.DecoreSubObjectMode	ComponentsAndTriangles	data	v2		Works on the triangle and component level.
vrGeometryTypes.VisibilityMergeMode	MergeByVisibility	data	v2		Hidden and visible geometry nodes are merged separately.
vrGeometryTypes.VisibilityMergeMode	MergeOnlyVisible	data	v2		Merge all visible geometries and ignore the rest.
vrGeometryTypes.VisibilityMergeMode	MergeAllKeepVisibility	data	v2		Shells: Merge all components into one shell and set the correct visibility; meshes: merge all visible meshes, invisible meshes are discarded.
vrHMDService	getActiveOpenXRRuntimeName()	method	v2	string	returns Returns the active OpenXR runtime's name as a string
vrHMDService	getActiveOpenXRSystemName()	method	v2	string	returns Returns the active OpenXR system's name as a string
vrHMDService	getDefaultRenderMode()	method	v2	vrXRealityTypes.XRRenderMode	Gets the render mode that will be used on HMD activation.
vrHMDService	getDepthTextureEnabled()	method	v2	bool	Checks if depth textures for positional timewarp are enabled.
vrHMDService	getEyeGaze()	method	v2	vrdEyeGaze	Returns tracked eye gaze data while eye tracking is active. Without eye tracking returns the forward looking ray of the HMD user. The gaze ray is in world coord
vrHMDService	getEyeTrackingEnabled()	method	v2	bool	Returns whether eye tracking should be enabled in VR. Please note this does not tell whether the HMD actually supports eye tracking or whether eye tracking is c
vrHMDService	getFovealRegionSize()	method	v2	float	Gets the size of the foveal region in foveated rendering mode.
vrHMDService	getFoveatedRenderingEnabled()	method	v2	bool	Returns whether foveated rendering should be enabled in VR. Please note this does not tell whether the graphics card actually supports foveated rendering.
vrHMDService	getFoveatedRenderingQuality(preset)	method	v2	vrdFoveatedQuality	Gets the quality settings for a given preset.
vrHMDService	getFoveatedRenderingQualityPreset()	method	v2	vrRenderTypes.FoveatedQualityPreset	Gets the quality preset that is used for foveated rendering. Get the individual settings for the preset with getFoveatedRenderingQuality(vrRenderTypes::Foveated
vrHMDService	getMixedRealityDepthEstimationEnabled()	method	v2	bool	Checks if the depth testing for mixed reality is enabled.
vrHMDService	getMixedRealityEyeOffsetPercentage()	method	v2	float	Get the offset between the camera and the eye for mixed reality in percentage.
vrHMDService	getMixedRealityHandDepthEstimationEnabled()	method	v2	bool	Checks if the depth testing for mixed reality is enabled.
vrHMDService	getOpenXRDepthLayerCompositionEnabled()	method	v2	bool	returns Returns if the depth composition layers should be submitted to OpenXR runtimes.
vrHMDService	getVarjoRenderSettings()	method	v2	vrdVarjoRenderSettings	Get current render settings that are specific for the Varjo HMD.
vrHMDService	getXRRenderMode()	method	v2	vrXRealityTypes.XRRenderMode	Gets the currently set XR rendering mode.
vrHMDService	isEyeTrackingActive()	method	v2	bool	Returns whether eye tracking is currently active. It can only be active if enabled, while in VR and if the HMD has an eye tracker supported by VRED.
vrHMDService	isHmdActive()	method	v2	bool	Check if an HMD (VR) display mode is active.
vrHMDService	isMarkerTrackingSupported()	method	v2	bool	returns True if the currently active HMD supports marker tracking
vrHMDService	isMixedRealityDepthEstimationSupported()	method	v2	bool	returns True if the currently active HMD supports depth testing in mixed reality
vrHMDService	isMixedRealitySupported()	method	v2	bool	Checks if the currently activated HMD supports mixed reality.
vrHMDService	isXRRenderModeSupported(mode)	method	v2	bool	Checks if a XR render mode is supported by the currently active HMD.
vrHMDService	setDefaultRenderMode(mode)	method	v2		Sets the render mode that will be used on HMD activation.
vrHMDService	setDepthTextureEnabled(enabled)	method	v2		Enables/Disables depth textures for positional timewarp if available.
vrHMDService	setEyeTrackingEnabled(enabled)	method	v2		Enables or disables eye tracking in VR if supported by the connected HMD. If the option is set before VR mode is enabled, it is applied when entering VR. Enable
vrHMDService	setFovealRegionSize(size)	method	v2		Sets the size of the foveal region in foveated rendering mode. See vrHMDService.setFoveatedRenderingEnabled(enabled).
vrHMDService	setFoveatedRenderingCustomQuality(quality)	method	v2		Allows to set a custom configuration for the shading qualities used in foveated rendering mode. Enable the custom quality by setting vrHMDService.setFoveatedRen
vrHMDService	setFoveatedRenderingEnabled(enabled)	method	v2		Enables or disables foveated rendering in VR. This requires the OpenGL Shading Rate Image extension which is supported by NVIDIA Turing graphics cards. If the o
vrHMDService	setFoveatedRenderingQualityPreset(preset)	method	v2		Set the quality preset used for foveated rendering.
vrHMDService	setMixedRealityDepthEstimationEnabled(enabled)	method	v2		Enables/Disables depth testing for mixed reality if supported. Depth testing allows the real world to occlude parts of the rendered image.
vrHMDService	setMixedRealityEyeOffsetPercentage(offset)	method	v2		Set the offset between the camera and the eye for mixed reality in percentage. This is needed to match the mr videos point of view to the renderings point of vi
vrHMDService	setMixedRealityHandDepthEstimationEnabled(enabled)	method	v2		Enables/Disables depth testing for mixed reality if supported. Depth testing allows the real world hands to occlude parts of the rendered image.
vrHMDService	setOpenXRDepthLayerCompositionEnabled(enable)	method	v2		Enables or disables the submission of depth composition layers to provide depth information to OpenXR runtimes, which can be used for positional time warp or mi
vrHMDService	setVarjoRenderSettings(settings)	method	v2		Apply specific render settings for the Varjo HMD. Changes to these settings take effect on next activation of Varjo HMD mode.
vrHMDService	setXRRenderMode(mode)	method	v2		Sets the XR rendering mode of the HMD if available.
vrHMDService	eyeGazeChanged()	method	v2		This signal is triggered every frame while eye tracking is active.
vrHMDService	foveatedRenderingStateChanged(enabled)	method	v2		This signal is triggered when the state of foveated rendering changed.
vrHMDService	handDepthEstimationChanged(enabled)	method	v2		This signal is triggered when the depth testing in MR has been enabled or disabled.
vrHMDService	hmdStatusChanged(active)	method	v2		This signal is triggered when HMD (VR) display mode is switched on or off.
vrHMDService	hmdStatusWillChange(active)	method	v2		This signal is triggered just before the HMD (VR) display mode is switched on or off.
vrHMDService	XRRenderModeChanged(mode)	method	v2		This signal is triggered when the XR render mode has changed.
vrHandTypes.HandRole	Undefined	data	v2		
vrHandTypes.HandRole	LeftHand	data	v2		
vrHandTypes.HandRole	RightHand	data	v2		
vrHandTypes.FingerType	Thumb	data	v2		
vrHandTypes.FingerType	Index	data	v2		
vrHandTypes.FingerType	Middle	data	v2		
vrHandTypes.FingerType	Ring	data	v2		
vrHandTypes.FingerType	Pinky	data	v2		
vrHandTypes.HandTrackingGesture	NoGesture	data	v2		
vrHandTypes.HandTrackingGesture	TapPalmGesture	data	v2		
vrHandTypes.HandTrackingGesture	TapToBackOfHandGesture	data	v2		
vrHandTypes.HandTrackingGesture	ThreeGesture	data	v2		
vrHandTypes.HandTrackingGesture	PointingGesture	data	v2		
vrHandTypes.HandTrackingGesture	PinchingGesture	data	v2		
vrHandTypes.HandTrackingType	CustomHandTracking	data	v2		
vrHandTypes.HandTrackingType	VarjoUltraleapHandTracking	data	v2		
vrImageService	createImage(source=vrdImage())	method	v2	vrdImage	Creates an empty image.
vrImageService	getShareMode()	method	v2	vrImageTypes.ShareMode	Returns the current share mode for images.
vrImageService	loadImage(filename, loadType=vrImageTypes.LoadType.Default, loadOptions=0)	method	v2	vrdImage	Loads an image.
vrImageService	loadImage(image, path="image.png", loadType=vrImageTypes.LoadType.Default, loadOptions=0)	method	v2	vrdImage	Loads an image from a QImage.
vrImageService	readImageInformation(filename)	method	v2	string	Reads an image information.
vrImageService	releaseImage(image)	method	v2		In case a loaded image is not needed, this method can be used to release (remove) it. Images only need to be released if they are never passed to VRED, as soon 
vrImageService	reuseImage(source)	method	v2	vrdImage	Re-use an image from scene instead of source.
vrImageService	saveImage(image, filename)	method	v2	bool	Saves an image.
vrImageService	saveImageSequence(image, directory)	method	v2	bool	Saves an image sequence.
vrImageService	setShareMode(mode)	method	v2		Sets the current share mode for images.
vrImageTypes.LoadOptionsBitmask	DontReuse	data	v2		Simply return the loaded image instead of trying to reuse an existing image from the scene that has the same data as the loaded image.
vrImageTypes.LoadType	Default	data	v2		Default is for all kinds of images and textures for which no specific type is available. E.g. Sceneplate images, diffuse textures.
vrImageTypes.LoadType	Environment	data	v2		Environment is for loading and converting the image into the format used by vrdSphereEnvironmentMaterial.
vrImageTypes.LoadType	Bump	data	v2		Bump is for loading and converting an image to be used for bump mapping (see vrdBumpTexture).
vrImageTypes.LoadType	Displacement	data	v2		Displacement is for loading and converting an image to be used for displacement mapping (see vrdDisplacementTexture).
vrImageTypes.LoadType	RawData	data	v2		When using RawData option for loading an image the data is used "as is" and is not converted to another color space. Use it for images containing data like vect
vrImageTypes.ShareMode	Always	data	v2		Images will be shared always.
vrImageTypes.ShareMode	SameFileName	data	v2		Images will be shared only if they have the same file name (base name + extension).
vrImageTypes.ShareMode	SameAbsolutePath	data	v2		Images will be shared only if they have the same absolute file path (path + base name + extension).
vrImmersiveInteractionService	activateGroundCalibrationMode(rightHand)	method	v2		Start ground calibration.
vrImmersiveInteractionService	createMultiMarker(multiMarkerName, markerNames, markerType)	method	v2	vrdMultiMarker	Creates a multi marker by averaging the pose of multiple regular markers.
vrImmersiveInteractionService	getActiveHMDSupportsHandTracking()	method	v2	bool	returns True, if hand tracking is supported
vrImmersiveInteractionService	getAutoCreateCollisionObjects()	method	v2	bool	Returns whether collision objects are automatically created.
vrImmersiveInteractionService	getControllerVisualizationMode()	method	v2	vrVRInputDeviceTypes.VisualizationMode	Returns the current controller visualization mode.
vrImmersiveInteractionService	getControlMode()	method	v2	vrImmersiveInteractionTypes.ControlMode	Returns the current control mode.
vrImmersiveInteractionService	getDetectedMarkers(markerType)	method	v2	List[vrdMarker]	Gets all detected markers of a given type.
vrImmersiveInteractionService	getHandTrackingEnabled()	method	v2	bool	returns True, if hand tracking is enabled
vrImmersiveInteractionService	getHandTrackingOffset()	method	v2	QMatrix4x4	returns The tracking offset from the head to the tracker
vrImmersiveInteractionService	getHandTrackingType()	method	v2	vrHandTypes.HandTrackingType	returns The current hand tracking type
vrImmersiveInteractionService	getMarker(name, markerType)	method	v2	vrdMarker	Gets a marker that has already been detected.
vrImmersiveInteractionService	getMinMarkerConfidence()	method	v2	float	See also: setMinMarkerConfidence.
vrImmersiveInteractionService	getPointerRayScaleRange()	method	v2	QVector2D	returns Pointer ray scale range [min, max]. A value of 1.0 equals 100 percent scaling.
vrImmersiveInteractionService	getPointerScalingDistance()	method	v2	float	returns Pointer scaling distance in scene units
vrImmersiveInteractionService	getPointerSphereScaleRange()	method	v2	QVector2D	returns Pointer sphere scale range [min, max]. A value of 1.0 equals 100 percent scaling.
vrImmersiveInteractionService	getPreferredTooltipsMode()	method	v2	bool	Returns whether to show tooltips on start.
vrImmersiveInteractionService	getRelativeTeleportOrientation()	method	v2	bool	Returns if the angle of the orientation is taken from the wrists absolute or relative rotation.
vrImmersiveInteractionService	getShowTrackedHandsInMR()	method	v2	bool	returns True, if the tracked hands visualization is shown in mixed reality mode
vrImmersiveInteractionService	getTeleportAvailability()	method	v2	List[vrXRealityTypes.XRRenderMode]	Gets in which render modes the teleport is available.
vrImmersiveInteractionService	getTeleportGroundHeight()	method	v2	float	Returns the height of the ground plane used in "On Ground Plane" teleport mode.
vrImmersiveInteractionService	getTeleportGroundMode()	method	v2	vrImmersiveInteractionTypes.TeleportGroundMode	Returns the current teleport ground mode.
vrImmersiveInteractionService	getTeleportRange()	method	v2	float	Returns the maximum teleport distance.
vrImmersiveInteractionService	getUseBoundingBoxCollisionObjects()	method	v2	bool	Returns whether bounding box colliders are used for automatically created collision objects.
vrImmersiveInteractionService	hideControllerMessage(message)	method	v2		Hide a controller message.
vrImmersiveInteractionService	isHandTrackingGestureEnabled(gesture, leftHand)	method	v2	bool	Get if VRED detects a hand gesture while hand tracking is active.
vrImmersiveInteractionService	isHmdActive()	method	v2	bool	Check if an HMD (VR) display mode is active.
vrImmersiveInteractionService	pickingMoved(hit)	method	v2		Triggers a pointer move event.
vrImmersiveInteractionService	pickingPressed(hit)	method	v2		Triggers a pointer button pressed event.
vrImmersiveInteractionService	pickingReleased(hit)	method	v2		Triggers a pointer button released event.
vrImmersiveInteractionService	setAutoCreateCollisionObjects(automatic)	method	v2		Toggles collision object creation for touch-sensors and web-engines.
vrImmersiveInteractionService	setControllerVisualizationMode(mode)	method	v2		Sets the visualization mode for the HMD controllers.
vrImmersiveInteractionService	setControlMode(mode)	method	v2		Sets the controle mode and corresponding button mappings for the immersive interactions.
vrImmersiveInteractionService	setDefaultInteractionsActive(active)	method	v2		Activates or deactivates all built-in interaction tools (teleport, pointer).
vrImmersiveInteractionService	setHandTrackingEnabled(value)	method	v2		Use hand tracking device instead of VR controllers.
vrImmersiveInteractionService	setHandTrackingGestureEnabled(gesture, leftHand, enable)	method	v2		Set if VRED should detect a hand gesture while hand tracking is active.
vrImmersiveInteractionService	setHandTrackingOffset(offset)	method	v2		The mounting point of the tracking device on the HMD.
vrImmersiveInteractionService	setHandTrackingType(type)	method	v2		Sets the hand tracking device type that should be used.
vrImmersiveInteractionService	setInteractionActive(name, active)	method	v2		Activates or deactivates the specified interaction tool. Built-in interactions are named "Teleport", "Pointer".
vrImmersiveInteractionService	setMarkerTrackingType(markerIds, trackingType)	method	v2		See also: vrdMarker.setTrackingType.
vrImmersiveInteractionService	setMinMarkerConfidence(confidence)	method	v2		Sets the minimum marker confidence. When markers are detected with a lower confidence they will be ignored. Markers that are already known to the system will no
vrImmersiveInteractionService	setPointerRayScaleRange(value)	method	v2		Sets a minimum and maximum scale value for the pointer ray. A value of 1.0 equals 100 percent scaling.
vrImmersiveInteractionService	setPointerScalingDistance(value)	method	v2		Sets the distance at which the pointer scaling is 100 percent.
vrImmersiveInteractionService	setPointerSphereScaleRange(value)	method	v2		Sets a minimum and maximum scale value for the pointer sphere. A value of 1.0 equals 100 percent scaling.
vrImmersiveInteractionService	setPreferredControllerVisualizeMode(mode)	method	v2		Toggles the default visualisation style for the hands.
vrImmersiveInteractionService	setPreferredTooltipsMode(show)	method	v2		Toggles whether to show tooltips when the session starts.
vrImmersiveInteractionService	setRelativeTeleportOrientation(isRelative)	method	v2		Sets if the angle of the orientation is taken from the wrists absolute or relative rotation.
vrImmersiveInteractionService	setShowTrackedHandsInMR(showHands)	method	v2		Set if VRED should show the tracked hands visualization in mixed reality mode.
vrImmersiveInteractionService	setTeleportAvailability(modes)	method	v2		Sets in which render modes the teleport is available.
vrImmersiveInteractionService	setTeleportGroundHeight(height)	method	v2		Sets the height of the ground plane for the "On Ground Plane" teleport mode.
vrImmersiveInteractionService	setTeleportGroundMode(mode)	method	v2		Sets whether to teleport on scene geometries, or to teleport only on a virtual ground plane.
vrImmersiveInteractionService	setTeleportRange(range)	method	v2		Sets the maximum teleport distance.
vrImmersiveInteractionService	setUseBoundingBoxCollisionObjects(useBoundingBox)	method	v2		Enable bounding box colliders for automatically created collision objects.
vrImmersiveInteractionService	setViewpointMode(adjustHeight, adjustOrientation=True, adjustPosition=True)	method	v2		Changes the default behavior for viewpoint selection. The actual camera position is the transformation of a viewpoint plus the transformation of the hmd. If adj
vrImmersiveInteractionService	showControllerMessage(data, rightHand)	method	v2	vrdNode	Show a controller message depending on the provided data.
vrImmersiveInteractionService	automaticCollisionObjectCreationChanged(automatic)	method	v2		Notifies about changed automatic collision-object creation preference.
vrImmersiveInteractionService	controllerVisualizationModeChanged(mode)	method	v2		Notifies about changed hand visualisation style.
vrImmersiveInteractionService	hmdStatusChanged(active)	method	v2		This signal is triggered when HMD (VR) display mode is switched on or off.
vrImmersiveInteractionService	markersDetected(markers)	method	v2		This signal is triggered when new markers are detected that have a confidence that is equal or higher than minimum marker confidence.
vrImmersiveInteractionService	markersUpdated(markers)	method	v2		This signal is triggered when new markers are detected that have a confidence that is equal or higher than minimum marker confidence.
vrImmersiveInteractionService	showTooltipsOnStartChanged(show)	method	v2		Notifies about changed show tooltips on start.
vrImmersiveInteractionService	teleportGroundModeChanged(mode)	method	v2		Notifies about changed teleport ground mode.
vrImmersiveInteractionTypes.TeleportGroundMode	OnGeometry	data	v2		Teleport onto a geometry.
vrImmersiveInteractionTypes.TeleportGroundMode	OnGroundPlane	data	v2		Teleport onto the virtual ground plane.
vrImmersiveInteractionTypes.ControlMode	TriggerPointer	data	v2		Use the trigger for the pointer tool.
vrImmersiveInteractionTypes.ControlMode	ButtonPointer	data	v2		Use the button / touchpad for the pointer tool.
vrImmersiveUiService	createMenu(name="")	method	v2	vrdImmersiveMenu	Creates a new VR menu.
vrImmersiveUiService	createTool(name="", group="Tools")	method	v2	vrdImmersiveTool	Creates a new VR tool visible on the VR tools menu.
vrImmersiveUiService	deleteMenu(menu)	method	v2		Removes a VR menu.
vrImmersiveUiService	deleteMenu(name)	method	v2		Removes a VR menu by name.
vrImmersiveUiService	deleteTool(tool)	method	v2		Removes a VR tool.
vrImmersiveUiService	deleteTool(name)	method	v2		Remove a VR tool by name.
vrImmersiveUiService	findMenu(name)	method	v2	vrdImmersiveMenu	Find a VR menu by name.
vrImmersiveUiService	findTool(name)	method	v2	vrdImmersiveTool	Find a VR tool by name.
vrImmersiveUiService	getHideParticipantsVRPanel()	method	v2	bool	Get participants hide option.
vrImmersiveUiService	getHideStatusVRPanel()	method	v2	bool	Get status panel hide option.
vrImmersiveUiService	getMenuRepositionDistanceThreshold()	method	v2	float	Gets the current menu repositioning distance.
vrImmersiveUiService	getMenuRepositionYawThreshold()	method	v2	float	Gets the current menu repositioning yaw angle.
vrImmersiveUiService	getTools()	method	v2	List[vrdImmersiveTool]	returns A list of all existing vr tools
vrImmersiveUiService	openToolsSubMenu(content)	method	v2		Opens a new tools sub menu with the given html content.
vrImmersiveUiService	openToolsSubMenu(widget)	method	v2		Opens a new tools sub menu with the given widget.
vrImmersiveUiService	openToolsSubMenu(tool)	method	v2		Opens the tools sub menu of the given vrdImmersiveTool.
vrImmersiveUiService	refreshFilteredTools()	method	v2		Updates the filtered tools list and notifies all menus.
vrImmersiveUiService	setHideParticipantsVRPanel(value)	method	v2		Hides the participants panel in the vr menu.
vrImmersiveUiService	setHideStatusVRPanel(value)	method	v2		Hides the status panel with the current time in the vr menu.
vrImmersiveUiService	setMenuRepositionDistanceThreshold(distance)	method	v2		Sets the distance for menu repositioning in XR.
vrImmersiveUiService	setMenuRepositionYawThreshold(rotation)	method	v2		Sets the yaw rotation angle for menu repositioning.
vrImmersiveUiService	showMenuIconBar(show, rightHand=False)	method	v2		Shows the menu icon bar.
vrImmersiveUiService	showToolsMenu(show, rightHand=False)	method	v2		Opens or closes the VR tools menu.
vrImmersiveUiService	toggleMenuIconBar(rightHand=False)	method	v2	bool	Toggles the menu icon bar.
vrImmersiveUiService	toggleToolsMenu(rightHand=False)	method	v2	bool	Toggles show/hide VR tools menu.
vrImmersiveUiService	toolChecked(tool)	method	v2		Signal emitted, if a tool button is switched on.
vrImmersiveUiService	toolClicked(tool)	method	v2		Signal emitted, if a tool button is clicked.
vrImmersiveUiService	toolSubMenuClosed(tool)	method	v2		Signal emitted, if a tool sub menu is closed.
vrImmersiveUiService	toolSubMenuOpened(tool)	method	v2		Signal emitted, if a tool sub menu is opened.
vrImmersiveUiService	toolUnchecked(tool)	method	v2		Signal emitted, if a tool button is switched off.
vrLensFlareTypes.ElementType	Ghost	data	v2		
vrLensFlareTypes.ElementType	GhostLine	data	v2		
vrLensFlareTypes.ElementType	Glow	data	v2		
vrLensFlareTypes.ElementType	Ring	data	v2		
vrLensFlareTypes.ElementType	Starburst	data	v2		
vrLensFlareTypes.ElementType	Streak	data	v2		
vrLensFlareTypes.ElementShape	Circle	data	v2		
vrLensFlareTypes.ElementShape	Triangle	data	v2		
vrLensFlareTypes.ElementShape	Quad	data	v2		
vrLensFlareTypes.ElementShape	Pentagon	data	v2		
vrLensFlareTypes.ElementShape	Hexagon	data	v2		
vrLensFlareTypes.ElementShape	Heptagon	data	v2		
vrLensFlareTypes.ElementShape	Octagon	data	v2		
vrLensFlareTypes.ElementShape	Nonagon	data	v2		
vrLensFlareTypes.ElementShape	Decagon	data	v2		
vrLensFlareTypes.ElementShape	Texture	data	v2		
vrLensFlareTypes.StarShape	Fan	data	v2		
vrLensFlareTypes.StarShape	Spike	data	v2		
vrLensFlareTypes.StarShape	Blade	data	v2		
vrLensFlareTypes.StarShape	Texture	data	v2		
vrLensFlareTypes.PresetType	Custom	data	v2		
vrLensFlareTypes.PresetType	HeadLampBlueSteel	data	v2		
vrLensFlareTypes.PresetType	HeadLampRingBurst	data	v2		
vrLensFlareTypes.PresetType	TailLampRadicalRed	data	v2		
vrLensFlareTypes.PresetType	TailLampRubyRed	data	v2		
vrLensFlareTypes.PresetType	SunWarm	data	v2		
vrLensFlareTypes.PresetType	SunCool	data	v2		
vrLensFlareTypes.PresetType	StreetLamp	data	v2		
vrLightService	convertLight(lightNode, lightType)	method	v2		Converts a light node to a light of another type. Note: This will invalidate this node object.
vrLightService	convertLights(nodes, lightType)	method	v2		Converts light nodes to lights of another type. Note: This will invalidate these node objects.
vrLightService	copyLensFlare(effect)	method	v2		Adds a lens flare effect to the copy buffer.
vrLightService	copyLensFlareElements(elements)	method	v2		Add lens flares to the copy buffer.
vrLightService	copyLensFlareGhosts(ghosts)	method	v2		Copy all ghosts to copy buffer.
vrLightService	copyLights(nodes)	method	v2		Copy all given light nodes from light graph to the clipboard. The clipboard is cleared each time before a new copy.
vrLightService	createLight(name, type, parent=vrdNode())	method	v2	vrdNode	Create a new light node in light graph.
vrLightService	createLightGroup(name, parent=vrdNode())	method	v2	vrdNode	Create a new light group.
vrLightService	createLightGroup(name, nodes)	method	v2	vrdNode	Create a new light group out of some lights.
vrLightService	createLightLinkSet(name="")	method	v2	vrdLightLinkSetNode	Create a new light link set.
vrLightService	duplicateLensFlareElements(light, elements)	method	v2		Duplicates lens flare elements of a light and adds them to the same light.
vrLightService	duplicateLensFlareGhosts(ghostLine, ghosts)	method	v2		Duplicates lens flare ghosts of a ghost line and adds them to the same ghost line.
vrLightService	duplicateLights(nodes)	method	v2		Duplicate all given light nodes from light graph. The duplicated nodes will be added under the same parent as the original node.
vrLightService	findLight(name)	method	v2	vrdNode	Find a light node with a given name in the light graph.
vrLightService	findLights(name)	method	v2	List[vrdNode]	Find all light nodes with a given name.
vrLightService	getAllLights(sceneGraph)	method	v2	List[vrdNode]	Return all light nodes.
vrLightService	getHeadlight()	method	v2	vrdBaseLightNode	Returns the head light node.
vrLightService	getLightLinksRoot()	method	v2	vrdNode	Returns the root node of light sets, that contains all light sets.
vrLightService	getLightRoot()	method	v2	vrdNode	Returns the root node of lights, that contains all lights and lens flares.
vrLightService	getLightsClipboard()	method	v2	List[vrdNode]	returns The list of light nodes from the clipboard.
vrLightService	getSelectedLensFlareElements()	method	v2	List[vrdLensFlareElement]	Get the selected lens flare elements.
vrLightService	getSelectedLensFlareGhosts()	method	v2	List[vrdLensFlareGhost]	Gets currently selected ghosts.
vrLightService	getSelectedNodes()	method	v2	List[vrdNode]	Returns all current selected light nodes from internal buffer.
vrLightService	hasCopiedGhosts()	method	v2	bool	Check if ghost elements are available in clipboard.
vrLightService	hasCopiedLensFlareEffect()	method	v2	bool	Checks is a lens flare effect is available in the clipboard.
vrLightService	hasCopiedLensFlareElements()	method	v2	bool	Check if lens flare elements are available in clipboard.
vrLightService	isHeadLight(light)	method	v2	bool	Check if the given node is the head light node.
vrLightService	isLightsClipboardEmpty()	method	v2	bool	Check if light nodes are available in clipboard.
vrLightService	loadLights(paths)	method	v2	List[vrdNode]	load lights from OpenSG Binary Geometry or VRED Project Binary file
vrLightService	pasteLensFlare(lights)	method	v2		Pastes a lens flare effect from the copy buffer to one or more lights.
vrLightService	pasteLensFlareElements(light)	method	v2		Pastes lens flare elements from the clipboard to a light.
vrLightService	pasteLensFlareGhosts(ghostLine)	method	v2		Paste all ghosts from copy buffer to a ghost line.
vrLightService	pasteLights(targetNodes)	method	v2		Paste all given light nodes from clipboard to the graph. The clipboard content is kept unchanged.
vrLightService	removeLightLinkSets(nodes)	method	v2		Remove light link sets.
vrLightService	removeLights(nodes)	method	v2		Remove all given light nodes from light graph.
vrLightService	saveLights(nodes, path)	method	v2	bool	Collects all lights recursively in the given nodes and saves them as a OpenSG Binary Geometry file.
vrLightService	setSelectedLensFlareElements(elements)	method	v2		Set all selected lens flare elements.
vrLightService	setSelectedLensFlareGhosts(ghosts)	method	v2		Set selected ghosts. All currently selected ghosts will be reset to not select. A vrLightService.lensFlareGhostSelectionChanged(ghosts) signal will be emitted.
vrLightService	setSelectedNodes(nodes)	method	v2		Set all selected light nodes. All current selected nodes will be reset to not select. Almost all commands of light service works on selected nodes. A vrLightSer
vrLightService	validateLights()	method	v2		Validates if all lights in the scene graph have a corresponding light in the light graph and vice versa. Lights without a valid parent will be removed. A vrLigh
vrLightService	lensFlareElementSelectionChanged(elements)	method	v2		Signal will be emitted if selection buffer of lens flare elements was changed.
vrLightService	lensFlareGhostSelectionChanged(ghosts)	method	v2		Signal will be emitted if the list of selected ghost was changed.
vrLightService	lightLinkSetsChanged()	method	v2		Signal will be emitted if light link set are added or removed.
vrLightService	lightsConverted(lightIds)	method	v2		Signal that will be emitted when lights are converted to different light types.
vrLightService	lightsStateChanged()	method	v2		Signal is emitted when then on/off state of any light changes in either the light graph or the scene graph.
vrLightService	lightsValidated()	method	v2		Signal that is send after lights have been validated.
vrLightService	nodesAdded(nodes)	method	v2		Signal will be emitted if light nodes was added.
vrLightService	nodesChanged(nodes)	method	v2		Signal will be emitted if light nodes was changed.
vrLightService	nodeSelectionChanged(nodes)	method	v2		Signal will be emitted if selection buffer of light nodes was changed.
vrLightService	nodesRemoved(nodes)	method	v2		Signal will be emitted if light nodes was removed.
vrLightTypes.Attenuation	None_	data	v2		Keeps the intensity of the light constant, in relation to the distance of the light source.
vrLightTypes.Attenuation	Linear	data	v2		Decreases light intensity linearly, in relation to the distance of the light source.
vrLightTypes.Attenuation	Realistic	data	v2		Decreases light intensity quadratically, in relation to the distance of the light source to an illuminated object.
vrLightTypes.LightType	Directional	data	v2		
vrLightTypes.LightType	Point	data	v2		
vrLightTypes.LightType	Spot	data	v2		
vrLightTypes.LightType	Rectangular	data	v2		
vrLightTypes.LightType	Disk	data	v2		
vrLightTypes.LightType	Spherical	data	v2		
vrLightTypes.LightType	Ray	data	v2		
vrLightTypes.Unit	Lumen	data	v2		
vrLightTypes.Unit	Candela	data	v2		
vrLightTypes.Unit	Lux	data	v2		
vrLightTypes.Unit	CandelaPerSquaremeter	data	v2		
vrLightTypes.VolumeIlluminationMode	On	data	v2		Enables lighting on volumes.
vrLightTypes.VolumeIlluminationMode	Off	data	v2		Disables lighting on volumes.
vrLightTypes.VolumeIlluminationMode	Only	data	v2		Enables lighting only for volumes.
vrLiveReferenceService	findLiveReference(object)	method	v2	vrdLiveReferenceNode	Try to find the live reference that contains the given scene object.
vrLiveReferenceService	getLockOverlayEnabled()	method	v2	bool	Get the lock overlay enabled state.
vrLiveReferenceService	getReferences()	method	v2	List[vrdLiveReferenceNode]	Get all live references currently connected to VRED.
vrLiveReferenceService	getSearchPath(file)	method	v2	Dict[vrLiveReferenceTypes.SearchOption, string]	Get the search path for the given file.
vrLiveReferenceService	getSelection()	method	v2	List[vrdLiveReferenceNode]	Get currently selected live reference.
vrLiveReferenceService	getStorePath()	method	v2	string	Get the path to the live reference data.
vrLiveReferenceService	importChanges(node)	method	v2	bool	Applies Alias changes to the VRED scene.
vrLiveReferenceService	importFile(filename, parent=vrdNode(), applyMaterialsFromAssetManager=False)	method	v2	vrdLiveReferenceNode	Import interop file.
vrLiveReferenceService	isLiveReferenceObject(object)	method	v2	bool	returns True if the given object is part of a live reference
vrLiveReferenceService	reload(node)	method	v2	vrdLiveReferenceNode	Dismisses all VRED changes and reload all data from Alias.
vrLiveReferenceService	removeLiveReference(node)	method	v2		Removes the live link to the source file.
vrLiveReferenceService	setLockOverlayEnabled(enabled)	method	v2		Set the lock overlay enabled state.
vrLiveReferenceService	setSelection(references)	method	v2		Sets the currently selected live references.
vrLiveReferenceService	setStorePath(path)	method	v2		Get the store path for the live reference data.
vrLiveReferenceService	openCreateLiveReferencesDialog()	method	v2		This triggers the create reference dialog.
vrLiveReferenceService	referenceChanged()	method	v2		This signal is emitted, whenever a live reference is moved, created or removed.
vrLiveReferenceService	referenceLocked(sourceFile, lockFile, success)	method	v2	bool	This signal is emitted, whenever a live reference is locked during an update request.
vrLiveReferenceService	selectionChanged(references)	method	v2		This signal is emitted, whenever a live reference is selected.
vrLiveReferenceTypes.SearchOption	EnvironmentVariable	data	v2		
vrLiveReferenceTypes.SearchOption	Preferences	data	v2		
vrLiveReferenceTypes.SearchOption	WireHeader	data	v2		
vrLiveReferenceTypes.SearchOption	SourceLocation	data	v2		
vrLogService	error(message, context={})	method	v2		Adds a new error log message.
vrLogService	getLogType()	method	v2	vrLogTypes.LogType	returns The current active log type.
vrLogService	info(message, context={})	method	v2		Adds a new info log message.
vrLogService	isLogEnabled()	method	v2	bool	returns True if logging is enabled, False otherwise.
vrLogService	setLogEnabled(value)	method	v2		Enables or disables logging.
vrLogService	setLogLevel(level)	method	v2		Sets a log level.
vrLogService	setLogType(type)	method	v2		Sets the log message type.
vrLogService	warning(message, context={})	method	v2		Adds a new warning log message.
vrLogTypes.Level	Error	data	v2		Only errors will be output.
vrLogTypes.Level	Warning	data	v2		Warnings and Errors will be output.
vrLogTypes.Level	Info	data	v2		Info, Warnings and Errors will be output.
vrLogTypes.LogType	Error	data	v2		
vrLogTypes.LogType	Warning	data	v2		
vrLogTypes.LogType	Info	data	v2		
vrLogTypes.LogType	ErrorWarning	data	v2		Predefined combination for Errors and Warnings.
vrLogTypes.LogType	ErrorInfo	data	v2		Predefined combination for Errors and Infos.
vrLogTypes.LogType	WarningInfo	data	v2		Predefined combination for Warnings and Infos.
vrLogTypes.LogType	ErrorWarningInfo	data	v2		Predefined combination for Error, Warnings and Infos.
vrLogTypes.LogType	All	data	v2		Predefined setting for all existing types.
vrMaterialEntry	getChildIndex()	method	v2	integer	Gets the index of the submaterial within its parent.
vrMaterialEntry	getGroupNode()	method	v2	vrdNode	Gets the group node.
vrMaterialEntry	getMainMaterial()	method	v2	vrdMaterial	Gets the main material.
vrMaterialEntry	getMaterial()	method	v2	vrdMaterial	Gets the main or submaterial.
vrMaterialEntry	getMaterialNode()	method	v2	vrdMaterialNode	Gets the material node.
vrMaterialEntry	getNode()	method	v2	vrdNode	Gets the group or material node.
vrMaterialEntry	getParentMaterial()	method	v2	vrdMultiMaterial	Gets the parent material.
vrMaterialEntry	getSubMaterial()	method	v2	vrdMaterial	Gets the submaterial.
vrMaterialEntry	getType()	method	v2	vrMaterialEntryType	Gets the type of the entry.
vrMaterialEntry	vrMaterialEntry()	method	v2		Creates an invalid entry.
vrMaterialEntry	vrMaterialEntry(groupNode)	method	v2		Creates a material group entry.
vrMaterialEntry	vrMaterialEntry(materialNode)	method	v2		Creates a main material entry.
vrMaterialEntry	vrMaterialEntry(parentMaterial, childIndex)	method	v2		Creates a submaterial entry.
vrMaterialEntryId	getEntry()	method	v2	vrMaterialEntry	Gets the associated entry.
vrMaterialEntryId	getEntryType()	method	v2	vrMaterialEntryType	Gets the type of the associated entry.
vrMaterialEntryId	getParentId()	method	v2	vrMaterialEntryId	Gets the parent, if this id is child of a group or a sub material.
vrMaterialEntryId	vrMaterialEntryId()	method	v2		Creates an invalid id.
vrMaterialEntryId	vrMaterialEntryId(groupNode)	method	v2		Creates an ID for a material group.
vrMaterialEntryId	vrMaterialEntryId(materialNode)	method	v2		Creates an ID for a main material.
vrMaterialEntryId	vrMaterialEntryId(parentId, childIndex)	method	v2		Creates an ID for a submaterial.
vrMaterialEntryType	Invalid	data	v2		Invalid entry.
vrMaterialEntryType	Group	data	v2		A material group.
vrMaterialEntryType	MainMaterial	data	v2		A main material.
vrMaterialEntryType	SubMaterial	data	v2		A submaterial.
vrMaterialService	addToDefaultEnvironmentSwitch(environmentMaterial)	method	v2		Adds the given environment material to the default environment switch.
vrMaterialService	applyEnvironmentToAllMaterials(environment, name)	method	v2		Apply the given environment or environment switch material to all materials.
vrMaterialService	applyEnvironmentToNodes(material, nodes)	method	v2		Apply the given environment or environment switch material to the materials of the given nodes.
vrMaterialService	applyMaterialToNodes(material, nodes)	method	v2		Apply a material to a list of nodes.
vrMaterialService	compressTextures()	method	v2		Compresses all textures with BC6H or BC7 format.
vrMaterialService	convertMaterial(material, type)	method	v2	vrdMaterial	Converts a material to another type.
vrMaterialService	copyMaterialAttributes(source, targets)	method	v2		Copy material attributes from one material to other materials.
vrMaterialService	copyMaterialChunks(chunks)	method	v2		Copy a list of material chunks to the clipboard.
vrMaterialService	copyTextureSize(source, targets)	method	v2		Copy material texture size from one material to other materials.
vrMaterialService	createMaterial(name, type, materialGroup=vrdNode())	method	v2	vrdMaterial	Creates a material.
vrMaterialService	createMaterialGroup(nodes=List[vrdNode], parent=vrdNode())	method	v2	vrdNode	Creates a new material group.
vrMaterialService	createSwitchMaterial(materials=List[vrdMaterial], parent=vrdNode())	method	v2	vrdMaterial	Creates a new switch material.
vrMaterialService	deleteEntries(entries, keepVariants=False)	method	v2		Removes the entries from the tree.
vrMaterialService	deleteMaterials(materials, keepVariants=False)	method	v2		Delete materials.
vrMaterialService	duplicateEntries(entries)	method	v2	List[vrMaterialEntryId]	Duplicate the given material graph entries.
vrMaterialService	duplicateMaterials(materials)	method	v2	List[vrdMaterial]	Duplicates the given materials.
vrMaterialService	findMaterial(name)	method	v2	vrdMaterial	Find a material by name.
vrMaterialService	findMaterialNode(material, root=vrdNode())	method	v2	vrdMaterialNode	Find the vrdMaterialNode for the given material.
vrMaterialService	findMaterials(name)	method	v2	List[vrdMaterial]	Find all materials with the given name.
vrMaterialService	findMaterialsUsedInVariants(root=vrdNode())	method	v2	List[vrdMaterial]	Find materials in the material tree that are used in variants.
vrMaterialService	findNodesWithMaterial(material)	method	v2	List[vrdNode]	Searches the scene for node with the given material.
vrMaterialService	findUnusedMaterials()	method	v2	List[vrdMaterial]	Find materials in the material tree that are not used in the scene graph, i.e. that are not assigned to any node or are not a sub material of an assigned materi
vrMaterialService	getAllMaterials()	method	v2	List[vrdMaterial]	Returns a list of all materials.
vrMaterialService	getAllMaterialTags()	method	v2	List[string]	returns Gets a list of all material tags
vrMaterialService	getDefaultEnvironment()	method	v2	vrdMaterial	returns The default environment material
vrMaterialService	getDefaultEnvironmentSwitchMaterial()	method	v2	vrdEnvironmentSwitchMaterial	Returns the default environment switch material.
vrMaterialService	getEntries(materials)	method	v2	List[vrMaterialEntryId]	Get material graph entries for given materials.
vrMaterialService	getGroupPath(node)	method	v2	List[string]	Returns the path of a node within the material tree.
vrMaterialService	getImportMetadata(type)	method	v2	bool	Returns whether metadata for the specified material type will be imported or not.
vrMaterialService	getMaterialFromId(materialId)	method	v2	vrdMaterial	Gets a material by its identifier.
vrMaterialService	getMaterialIdPassColors()	method	v2	Dict[integer,QVector3D]	Returns a map of material IDs and their corresponding colors. These are the colors used in the material ID render pass. See also vrdMaterialRaytracingSettings.s
vrMaterialService	getMaterialNodes(root=vrdNode())	method	v2	List[vrdMaterialNode]	Returns all material nodes in the given sub tree.
vrMaterialService	getMaterialRoot()	method	v2	vrdNode	Returns the root for all materials in the material tree.
vrMaterialService	getMaterials(root)	method	v2	List[vrdMaterial]	Get all materials used in the given tree.
vrMaterialService	getMaterialSelection()	method	v2	List[vrdMaterial]	returns Returns a list of all currently selected materials
vrMaterialService	getMaterialsWithAllTags(tags)	method	v2	List[vrdMaterial]	Get the materials that have all the given tags.
vrMaterialService	getMaterialsWithAnyTag(tags)	method	v2	List[vrdMaterial]	Get the materials that have any of the given tags.
vrMaterialService	getNumberOfMaterials()	method	v2	integer	Returns the number of materials used in the current scene.
vrMaterialService	getNumberOfTextures()	method	v2	integer	Returns the number of textures used in all materials.
vrMaterialService	getPlanarManipulatorTransparency()	method	v2	float	Returns the transparency value [0.0 to 1.0] of the planar manipulator plane.
vrMaterialService	getPreviewScenes()	method	v2	List[string]	returns Get all available material preview scene names
vrMaterialService	getSelection()	method	v2	List[vrMaterialEntryId]	returns The currently selected items in the material editor tree view
vrMaterialService	getSupportedMaterialTypes()	method	v2	List[vrMaterialTypes.MaterialType]	returns A list of all supported material types
vrMaterialService	getTireManipulatorTransparency()	method	v2	float	Returns the transparency value [0.0 to 1.0] of the tire manipulator cylinder geometry.
vrMaterialService	getTreeDepth(material)	method	v2	integer	Returns the depth of a material subtree.
vrMaterialService	getTreeDepth(root)	method	v2	integer	Returns the depth of a material subtree.
vrMaterialService	getUniqueName(name, forceHighestIndex=True)	method	v2	string	Creates a unique name by appending an index.
vrMaterialService	getUsedTextureMemory()	method	v2	integer	The currently used texture memory in bytes.
vrMaterialService	loadAnimationToMaterials(materials, animation)	method	v2		Apply an animation from a file to a list of materials.
vrMaterialService	loadEnvironmentAssetToDefaultSwitch(uuid)	method	v2		Loads an environment asset by uuid into the default switch.
vrMaterialService	loadMaterialAsset(uuid, parent=vrdNode())	method	v2	vrdMaterialNode	Loads a material asset by uuid into a given node.
vrMaterialService	loadMaterials(fileNames, materialGroup=vrdNode())	method	v2	List[vrdMaterial]	Loads materials from disk.
vrMaterialService	mergeDuplicateMaterials(options=vrMaterialTypes.MergeOptions.Default)	method	v2		Merge materials with the same properties. The merge is executed on all materials.
vrMaterialService	mergeDuplicateMaterials(materials, options=vrMaterialTypes.MergeOptions.Default)	method	v2		Merge materials with the same properties within the given list of materials.
vrMaterialService	optimizeTextures()	method	v2		Shares image objects used by materials that have the same image data.
vrMaterialService	pasteEntries(sources, targets)	method	v2		Pastes the given entries to the given target in the tree.
vrMaterialService	pasteMaterialChunks(chunkMaterial)	method	v2		Paste the stored material chunks from the clipboard into a chunk material.
vrMaterialService	referenceUnusedMaterials()	method	v2	integer	Reference materials not used in the scene by adding material groups to the scene graph.
vrMaterialService	removeAllGroups()	method	v2		Remove all material groups. Material nodes in groups will be moved to the root node.
vrMaterialService	removeUnusedMaterials()	method	v2		Remove unused materials.
vrMaterialService	renderMultiPreview(materials, totalCount, size, text="")	method	v2	QImage	Create an image with multiple material previews.
vrMaterialService	saveMaterials(materials, path)	method	v2	bool	Saves materials to disk.
vrMaterialService	selectNodes(materials, clearSelection)	method	v2		Select all nodes in the scene graph that reference the given materials.
vrMaterialService	setImportMetadata(type, value)	method	v2		Sets whether to import metadata for the specified material type.
vrMaterialService	setMaterialSelection(materials, scrollTo=False)	method	v2		Changes the material selection.
vrMaterialService	setPlanarManipulatorTransparency(transparency)	method	v2		Sets the transparency value of the planar manipulator plane.
vrMaterialService	setSelection(ids, scrollTo=False, edit=False)	method	v2		Changes the material selection.
vrMaterialService	setSwitchChoiceByAllTags(switchMaterial, tags)	method	v2	bool	Sets the choice of a switch material to the first child with all of the given tags. If not found the choice stays unchanged.
vrMaterialService	setSwitchChoiceByAnyTag(switchMaterial, tags)	method	v2	bool	Sets the choice of a switch material to the first child with any of the given tags. If not found the choice stays unchanged.
vrMaterialService	setTireManipulatorTransparency(transparency)	method	v2		Sets the transparency value of the tire manipulator cylinder geometry.
vrMaterialService	updatePreviews(materials)	method	v2		Update the preview for the given materials, if necessary.
vrMaterialService	materialsChanged()	method	v2		Notifies about changes in the material tree.
vrMaterialService	planarManipulatorTransparencyChanged(transparency)	method	v2		Notifies about changes of the manipulator transparency.
vrMaterialService	previewsChanged()	method	v2		Notifies about changes of the material preview images.
vrMaterialService	selectionChanged(ids, scrollTo, edit)	method	v2		This signal is emitted, whenever the material selection changes.
vrMaterialService	tireManipulatorTransparencyChanged(transparency)	method	v2		Notifies about changes of the manipulator transparency.
vrMaterialTypes.MaterialType	Invalid	data	v2		Invalid material type.
vrMaterialTypes.MaterialType	Phong	data	v2		Phong material.
vrMaterialTypes.MaterialType	Plastic	data	v2		Plastic material.
vrMaterialTypes.MaterialType	ReflectivePlastic	data	v2		Reflective plastic material.
vrMaterialTypes.MaterialType	Chrome	data	v2		Chrome material.
vrMaterialTypes.MaterialType	LineChrome	data	v2		Line chrome material.
vrMaterialTypes.MaterialType	BrushedMetal	data	v2		Brushed metal material.
vrMaterialTypes.MaterialType	UnicolorCarpaint	data	v2		Unicolor carpaint material.
vrMaterialTypes.MaterialType	MetallicCarpaint	data	v2		Metallic carpaint material.
vrMaterialTypes.MaterialType	FlipflopCarpaint	data	v2		Flipflop carpaint material.
vrMaterialTypes.MaterialType	Glass	data	v2		Glass material.
vrMaterialTypes.MaterialType	XRay	data	v2		XRay material.
vrMaterialTypes.MaterialType	Carbon	data	v2		Carbon material.
vrMaterialTypes.MaterialType	Carbon2D	data	v2		Carbon 2D material.
vrMaterialTypes.MaterialType	Tire	data	v2		Tire material.
vrMaterialTypes.MaterialType	Velvet	data	v2		Velvet material.
vrMaterialTypes.MaterialType	WovenCloth	data	v2		Woven cloth material.
vrMaterialTypes.MaterialType	Substance	data	v2		Substance material.
vrMaterialTypes.MaterialType	XRite	data	v2		X-Rite material.
vrMaterialTypes.MaterialType	OCS	data	v2		OCS material.
vrMaterialTypes.MaterialType	Shadow	data	v2		Shadow material.
vrMaterialTypes.MaterialType	LightPortal	data	v2		Light portal material.
vrMaterialTypes.MaterialType	MultiPass	data	v2		Multipass material.
vrMaterialTypes.MaterialType	Layered	data	v2		Layered material.
vrMaterialTypes.MaterialType	Switch	data	v2		Switch material.
vrMaterialTypes.MaterialType	SphereEnvironment	data	v2		Sphere environment material.
vrMaterialTypes.MaterialType	Skylight	data	v2		Skylight material.
vrMaterialTypes.MaterialType	EnvironmentSwitch	data	v2		Environment switch material.
vrMaterialTypes.MaterialType	SubstancePanorama	data	v2		Substance panorama material.
vrMaterialTypes.MaterialType	MDL	data	v2		MDL material.
vrMaterialTypes.MaterialType	MaterialX	data	v2		MaterialX material.
vrMaterialTypes.MaterialType	VolumeScatter	data	v2		Volume scatter material.
vrMaterialTypes.MaterialType	OpenVDBVolume	data	v2		OpenVDB material.
vrMaterialTypes.MaterialType	Chunk	data	v2		Chunk material.
vrMaterialTypes.MaterialType	GaussianSplat	data	v2		Gaussian splat material.
vrMaterialTypes.MergeOptions	Default	data	v2		Default: compare name and skip Switch materials and merge all other material types including X-Rite. Compare all properties including inactive properties.
vrMaterialTypes.MergeOptions	IgnoreName	data	v2		Do not compare the name of the material, i.e., materials with different names can be merged. NOTE: Merging materials with different names might break existing v
vrMaterialTypes.MergeOptions	IncludeSwitchMaterials	data	v2		Also merge Switch materials. When not setting this option, switch materials are excluded from the merge operation.
vrMaterialTypes.MergeOptions	ExcludeXRiteMaterials	data	v2		Do not merge X-Rite materials. When setting this option, X-Rite materials are excluded from the merge operation.
vrMaterialTypes.MergeOptions	IgnoreInactiveProperties	data	v2		Do not compare inactive properties of the material, i.e. materials with different inactive properties can be merged. Inactive properties are settings for featur
vrMathService	getRotation(matrix)	method	v2	QQuaternion	returns the rotation of the given matrix
vrMathService	getScaleFactor(matrix)	method	v2	QVector3D	returns the scale factor of the given matrix
vrMathService	getScaleOrientation(matrix)	method	v2	QQuaternion	returns the scale orientation of the given matrix
vrMathService	getTranslation(matrix)	method	v2	QVector3D	returns the translation of the given matrix
vrMessageService	message(id, args)	method	v2		Message signal emitted for the VRED_MSG_[...] messages defined in vrController (API v1).
vrMetadataService	addTags(objects, tags)	method	v2		Add tags to given scene objects.
vrMetadataService	assignSets(metadataSets, objects)	method	v2		Assigns given metadata sets to given objects if not already assigned.
vrMetadataService	copyEntries(entries)	method	v2		Copies a list of entries to the metadata entries clipboard.
vrMetadataService	copySets(metadataSets)	method	v2		Copies a list of metadata sets to the metadata sets clipboard.
vrMetadataService	createSet(name, objects=List[vrdSceneObject])	method	v2	vrdMetadataSet	Creates an empty metadata set.
vrMetadataService	deleteSets(metadataSets)	method	v2		Deletes existing metadata sets.
vrMetadataService	duplicateSets(metadataSets)	method	v2	List[vrdMetadataSet]	Duplicates existing metadata sets with all data.
vrMetadataService	findSets(name)	method	v2	List[vrdMetadataSet]	Searches for metadata sets by name.
vrMetadataService	getActiveStringLibraryIndex()	method	v2	integer	returns The index of the active string library.
vrMetadataService	getAllKeys()	method	v2	List[string]	returns A list of all keys in the scene.
vrMetadataService	getAllSets()	method	v2	List[vrdMetadataSet]	returns A list of all metadata sets (including objects sets) in the scene.
vrMetadataService	getAllShareableSets()	method	v2	List[vrdMetadataSet]	returns A list of all shareable metadata sets in the scene. Does not include object sets.
vrMetadataService	getAllTags()	method	v2	List[string]	returns A list of all tags in the scene.
vrMetadataService	getEntriesClipboard()	method	v2	List[vrdMetadataEntry]	returns The list of entries from the metadata entries clipboard.
vrMetadataService	getMaterialTags()	method	v2	Dict[string,List[]]	returns A list of all tags in the Material Editor.
vrMetadataService	getMetadata(object)	method	v2	vrdMetadata	Gets all metadata from an object.
vrMetadataService	getObjectsWithMetadata(type=vrMetadataTypes.ObjectType.All)	method	v2	List[vrdSceneObject]	returns All objects with the given type which contain any metadata.
vrMetadataService	getObjectsWithTag(tag)	method	v2	List[vrdSceneObject]	returns All objects which have the tag assigned.
vrMetadataService	getScenegraphTags()	method	v2	Dict[string,List[]]	returns A list of all tags in the Scenegraph. The list also includes the nodes a tag is assigned to. Since shared nodes have identical tags, the list only inc
vrMetadataService	getSelection()	method	v2	List[vrdObject]	returns All objects currently selected in the metadata editor
vrMetadataService	getSetsClipboard()	method	v2	List[vrdMetadataSet]	returns The list of metadata sets from the metadata sets clipboard.
vrMetadataService	getStringLibraries()	method	v2	List[string]	returns The list of string library file paths.
vrMetadataService	getTags(objects)	method	v2	List[string]	returns Tag names from a list of objects.
vrMetadataService	getUniqueSetName(name)	method	v2	string	Gets a unique name for a metadata set.
vrMetadataService	hasMetadata(object)	method	v2	bool	Check, if the given node has metadata assigned.
vrMetadataService	hasTag(object, tag)	method	v2	bool	returns True if the object contains the given tag, False otherwise.
vrMetadataService	isEntriesClipboardEmpty()	method	v2	bool	returns True if the metadata entries clipboard is empty, False otherwise.
vrMetadataService	isSetsClipboardEmpty()	method	v2	bool	returns True if the metadata sets clipboard is empty, False otherwise.
vrMetadataService	loadSets(filePath, objects={})	method	v2	List[vrdMetadataSet]	Read metadata sets from a JSON file, send metadataChanged when file was successfully read.
vrMetadataService	pasteEntries(metadataSets)	method	v2		Pastes the entries from the metadata entries clipboard to given sets.
vrMetadataService	pasteSets(objects)	method	v2		Pastes the metadata sets from the metadata sets clipboard to given objects.
vrMetadataService	removeSets(metadataSets, objects)	method	v2		Removes the given metadata sets from the given objects if existing.
vrMetadataService	removeTags(objects, tags)	method	v2		Remove tags from objects.
vrMetadataService	renameTag(oldName, newTagName)	method	v2		Rename existing tag.
vrMetadataService	renameTag(object, oldName, newName)	method	v2		Rename existing tag on a specific object.
vrMetadataService	saveSets(metadataSets, filePath)	method	v2	bool	Save given metadata sets in a JSON file.
vrMetadataService	setActiveStringLibraryIndex(index)	method	v2		Sets the index of the active string library.
vrMetadataService	setSelection(objects)	method	v2		Selects a list of objects in the metadata editor.
vrMetadataService	setStringLibraries(libraries)	method	v2		Sets the file paths used for the key and value string completion.
vrMetadataService	activeStringLibraryIndexChanged(index)	method	v2		This signal is emitted when the active string library index was changed.
vrMetadataService	metadataChanged(changes=vrMetadataTypes.AllChanged)	method	v2		This signal is emitted when metadata sets were created or deleted, assigned to objects or removed from objects, when tags are changed or assigned.
vrMetadataService	selectionChanged(objects)	method	v2		Signal will be sent if the selection in the metadata editor has changed.
vrMetadataService	stringLibrariesChanged(libraries)	method	v2		This signal is emitted when the string library paths were changed.
vrMetadataTypes.ChangeFlag	SetsChanged	data	v2		Sets have been added or removed.
vrMetadataTypes.ChangeFlag	TagsChanged	data	v2		Tags have changed.
vrMetadataTypes.ChangeFlag	AssignmentsChanged	data	v2		The assignment of sets has changed.
vrMetadataTypes.ChangeFlag	AllChanged	data	v2		All reasons for changes.
vrMetadataTypes.ValueType	String	data	v2		
vrMetadataTypes.ValueType	Integer	data	v2		Metadata entry contains a string.
vrMetadataTypes.ValueType	Float	data	v2		Metadata entry contains an integer value.
vrMetadataTypes.ValueType	Boolean	data	v2		Metadata entry contains a float value.
vrMetadataTypes.ValueType	Time	data	v2		Metadata entry contains a boolean value.
vrMetadataTypes.ValueType	Date	data	v2		Metadata entry contains a time.
vrMetadataTypes.ValueType	DateTime	data	v2		Metadata entry contains a date.
vrMetadataTypes.ValueType	List	data	v2		Metadata entry contains a date and a time.
vrMetadataTypes.ValueType	Tag	data	v2		Metadata entry contains a list.
vrMetadataTypes.ValueType	Unknown	data	v2		Metadata entry contains a tag (value VRED-Tag)
vrMetadataTypes.ObjectType	ScenegraphNode	data	v2		
vrMetadataTypes.ObjectType	Material	data	v2		
vrMetadataTypes.ObjectType	Camera	data	v2		
vrMetadataTypes.ObjectType	Light	data	v2		
vrMetadataTypes.ObjectType	Sceneplate	data	v2		
vrMetadataTypes.ObjectType	VariantSet	data	v2		
vrMetadataTypes.ObjectType	All	data	v2		
vrMetadataTypes.MatrixOrder	RowMajor	data	v2		Iterate rows first.
vrMetadataTypes.MatrixOrder	ColumnMajor	data	v2		Iterate columns first.
vrNodeService.TraverseChoice	Continue	data	v2		Move on to the next (either child or sibling) node.
vrNodeService.TraverseChoice	Skip	data	v2		Skip all child nodes and continue with next sibling.
vrNodeService.TraverseChoice	Quit	data	v2		Terminate the traversal.
vrNodeService	clearFindCache()	method	v2		Clears the find cache.
vrNodeService	cloneNodes(nodes)	method	v2	List[vrdNode]	Clone a list of nodes from the scene graph.
vrNodeService	findNode(uuid, root=vrdNode())	method	v2	vrdNode	Finds the node via Uuid.
vrNodeService	findNode(name, wildcard=False, includeComponents=False, root=vrdNode(), caseSensitive=True)	method	v2	vrdNode	Finds the node via name.
vrNodeService	findNodes(name, wildcard=False, includeComponents=False, root=vrdNode(), caseSensitive=True)	method	v2	List[vrdNode]	Finds a list of nodes depending on their name.
vrNodeService	findNodes(names, wildcard=False, includeComponents=False, root=vrdNode(), caseSensitive=True)	method	v2	List[vrdNode]	Finds a list of nodes depending on a list of names.
vrNodeService	findNodes(function, options=vrdFindOptions(), root=vrdNode())	method	v2	List[vrdNode]	Finds a list of nodes depending on a Python matching function.
vrNodeService	findNodesWithPath(path, wildcard=False, root=vrdNode())	method	v2	List[vrdNode]	Finds a list of nodes depending on the node path.
vrNodeService	findNodeWithPath(path, wildcard=False, root=vrdNode())	method	v2	vrdNode	Finds a node depending on its node path.
vrNodeService	findNodeWithUniquePath(uniquePath)	method	v2	vrdNode	Find a node by its unique path. See vrdNode.getUniquePath().
vrNodeService	getAllNodes(root, options=vrdFindOptions())	method	v2	List[vrdNode]	Get all nodes in the given sub graph.
vrNodeService	getCloneRoot(node)	method	v2	vrdNode	Get the top most node of a clone hierarchy.
vrNodeService	getClones(node)	method	v2	List[vrdNode]	Gets the clones of a given node.
vrNodeService	getCommonParent(nodes)	method	v2	vrdNode	Find the first equal parent for the given nodes.
vrNodeService	getMaxDepth(node)	method	v2	integer	Get the maximum depth of the given graph.
vrNodeService	getNodeFromId(nodeId)	method	v2	vrdNode	Gets a node by its identifier.
vrNodeService	getNodesFromIds(nodeIds)	method	v2	List[vrdNode]	Gets nodes from its identifiers.
vrNodeService	getRootNode()	method	v2	vrdNode	Returns the root node.
vrNodeService	getSelectedNodes()	method	v2	List[vrdNode]	Returns a list of selected nodes.
vrNodeService	getSelectedRootNodes()	method	v2	List[vrdNode]	Returns a list of selected root nodes.
vrNodeService	getUniqueName(name, root, recursive=True)	method	v2	string	Get a unique name for a node.
vrNodeService	initFindCache()	method	v2		Build up an internal cache structure to speed up execution of find commands.
vrNodeService	isInSubtree(root, node)	method	v2	bool	Tells if a node is a direct or indirect child of a given root node.
vrNodeService	removeNodes(nodes)	method	v2		Removes a list of nodes from the scene graph.
vrNodeService	traverse(function, root=vrdNode())	method	v2		Traverses a node graph and calls a Python function for each node.
vrNodeService	unshareNodes(nodes, option=vrScenegraphTypes.KeepLocalClones)	method	v2		Unshare a list of subtrees from the scene graph.
vrNodeService	nodesAdded(nodes)	method	v2		This signal will be send when new nodes was added.
vrNodeService	nodesRemoved(nodes)	method	v2		This signal will be send when nodes was deleted.
vrNodeService	selectionChanged()	method	v2		Signal is emitted when the scene tree selection has been changed.
vrObjectService	propertyChanged(obj, name)	method	v2		This signal is sent everytime a property of a vrdObject is changed.
vrPhysicsService	addDynamicObject(node, config)	method	v2	bool	Adds a dynamic object to the physics simulation.
vrPhysicsService	addKinematicObject(node, config)	method	v2	bool	Adds a kinematic object to the physics simulation.
vrPhysicsService	addStaticObject(node, config)	method	v2	bool	Adds a static object to the physics simulation.
vrPhysicsService	clearCollisionData(node)	method	v2	bool	Clears collider data for a node.
vrPhysicsService	clearFilters()	method	v2		Clears all node filters from the physics simulation.
vrPhysicsService	connectDebugger(host="127.0.0.1", port=5425)	method	v2		Connects the physics debugger.
vrPhysicsService	createGroup(name, parent=vrdPhysicsGroupNode())	method	v2	vrdPhysicsGroupNode	Creates a new physics group in the physics editor hierarchy.
vrPhysicsService	createPhysicsObject(sceneNode, colliderType, colliderShape, parent=vrdPhysicsGroupNode())	method	v2	vrdPhysicsObjectNode	Creates a physics object from a scene node with specified collider type and shape.
vrPhysicsService	deregisterNodeFilter(node)	method	v2		Deregisters a node filter from the physics simulation.
vrPhysicsService	deregisterNodePairFilter(node1, node2)	method	v2		Deregisters a node pair filter from the physics simulation.
vrPhysicsService	disconnectDebugger()	method	v2		Disconnects the physics debugger.
vrPhysicsService	duplicateGroups(groups)	method	v2	List[vrdNode]	Duplicates the given group hierarchy. Note: Only groups without physics objects can be duplicated.
vrPhysicsService	getContactPointVisualizationPoolSize()	method	v2	integer	Gets the current contact point visualization pool size.
vrPhysicsService	getContactPointVisualizationScaling()	method	v2	float	Gets the current contact point visualization scaling factor.
vrPhysicsService	getDynamicColliderColor()	method	v2	QColor	Gets the color used to visualize dynamic colliders.
vrPhysicsService	getDynamicObjects()	method	v2	List[vrdNode]	Gets all dynamic objects in the physics simulation.
vrPhysicsService	getKinematicColliderColor()	method	v2	QColor	Gets the color used to visualize kinematic colliders.
vrPhysicsService	getKinematicObjects()	method	v2	List[vrdNode]	Gets all kinematic objects in the physics simulation.
vrPhysicsService	getPhysicsObject(node, checkParents=False)	method	v2	vrdPhysicsObjectNode	Get the physics object associated with a scene node.
vrPhysicsService	getPhysicsUpdateFrequency()	method	v2	integer	Gets the current physics update frequency.
vrPhysicsService	getResetTransformOnRemove()	method	v2	bool	Gets whether to reset the transform of the object when it is removed from the simulation.
vrPhysicsService	getRootNode()	method	v2	vrdPhysicsGroupNode	Gets the root node of the physics simulation.
vrPhysicsService	getRubberBand()	method	v2	vrdPhysicsRubberBand	Get the rubber-band interaction settings object.
vrPhysicsService	getScene()	method	v2	vrdPhysicsScene	Get the global physics scene object.
vrPhysicsService	getSelection()	method	v2	List[vrdObject]	Gets the current selection of physics objects.
vrPhysicsService	getStaticColliderColor()	method	v2	QColor	Gets the color used to visualize static colliders.
vrPhysicsService	getStaticObjects()	method	v2	List[vrdNode]	Gets all static objects in the physics simulation.
vrPhysicsService	groupNodes(nodes)	method	v2	vrdNode	Places all given nodes into a new group.
vrPhysicsService	hasCollisionData(node)	method	v2	bool	Checks if collider data is available for a node.
vrPhysicsService	hasPhysicsObject(node)	method	v2	bool	Checks if a node is registered in the physics simulation.
vrPhysicsService	isActive()	method	v2	bool	Returns if the simulation is currently active.
vrPhysicsService	isColliderVisualizationEnabled()	method	v2	bool	Checks if collider visualization is currently enabled.
vrPhysicsService	isCollisionHighlightingEnabled()	method	v2	bool	Checks if collision highlighting is currently enabled.
vrPhysicsService	isContactPointVisualizationEnabled()	method	v2	bool	Checks if contact point visualization is currently enabled.
vrPhysicsService	isPaused()	method	v2	bool	Returns if the simulation is currently paused.
vrPhysicsService	registerNodeFilter(node)	method	v2		Registers a node filter for the physics simulation.
vrPhysicsService	registerNodePairFilter(node1, node2)	method	v2		Registers a node pair filter for the physics simulation.
vrPhysicsService	removeAllObjects()	method	v2		Removes all objects from the physics simulation.
vrPhysicsService	removeEmptyGroups()	method	v2		Removes all empty physics groups from the physics hierarchy.
vrPhysicsService	removeObject(node)	method	v2	bool	Removes an object from the physics simulation.
vrPhysicsService	restoreCollisionData(node)	method	v2	bool	Restores collider/collision data for a node.
vrPhysicsService	setActive(state)	method	v2		Sets the active state of the simulation.
vrPhysicsService	setContactPointVisualizationPoolSize(size)	method	v2		Sets the size of the contact point visualization pool.
vrPhysicsService	setContactPointVisualizationScaling(scale)	method	v2		Sets the scaling factor for contact point visualization spheres.
vrPhysicsService	setDynamicColliderColor(color)	method	v2		Sets the color used to visualize dynamic colliders.
vrPhysicsService	setKinematicColliderColor(color)	method	v2		Sets the color used to visualize kinematic colliders.
vrPhysicsService	setPaused(paused)	method	v2		Sets the paused state of the simulation.
vrPhysicsService	setPhysicsHighPrecision()	method	v2		Sets physics performance to high precision mode.
vrPhysicsService	setPhysicsPowerSaving()	method	v2		Sets physics performance to power saving mode.
vrPhysicsService	setPhysicsStandard()	method	v2		Sets physics performance to standard mode (default).
vrPhysicsService	setPhysicsUpdateFrequency(hz)	method	v2		Sets the physics update frequency.
vrPhysicsService	setResetTransformOnRemove(enabled)	method	v2		Sets whether to reset the transform of the object when it is removed from the simulation.
vrPhysicsService	setSelection(objects)	method	v2		Sets the selection of physics objects.
vrPhysicsService	setStaticColliderColor(color)	method	v2		Sets the color used to visualize static colliders.
vrPhysicsService	showColliders(show)	method	v2		Shows or hides the visualization of PhysX collision shapes.
vrPhysicsService	showCollisions(show)	method	v2		Shows or hides the visualization of colliding objects through material highlighting.
vrPhysicsService	showContactPoints(show)	method	v2		Shows or hides the visualization of contact points between colliding objects.
vrPhysicsService	storeCollisionData(node)	method	v2	bool	Stores collider/collision data for a node.
vrPhysicsService	activeStateChanged(active)	method	v2		
vrPhysicsService	colliderVisualizationStateChanged(enabled)	method	v2		Signals that the collider visualization state has changed.
vrPhysicsService	collisionContinues(info)	method	v2		Signals that a collision is continuing.
vrPhysicsService	collisionStarted(info)	method	v2		Signals that a collision has started.
vrPhysicsService	collisionStopped(info)	method	v2		Signals that a collision has stopped.
vrPhysicsService	contactPointVisualizationEnabledChanged(enabled)	method	v2		Signal emitted when the contact point visualization state changes.
vrPhysicsService	pausedStateChanged(paused)	method	v2		
vrPhysicsService	physicsObjectsChanged()	method	v2		Signals that physics objects have been added or removed.
vrPhysicsService	selectionChanged(objects)	method	v2		Signal emitted when the physics module selection changes.
vrPhysicsService	showColisionEnabledChanged(enabled)	method	v2		Signal emitted when the collision visualization state changes.
vrPhysicsTypes.ColliderShape	Invalid	data	v2		
vrPhysicsTypes.ColliderShape	ConvexHull	data	v2		
vrPhysicsTypes.ColliderShape	ConvexDecomp	data	v2		
vrPhysicsTypes.ColliderShape	Triangles	data	v2		
vrPhysicsTypes.ColliderShape	Box	data	v2		
vrPhysicsTypes.ColliderShape	Plane	data	v2		
vrPhysicsTypes.ColliderShape	Capsule	data	v2		
vrPhysicsTypes.ColliderShape	Sphere	data	v2		
vrPhysicsTypes.ColliderShape	SDF	data	v2		
vrPhysicsTypes.ObjectType	Invalid	data	v2		
vrPhysicsTypes.ObjectType	Invalid	data	v2		
vrPhysicsTypes.ObjectType	ConvexHull	data	v2		
vrPhysicsTypes.ObjectType	ConvexHull	data	v2		
vrPhysicsTypes.ObjectType	ConvexDecomp	data	v2		
vrPhysicsTypes.ObjectType	ConvexDecomp	data	v2		
vrPhysicsTypes.ObjectType	Triangles	data	v2		
vrPhysicsTypes.ObjectType	Triangles	data	v2		
vrPhysicsTypes.ColliderType	Invalid	data	v2		
vrPhysicsTypes.ColliderType	Dynamic	data	v2		
vrPhysicsTypes.ColliderType	Static	data	v2		
vrPhysicsTypes.ColliderType	Kinematic	data	v2		
vrPhysicsTypes.SolverType	PGS	data	v2		
vrPhysicsTypes.SolverType	TGS	data	v2		
vrPhysicsTypes.Axis	X	data	v2		
vrPhysicsTypes.Axis	Y	data	v2		
vrPhysicsTypes.Axis	Z	data	v2		
vrPhysicsTypes.LockFlags	LockNone	data	v2		
vrPhysicsTypes.LockFlags	LockLinearX	data	v2		
vrPhysicsTypes.LockFlags	LockLinearY	data	v2		
vrPhysicsTypes.LockFlags	LockLinearZ	data	v2		
vrPhysicsTypes.LockFlags	LockLinear	data	v2		
vrPhysicsTypes.LockFlags	LockAngularX	data	v2		
vrPhysicsTypes.LockFlags	LockAngularY	data	v2		
vrPhysicsTypes.LockFlags	LockAngularZ	data	v2		
vrPhysicsTypes.LockFlags	LockAngular	data	v2		
vrPhysicsTypes.ForceMode	Force	data	v2		
vrPhysicsTypes.ForceMode	Impulse	data	v2		
vrPhysicsTypes.ForceMode	VelocityChange	data	v2		
vrPhysicsTypes.ForceMode	Acceleration	data	v2		
vrPlatformService	getAppName()	method	v2	string	returns The application name. E.g. VREDPro
vrPlatformService	getAppVersionName()	method	v2	string	returns The display name of the current application version.
vrPlatformService	getBaseDir()	method	v2	string	returns The installation base directory.
vrPlatformService	getBinDir()	method	v2	string	returns The binary directory.
vrPlatformService	getDataDir()	method	v2	string	returns The shared application data directory.
vrPlatformService	getDpiScaleX()	method	v2	float	returns The horizontal DPI scale factor.
vrPlatformService	getDpiScaleY()	method	v2	float	returns The vertical DPI scale factor.
vrPlatformService	getDpiX()	method	v2	integer	returns The DPI value in the horizontal direction.
vrPlatformService	getDpiY()	method	v2	integer	returns The DPI value in the vertical direction.
vrPlatformService	getExeDir()	method	v2	string	returns The directory that contains the executable.
vrPlatformService	getLargeIconSizeX()	method	v2	integer	returns The width of the large icon size.
vrPlatformService	getLargeIconSizeY()	method	v2	integer	returns The height of the large icon size.
vrPlatformService	getLargePreviewSizeX()	method	v2	integer	returns The width of the large preview size.
vrPlatformService	getLargePreviewSizeY()	method	v2	integer	returns The height of the large preview size.
vrPlatformService	getLibDir()	method	v2	string	returns The library directory.
vrPlatformService	getMediumIconSizeX()	method	v2	integer	returns The width of the medium icon size.
vrPlatformService	getMediumIconSizeY()	method	v2	integer	returns The height of the medium icon size.
vrPlatformService	getMediumPreviewSizeX()	method	v2	integer	returns The width of the medium preview size.
vrPlatformService	getMediumPreviewSizeY()	method	v2	integer	returns The height of the medium preview size.
vrPlatformService	getMiniIconSizeX()	method	v2	integer	returns The width of the mini icon size.
vrPlatformService	getMiniIconSizeY()	method	v2	integer	returns The height of the mini icon size.
vrPlatformService	getPlatform()	method	v2	string	returns The current platform identifier. E.g. WIN64 or Linux64
vrPlatformService	getPluginsDir()	method	v2	string	returns The plugins directory.
vrPlatformService	getPreferencesDir()	method	v2	string	returns The preferences directory.
vrPlatformService	getSmallIconSizeX()	method	v2	integer	returns The width of the small icon size.
vrPlatformService	getSmallIconSizeY()	method	v2	integer	returns The height of the small icon size.
vrPlatformService	getTreeViewIconSize()	method	v2	integer	returns The icon size used in tree views.
vrPlatformService	getVersionString()	method	v2	string	returns The version string of the current application. E.g. 19.2
vrPluginService	getScriptPluginInfo(name)	method	v2	vrdScriptPluginInfo	Get information about a specific python script plugin by name.
vrPluginService	getScriptPluginInfos()	method	v2	List[vrdScriptPluginInfo]	Get information about all python script plugins.
vrPluginService	getScriptPluginNames()	method	v2	List[string]	Get a list of all python script plugins.
vrPluginService	reloadScriptPlugins()	method	v2		Reload all python script plugins.
vrProgressService	cancelOperation()	method	v2		Cancels the currently running opertation.
vrProgressService	operationFinished(canceled)	method	v2		An operation that reports its progress has finished.
vrProgressService	operationStarted(state)	method	v2		An operation that reports its progress has started.
vrProgressService	progressChanged(progress)	method	v2		The progress value has changed.
vrProgressService	stateChanged(state)	method	v2		The operation state has changed.
vrQueryService	asyncCameraQuery(expression)	method	v2		Starts a asynchronous query for cameras.
vrQueryService	asyncLightQuery(expression)	method	v2		Starts a asynchronous query for lights.
vrQueryService	asyncMaterialQuery(expression)	method	v2		Starts a asynchronous query for materials.
vrQueryService	asyncMetadataQuery(expression)	method	v2		Starts a asynchronous query for metadata sets.
vrQueryService	asyncSceneplateQuery(expression)	method	v2		Starts a asynchronous query for scene plates.
vrQueryService	asyncSceneQuery(expression)	method	v2		Starts a asynchronous query for Scenegraph nodes.
vrQueryService	asyncVariantSetQuery(expression)	method	v2		Starts a asynchronous query for variant sets.
vrQueryService	cameraQuery(expression)	method	v2	List[vrdNode]	Starts a synchronous query for cameras.
vrQueryService	cancelQuery()	method	v2		Cancels an asynchronous query that is running.
vrQueryService	isCanceling()	method	v2	bool	Checks if an asynchronous query was canceled.
vrQueryService	isLiveSearchEnabled()	method	v2	bool	Gets if live search is enabled or not.
vrQueryService	isRunning()	method	v2	bool	Checks if an asynchronous query is running.
vrQueryService	lightQuery(expression)	method	v2	List[vrdNode]	Starts a synchronous query for lights.
vrQueryService	materialQuery(expression)	method	v2	List[vrdNode]	Starts a synchronous query for materials.
vrQueryService	metadataQuery(expression)	method	v2	List[vrdMetadataSet]	Starts a synchronous query for metadata sets.
vrQueryService	sceneplateQuery(expression)	method	v2	List[vrdNode]	Starts a synchronous query for scene plates.
vrQueryService	sceneQuery(expression)	method	v2	List[vrdNode]	Starts a synchronous query for Scenegraph nodes.
vrQueryService	setLiveSearchEnabled(value)	method	v2		Sets whether live search is enabled or not.
vrQueryService	variantSetQuery(expression)	method	v2	List[vrdNode]	Starts a synchronous query for variant sets.
vrQueryService	asyncCameraQueryFinished(success, results)	method	v2		This signal is sent when an asynchronous query for cameras is finished.
vrQueryService	asyncCameraQueryStarted()	method	v2		This signal is sent when an asynchronous query for cameras is started.
vrQueryService	asyncLightQueryFinished(success, results)	method	v2		This signal is sent when an asynchronous query for lights is finished.
vrQueryService	asyncLightQueryStarted()	method	v2		This signal is sent when an asynchronous query for lights is started.
vrQueryService	asyncMaterialQueryFinished(success, results)	method	v2		This signal is sent when an asynchronous query for materials is finished.
vrQueryService	asyncMaterialQueryStarted()	method	v2		This signal is sent when an asynchronous query for materials is started.
vrQueryService	asyncMetadataQueryFinished(success, results)	method	v2		This signal is sent when an asynchronous query for metadata is finished.
vrQueryService	asyncMetadataQueryStarted()	method	v2		This signal is sent when an asynchronous query for metadata is started.
vrQueryService	asyncSceneplateQueryFinished(success, results)	method	v2		This signal is sent when an asynchronous query for scene plates is finished.
vrQueryService	asyncSceneplateQueryStarted()	method	v2		This signal is sent when an asynchronous query for scene plates is started.
vrQueryService	asyncSceneQueryFinished(success, results)	method	v2		This signal is sent when an asynchronous query for Scenegraph nodes is finished.
vrQueryService	asyncSceneQueryStarted()	method	v2		This signal is sent when an asynchronous query for Scenegraph nodes is started.
vrQueryService	asyncVariantSetQueryFinished(success, results)	method	v2		This signal is sent when an asynchronous query for variant sets is finished.
vrQueryService	asyncVariantSetQueryStarted()	method	v2		This signal is sent when an asynchronous query for variant sets is started.
vrReferenceService	convertToSmart(node, useSourcePath=False)	method	v2	vrdNode	Converts the passed node into a smart reference.
vrReferenceService	createSmart(parent=vrdNode())	method	v2	vrdReferenceNode	Creates a new smart reference below the given parent.
vrReferenceService	createSource(path, parent=vrdNode())	method	v2	vrdReferenceNode	Creates a new source reference with the given path.
vrReferenceService	getAllAvailableFileFormats()	method	v2	List[string]	Returns a list with all file endings used in the loaded references (source and smart).
vrReferenceService	getChildReferences(node)	method	v2	List[vrdReferenceNode]	Get all reference nodes in the tree below node without further sub references.
vrReferenceService	getCustomExportPath()	method	v2	string	Queries the custom export path.
vrReferenceService	getExportLocation()	method	v2	vrReferenceTypes.ExportLocation	Queries the default smart export location mode.
vrReferenceService	getLoadMode()	method	v2	vrReferenceTypes.LoadMode	Queries the load mode for smart references.
vrReferenceService	getNotificationMode()	method	v2	vrReferenceTypes.NotificationMode	Queries the current file change notification mode.
vrReferenceService	getParentReferences(node)	method	v2	List[vrdReferenceNode]	Get all reference nodes in the tree above node.
vrReferenceService	getReferences(node)	method	v2	List[vrdReferenceNode]	Get all references tree below the given node with all sub references.
vrReferenceService	getRevisionMonitoringEnabled()	method	v2	bool	returns true if update monitoring should consider file revisions
vrReferenceService	getRevisionMonitoringExpressions()	method	v2	List[string]	returns A list of regular expression used to detect revision numbers in file names
vrReferenceService	getSceneReferences()	method	v2	List[vrdReferenceNode]	Get all references in the scene.
vrReferenceService	getShowConvertToSmartWarning()	method	v2	bool	Queries the convert to smart warning flag.
vrReferenceService	getUpdateMonitoringEnabled()	method	v2	bool	Checks if update monitoring is currently enabled.
vrReferenceService	getUpdateMonitoringInterval()	method	v2	integer	Returns the current time between background update checks in miliseconds.
vrReferenceService	getUpdateMonitoringPaused()	method	v2	bool	Queries if the background update monitoring is currently in pause mode.
vrReferenceService	loadSourceReferences(references)	method	v2		Opens an import dialog and loads the given list of references with the current settings. No user interaction required.
vrReferenceService	pauseUpdateMonitoring(state)	method	v2		Temporarily pauses / unpauses the background update monitoring. This will suspend the asynchrounous update check but will not cancel it.
vrReferenceService	reimportSmartReferences(references)	method	v2		Reimports the list of given smart references.
vrReferenceService	reimportSourceReferences(references)	method	v2	List[vrdReferenceNode]	Opens an import dialog for the given list of references.
vrReferenceService	removeReference(node)	method	v2	vrdNode	Converts the passed node into a none reference node.
vrReferenceService	setCustomExportPath(path)	method	v2		Sets the custom path for exported smart references. This path will be used, when the location is set to Custom.
vrReferenceService	setExportLocation(value)	method	v2		Changes the default location mode for unsaved smart references.
vrReferenceService	setLoadMode(value)	method	v2		Sets the load mode for smart references. LoadedReferences -> preserve the load state saved in the project AllReferences -> load all smart references NoReference
vrReferenceService	setNotificationMode(value)	method	v2		Sets the file change notification monitoring mode.
vrReferenceService	setRevisionMonitoringEnabled(value)	method	v2		Enables revision number check for update monitoring.
vrReferenceService	setRevisionMonitoringExpressions(expressions)	method	v2		Sets the list of regular expressions used to detect revision numbers.
vrReferenceService	setShowConvertToSmartWarning(value)	method	v2		Enables or disables warnings on convert to smart.
vrReferenceService	setUpdateMonitoringEnabled(value)	method	v2		Starts / stops the background update monitoring.
vrReferenceService	setUpdateMonitoringInterval(msecs)	method	v2		Sets the update monitoring interval in miliseconds. The minimum allowed value is 1000.
vrReferenceService	sortRevisions(revisions)	method	v2	List[string]	Sorts a list of revisions from oldest to newest.
vrReferenceService	referenceCreated(node)	method	v2		Signal is emitted when a reference has been created.
vrReferenceService	referenceEditStateChagned()	method	v2		Signal is emitted when a reference has been edited or edit has been undone.
vrReferenceService	referencesChanged(nodes)	method	v2		Signal is emitted when references have internal changes. If the list of nodes is empty, then all nodes should be considered as changed.
vrReferenceService	sceneHasReferences(state)	method	v2		Signal is sent when the scene has references or the last one is deleted
vrReferenceService	sceneSelectionChanged(nodes)	method	v2		This signal is sent when the selection of reference nodes in the scene graph changes.
vrReferenceService	updateMonitoringChanged(state)	method	v2		Signal is emitted when update monitoring is turned on or off.
vrReferenceTypes.Type	Smart	data	v2		
vrReferenceTypes.Type	Source	data	v2		
vrReferenceTypes.NotificationMode	Off	data	v2		
vrReferenceTypes.NotificationMode	Always	data	v2		
vrReferenceTypes.NotificationMode	OnLoad	data	v2		
vrReferenceTypes.ExportLocation	NextToSource	data	v2		
vrReferenceTypes.ExportLocation	Custom	data	v2		
vrReferenceTypes.State	New	data	v2		
vrReferenceTypes.State	Unloaded	data	v2		
vrReferenceTypes.State	Loaded	data	v2		
vrReferenceTypes.FileState	Current	data	v2		
vrReferenceTypes.FileState	Outdated	data	v2		
vrReferenceTypes.FileState	Missing	data	v2		
vrReferenceTypes.FileState	Unsaved	data	v2		
vrReferenceTypes.FileState	Unknown	data	v2		
vrReferenceTypes.LoadMode	LoadedReferences	data	v2		
vrReferenceTypes.LoadMode	AllReferences	data	v2		
vrReferenceTypes.LoadMode	NoReferences	data	v2		
vrReferenceTypes.LoadMode	LoadedSkipLeafReferences	data	v2		
vrRenderSettingsService	addToRenderQueue()	method	v2		Creates a render job from from the current render settings and adds it to the Render Queue.
vrRenderSettingsService	applyPreset(presetName, applyMode)	method	v2		Applies the render settings preset with the given name, see vrRenderSettingsService.getPresetNames()
vrRenderSettingsService	deletePreset(name)	method	v2	bool	Deletes the render settings preset with the given name.
vrRenderSettingsService	getPresetNames()	method	v2	List[string]	returns List of available render settings presets. A preset can be applied with vrRenderSettingsService.applyPreset(presetName, applyMode).
vrRenderSettingsService	getRenderStatistic()	method	v2	vrdRenderStatistic	returns Returns a summary of how many renderings and files will be created with the current settings.
vrRenderSettingsService	getSettings()	method	v2	vrdRenderSettings	returns The current render settings
vrRenderSettingsService	loadVariantSets(filename)	method	v2	bool	Reloads the XML variant set configuration file.
vrRenderSettingsService	renamePreset(oldName, newName)	method	v2	bool	Renames the render settings preset with the given name.
vrRenderSettingsService	render()	method	v2		Starts rendering to file using the current render settings. Existing files are overwritten without warning.
vrRenderSettingsService	savePreset(name)	method	v2		Saves the current render settings as a preset with the given name.
vrRenderSettingsService	saveVariantSets(filename)	method	v2		Saves the variant set configurations as an XML file. This is useful to keep along side your VPB files to get the same rendering results another time.
vrRenderSettingsService	sendToClusterQueue()	method	v2		Sends the current scene and render settings to the Cluster Queue. See also vrClusterManagerService.
vrRenderSettingsService	setDefault()	method	v2		Sets the render settings to default values. Most of them are read from the Preferences.
vrRenderSettingsService	renderSettingsPresetAdded(name)	method	v2		Signal is emitted when a render settings preset is added.
vrRenderSettingsService	renderSettingsPresetRemoved(name)	method	v2		Signal is emitted when a render settings preset is removed.
vrRenderSettingsService	renderSettingsPresetRenamed(oldName, newName)	method	v2		Signal is emitted when a render settings preset is renamed.
vrRenderSettingsTypes.TransparencyMode	ObjectSorting	data	v2		
vrRenderSettingsTypes.TransparencyMode	DepthPeeling	data	v2		
vrRenderSettingsTypes.RealtimeEnvironmentShadowsMode	Off	data	v2		No real-time environment shadows.
vrRenderSettingsTypes.RealtimeEnvironmentShadowsMode	ScreenSpaceAmbientOcclusion	data	v2		See vrdScreenSpaceAmbientOcclusionSettings.
vrRenderSettingsTypes.RealtimeEnvironmentShadowsMode	RaytracedAmbientOcclusion	data	v2		Only supported by Vulkan renderer. See vrdRaytracedAmbientOcclusionSettings.
vrRenderSettingsTypes.RealtimeEnvironmentShadowsMode	RaytracedEnvironmentShadows	data	v2		Only supported by Vulkan renderer. See vrdRaytracedEnvironmentShadowsSettings.
vrRenderSettingsTypes.RealtimeEnvironmentShadowsMode	RaytracedDiffuseGI	data	v2		Only supported by Vulkan renderer. See vrdRaytracedDiffuseGISettings.
vrRenderSettingsTypes.AnimationFormat	RenderAsImages	data	v2		
vrRenderSettingsTypes.AnimationFormat	RenderAsMovie	data	v2		
vrRenderSettingsTypes.DepthMode	Standard	data	v2		
vrRenderSettingsTypes.DepthMode	Linear	data	v2		
vrRenderSettingsTypes.DepthMode	NormalizedLinear	data	v2		
vrRenderSettingsTypes.DepthMode	NormalizedLinearReversed	data	v2		
vrRenderSettingsTypes.PhotonMode	Off	data	v2		Disables Photon Tracing and uses the default full global illumination algorithm in VRED.
vrRenderSettingsTypes.PhotonMode	Indirect	data	v2		Indirect Only - Uses Photon Tracing to calculate the indirect illumination (all the inter-reflected light) in a scene. This is the most common mode.
vrRenderSettingsTypes.PhotonMode	IndirectAndCaustics	data	v2		Caustics + Indirect - Uses Photon Tracing to calculate indirect illumination and caustics due to specular materials in a scene. Important for transparent and se
vrRenderSettingsTypes.PhotonMapRefreshMode	OnEachSample	data	v2		Updates the photon map for each image sample. You should use this setting if you have animated objects in your scene since the photon count may be to low otherw
vrRenderSettingsTypes.PhotonMapRefreshMode	OnSceneChange	data	v2		Only updates the photonmap if the scene changes. If used with caustics, the caustic map is still rebuild for each image sample. Use this setting for fastest ren
vrRenderSettingsTypes.ICCProfile	CurrentSettings	data	v2		
vrRenderSettingsTypes.ICCProfile	sRGB_IEC_61966_21	data	v2		
vrRenderSettingsTypes.ICCProfile	AdobeRGB_98	data	v2		
vrRenderSettingsTypes.ICCProfile	MonitorICCProfile	data	v2		
vrRenderSettingsTypes.ICCProfile	ImageICCProfile	data	v2		
vrRenderSettingsTypes.Illuminant	EqualEnergy	data	v2		Equal Energy assumes all wavelengths to have equal weight to result in a white color.
vrRenderSettingsTypes.Illuminant	D65	data	v2		D65 assumes a D65 illuminant to be white.
vrRenderSettingsTypes.DenoiserMode	Off	data	v2		
vrRenderSettingsTypes.DenoiserMode	DeepLearningStillframe	data	v2		
vrRenderSettingsTypes.DenoiserMode	DeepLearningAlways	data	v2		
vrRenderSettingsTypes.AnimationType	Clip	data	v2		
vrRenderSettingsTypes.AnimationType	Timeline	data	v2		
vrRenderSettingsTypes.VolumeEvaluationMode	RayMarching	data	v2		
vrRenderSettingsTypes.VolumeEvaluationMode	MultiScattering	data	v2		
vrRenderSettingsTypes.AAthresholdQuality	PrewiewQuality	data	v2		
vrRenderSettingsTypes.AAthresholdQuality	LowQuality	data	v2		
vrRenderSettingsTypes.AAthresholdQuality	MediumQuality	data	v2		
vrRenderSettingsTypes.AAthresholdQuality	HighQuality	data	v2		
vrRenderSettingsTypes.AAthresholdQuality	UltraHighQuality	data	v2		
vrRenderSettingsTypes.AAthresholdQuality	HighestQuality	data	v2		
vrRenderSettingsTypes.IlluminationMode	Precomputed	data	v2		
vrRenderSettingsTypes.IlluminationMode	PrecomputedAndReflections	data	v2		
vrRenderSettingsTypes.IlluminationMode	PrecomputedAndShadows	data	v2		
vrRenderSettingsTypes.IlluminationMode	PrecomputedAndIBL	data	v2		
vrRenderSettingsTypes.IlluminationMode	FullGlobalIllumination	data	v2		
vrRenderSettingsTypes.RenderingColorSpace	LinearRec709_sRGB	data	v2		
vrRenderSettingsTypes.RenderingColorSpace	ACEScg	data	v2		
vrRenderSettingsTypes.RenderingColorSpace	LinearP3_D65	data	v2		
vrRenderSettingsTypes.RenderingColorSpace	LinearRec2020	data	v2		
vrRenderSettingsTypes.PixelFilterType	Box	data	v2		
vrRenderSettingsTypes.PixelFilterType	Triangle	data	v2		
vrRenderSettingsTypes.PixelFilterType	Gaussian	data	v2		
vrRenderSettingsTypes.PixelFilterType	MitchellNetravali	data	v2		
vrRenderSettingsTypes.PixelFilterType	Lancsoz	data	v2		
vrRenderSettingsTypes.PixelFilterType	BSpline	data	v2		
vrRenderSettingsTypes.PixelFilterType	CatmullRom	data	v2		
vrRenderSettingsTypes.PixelFilterType	SharpTriangle	data	v2		
vrRenderSettingsTypes.PixelFilterType	SharpGaussian	data	v2		
vrRenderSettingsTypes.PixelFilterType	SharpBSpine	data	v2		
vrRenderSettingsTypes.BRDFMode	Ver_6_below	data	v2		(Deprecated) Version 6.0x and below handled diffuse and glossy terms separately which caused dark edges on geometries especially when using a non-white glossy c
vrRenderSettingsTypes.BRDFMode	Ver_2014_above	data	v2		(Deprecated) In version 2014 and above, the diffuse and glossy terms interact to ensure a better energy conserving behavior. Dark edges on geometries are reduce
vrRenderSettingsTypes.BRDFMode	EnergyPreservingGGX	data	v2		Energy Preserving GGX conserves and preserves the energy, especially for high roughness values. This ensures that no energy is added when evaluating the lightin
vrRenderSettingsTypes.DenoiserInput	ColorOnly	data	v2		
vrRenderSettingsTypes.DenoiserInput	ColorAlbedo	data	v2		
vrRenderSettingsTypes.DenoiserInput	ColorAlbedoNormal	data	v2		
vrRenderSettingsTypes.ImageSamplingMode	ImageSampleCount	data	v2		Uses a fixed number of image samples during stillframe antialiasing for the calculation of an image. Higher values produce a cleaner result, while lower values 
vrRenderSettingsTypes.ImageSamplingMode	TimeLimit	data	v2		Uses a maximum time for rendering a single image.
vrRenderSettingsTypes.DenoiserType	OptixDenoiser	data	v2		If the hardware and driver version support it GPU-based OptiX denoiser will be used; otherwise the Open Image denoiser will be used.
vrRenderSettingsTypes.DenoiserType	OpenImageDenoiser	data	v2		Always uses the Open Image denoiser. If available a GPU-based denoising will be done, otherwise the CPU-based denoiser will be used.
vrRenderSettingsTypes.ApplyPresetMode	ApplyAll	data	v2		
vrRenderSettingsTypes.ApplyPresetMode	IgnoreSpectralFlag	data	v2		
vrRenderSettingsTypes.ApplyPresetMode	IgnoreGpuFlag	data	v2		
vrRenderSettingsTypes.ApplyPresetMode	IgnoreFileName	data	v2		
vrRenderSettingsTypes.ApplyPresetMode	IgnoreClipName	data	v2		
vrRenderSettingsTypes.ApplyPresetMode	IgnoreVariantSets	data	v2		
vrRenderSettingsTypes.ApplyPresetMode	IgnoreSceneSpecific	data	v2		
vrRenderSettingsTypes.MetaDataFlags	None_	data	v2		Do not include meta data.
vrRenderSettingsTypes.MetaDataFlags	ActiveCameraSettings	data	v2		Embed current camera settings as meta data in the image file.
vrRenderSettingsTypes.MetaDataFlags	NodeVisibilities	data	v2		Embed all scenegraph node visibilities as meta data in the rendering.
vrRenderSettingsTypes.MetaDataFlags	SwitchNodeStates	data	v2		Embeds all switch node choice states as metadata.
vrRenderSettingsTypes.MetaDataFlags	ImageSettings	data	v2		
vrRenderSettingsTypes.MetaDataFlags	AnimationSettings	data	v2		
vrRenderSettingsTypes.MetaDataFlags	RenderPasses	data	v2		
vrRenderSettingsTypes.MetaDataFlags	RaytracingSettings	data	v2		
vrRenderSettingsTypes.MetaDataFlags	GeneralRenderSettings	data	v2		Embed current render settings as meta data in the image file.
vrRenderSettingsTypes.MetaDataFlags	SwitchMaterialStates	data	v2		Embeds all switch material choice states as metadata.
vrRenderSettingsTypes.MetaDataFlags	All	data	v2		Embeds all the metadata.
vrRenderTypes.ShadingQuality	Native1x1	data	v2		
vrRenderTypes.ShadingQuality	Coarse2x2	data	v2		
vrRenderTypes.ShadingQuality	Coarse4x4	data	v2		
vrRenderTypes.ShadingQuality	Supersampling2x	data	v2		
vrRenderTypes.ShadingQuality	Supersampling4x	data	v2		
vrRenderTypes.ShadingQuality	Supersampling8x	data	v2		
vrRenderTypes.FoveatedQualityPreset	HighestPerformance	data	v2		
vrRenderTypes.FoveatedQualityPreset	Balanced	data	v2		
vrRenderTypes.FoveatedQualityPreset	HighestQuality	data	v2		
vrRenderTypes.FoveatedQualityPreset	Custom	data	v2		
vrRoughnessTextureTypes.ValueMapping	Linear	data	v2		Use linear mapping of roughness values.
vrRoughnessTextureTypes.ValueMapping	Legacy	data	v2		Use legacy mapping of roughness values.
vrScenegraphService	checkAllowance(node, actions)	method	v2	List[bool]	Check if operations are allowed on a given node.
vrScenegraphService	clearSelection()	method	v2		Sets an empty selection.
vrScenegraphService	cloneNodes(nodes)	method	v2	List[vrdNode]	Clones the given nodes.
vrScenegraphService	cloneNodesMirrorAxis(nodes, axis)	method	v2	List[vrdNode]	Clones the given nodes and mirrors them at the given axis.
vrScenegraphService	convertNode(node, type)	method	v2	vrdNode	Tries to convert the given node into another type.
vrScenegraphService	convertToMesh(nodes)	method	v2		Removes all NURBS and converts shell and surfaces nodes to meshes.
vrScenegraphService	copyAnimations(node)	method	v2		Copy all animations in the given node into the clipboard.
vrScenegraphService	copyNodes(nodes)	method	v2		Copy the given nodes into the clipboard.
vrScenegraphService	copyTransformations(nodes)	method	v2		Copy the transformation of the given nodes into the clipboard.
vrScenegraphService	copyTransformVariants(node)	method	v2		Copy all transform variants in the given nodes into the clipboard.
vrScenegraphService	copyUVs(node)	method	v2		Copy all UVs in the given nodes into the clipboard.
vrScenegraphService	createNode(type, parent=vrdNode(), name="", forceUniqueName=True)	method	v2	vrdNode	Creates a new node with the given type.
vrScenegraphService	createShellFromSurfaces(nodes)	method	v2	vrdNode	Creates a new shell from the given surfaces.
vrScenegraphService	createSwitchFromNodes(nodes, parent, index)	method	v2	vrdNode	Creates a new switch from the given nodes.
vrScenegraphService	createVolume(volumeType, parent=vrdNode())	method	v2	vrdNode	Creates a new volume.
vrScenegraphService	cutNodes(nodes)	method	v2		Copy the given nodes into the clipboard and remove them from the scenegraph.
vrScenegraphService	deleteNodes(nodes, keepChildren=False)	method	v2		Deletes the given nodes.
vrScenegraphService	duplicateNodes(nodes, option=vrScenegraphTypes.DuplicateKeepLocalClones)	method	v2	List[vrdNode]	Duplicates the given nodes.
vrScenegraphService	duplicateNodesMirrorAxis(nodes, flushTransform, axis)	method	v2	List[vrdNode]	Duplicates the given nodes and mirrors them at the given axis.
vrScenegraphService	getAllNodes(root=vrdNode(), options=vrdFindOptions())	method	v2	List[vrdNode]	Get all nodes in the scene graph or in a given sub graph.
vrScenegraphService	getEnvironmentGeometrySwitch()	method	v2	vrdSwitchNode	Get the default environment geometry switch.
vrScenegraphService	getInternalRootNode()	method	v2	vrdNode	returns The internal root node of the scene.
vrScenegraphService	getLastHiddenNodes()	method	v2	List[vrdNode]	returns The last hidden nodes.
vrScenegraphService	getLiveSearchEnabled()	method	v2	bool	returns True, if live search is enabled
vrScenegraphService	getMirroredNodes(node=vrdNode())	method	v2	List[vrdNode]	Get all nodes having a mirror transformation.
vrScenegraphService	getNodeInfo(nodes)	method	v2	vrdNodeInfo	Get statistical information for the given nodes.
vrScenegraphService	getNodesInClipboard()	method	v2	List[vrdNode]	returns The nodes that are in the clipboard.
vrScenegraphService	getNodesWithAllTags(tags, root=vrdNode())	method	v2	List[vrdNode]	Get the nodes that have all the given tags.
vrScenegraphService	getNodesWithAnyTag(tags, root=vrdNode())	method	v2	List[vrdNode]	Get the nodes that have any of the given tags.
vrScenegraphService	getRootNode()	method	v2	vrdNode	returns The root node of the scene graph
vrScenegraphService	getSelectedNode()	method	v2	vrdNode	returns Returns the last node in the list of selected nodes. This is the node that was selected most recently.
vrScenegraphService	getSelectedNodes()	method	v2	List[vrdNode]	returns The currently selected nodes in the scene graph view.
vrScenegraphService	getSelectedRootNodes(sorted=True)	method	v2	List[vrdNode]	returns The currently selected nodes in the scene graph view. Children of selected nodes are ignored.
vrScenegraphService	getSelectedSubtreeNodes()	method	v2	List[vrdNode]	returns The currently selected nodes in the scene graph view ordered by graph position including all their child nodes.
vrScenegraphService	getShowComponents()	method	v2	bool	returns True, if shell components are shown in the scene graph view
vrScenegraphService	getSuperRootNode()	method	v2	vrdNode	returns The super root node of the scene.
vrScenegraphService	getSyncShowHide()	method	v2	bool	returns True, if synchronize show and hide state for shared nodes is enabled
vrScenegraphService	getTransformableCloneRootEnabled()	method	v2	bool	See vrScenegraphService.setTransformableCloneRootEnabled(value) for a description of this option.
vrScenegraphService	getTransformRootNode()	method	v2	vrdNode	returns The transform root node of the scene.
vrScenegraphService	getTreeInfo()	method	v2	List[integer]	Get encoded scenegraph structure.
vrScenegraphService	getTreeItemInfo(node)	method	v2	vrdSceneItemInfo	Get detailed node information used in the scenegraph tree view.
vrScenegraphService	getTreeItemInfoFlags(node)	method	v2	vrdSceneItemInfo.Flags	Get node feature information used in the scenegraph tree view.
vrScenegraphService	groupByMaterial()	method	v2		Groups the whole scene graph by materials.
vrScenegraphService	groupNodes(nodes)	method	v2	vrdNode	Places all given nodes into a new group.
vrScenegraphService	growComponentSelection(componentNodes)	method	v2		Selects the given components as well as their nearest adjacent components.
vrScenegraphService	hasLastHiddenNodes()	method	v2	bool	returns True, if there are nodes in the last hidden nodes list.
vrScenegraphService	invertGeometrySelection()	method	v2		Inverts selection on geometry nodes.
vrScenegraphService	invertGeometrySelectionInGroup(geometryNodes)	method	v2		Inverts selection on geometry nodes only within their containing group and subgroups.
vrScenegraphService	isAllowed(node, action)	method	v2	bool	Check if an operation is allowed on the given node.
vrScenegraphService	isIsolateViewActive(renderWindowIndex=-1)	method	v2	bool	Check, if isolate view is active.
vrScenegraphService	isSceneEmpty()	method	v2	bool	Gets if the scene is empty.
vrScenegraphService	loadAnimationsToNodes(fileName, nodes)	method	v2		Load animations from file and add them to the given nodes.
vrScenegraphService	loadPointClouds(fileNames, parent=vrdNode())	method	v2	List[vrdNode]	Loads point clouds from disk.
vrScenegraphService	pasteAnimations(nodes, pasteAsClone=False)	method	v2		Paste copied animations into the given nodes.
vrScenegraphService	pasteNodes(targetNodes, keepWorldTransformation=False, pasteAsClone=False)	method	v2		Paste copied nodes into the given nodes.
vrScenegraphService	pasteTransformation(targetNodes, translation=True, rotation=True, scale=True, rotationPivot=True, scalePivot=True)	method	v2		Paste copied transformations into the given nodes.
vrScenegraphService	pasteTransformationAsVariant(targetNodes)	method	v2		Paste copied transformations as variants into the given nodes.
vrScenegraphService	pasteTransformVariants(nodes)	method	v2		Paste copied transform variants into the given nodes.
vrScenegraphService	pasteUVs(nodes)	method	v2		Paste copied UVs into the given nodes.
vrScenegraphService	resetIsolateView(renderWindowIndex=-1)	method	v2		Clear isolate view.
vrScenegraphService	selectAllClones(nodes)	method	v2		Selects all clones of given nodes.
vrScenegraphService	selectAllInSameHierarchyLevel(node)	method	v2		Selects all nodes in the same level as given node.
vrScenegraphService	selectAllTransformableClones(nodes)	method	v2		Selects all transformable clones of given nodes.
vrScenegraphService	selectAllWithMaterials(materials)	method	v2		Selects all nodes which have any of the given materials applied to them.
vrScenegraphService	selectCommonParent(nodes)	method	v2		Selects the first common parent of given nodes.
vrScenegraphService	selectTopLevel()	method	v2		Selects all top-level nodes below root node.
vrScenegraphService	setIsolateView(nodes, renderWindowIndex=-1)	method	v2		Only show the given nodes.
vrScenegraphService	setLiveSearchEnabled(value)	method	v2		Enables or disables live search.
vrScenegraphService	setNodeVisibility(nodes, visible, recursive=False)	method	v2		Changes the visibility for the given list of nodes.
vrScenegraphService	setSelection(nodes)	method	v2		Changes the node selection.
vrScenegraphService	setShowComponents(value)	method	v2		Show or hide shell components in the scene graph view.
vrScenegraphService	setSwitchChoiceByAllTags(switchNode, tags)	method	v2	bool	Sets the choice of a switch node to the first child with all of the given tags. If not found the choice stays unchanged.
vrScenegraphService	setSwitchChoiceByAnyTag(switchNode, tags)	method	v2	bool	Sets the choice of a switch node to the first child with any of the given tags. If not found the choice stays unchanged.
vrScenegraphService	setSyncShowHide(value)	method	v2		Enables synchronization of visibility when using show and hide on shared nodes.
vrScenegraphService	setTransformableCloneRootEnabled(value)	method	v2		This option controls the outcome of functions that create cloned nodes, e.g. cloneNodes and cloneNodeMirrorAxis, for input root nodes that are transform nodes.
vrScenegraphService	shrinkComponentSelection(componentNodes)	method	v2		Selects the given components but without their outermost components.
vrScenegraphService	editSelected()	method	v2		This signal is emitted, to open the node name editor.
vrScenegraphService	isolateViewChanged(renderWindowIndex=-1)	method	v2		This signal is emitted, whenever isolate view changes.
vrScenegraphService	nodeIdChanged(oldId, newId)	method	v2		Called, if the id of a node has changed. E.g. on unshare node.
vrScenegraphService	scenegraphChanged(changes=vrScenegraphTypes.AllChanged)	method	v2		This signal is emitted, whenever the scenegraph changes.
vrScenegraphService	scrollToNode(node)	method	v2		This signal is emitted, to scroll to the given node.
vrScenegraphService	scrollToSelected()	method	v2		This signal is emitted, to scroll to the first selected node.
vrScenegraphService	selectionChanged(selectedNodes)	method	v2		This signal is emitted whenever the selection changes.
vrScenegraphTypes.UnshareOption	UnshareAll	data	v2		Breaks all clone connections in the subtree.
vrScenegraphTypes.UnshareOption	KeepLocalClones	data	v2		Breaks all clone connections from nodes in the subtree to other parts of the Scenegraph. Keeps clone connections within the subtree.
vrScenegraphTypes.UnshareOption	KeepGlobalClones	data	v2		Breaks the clone connection of the selected node and of implicitly shared children. Shared children that have explicit clone connections to other nodes (inside 
vrScenegraphTypes.DuplicateOption	DuplicateAll	data	v2		Duplicate node without keeping any clone structure in its hierarchy.
vrScenegraphTypes.DuplicateOption	DuplicateKeepLocalClones	data	v2		Duplicate node and keep the inner clone structure in its hierarchy.
vrScenegraphTypes.DuplicateOption	DuplicateKeepClones	data	v2		Duplicate node and in its hierarchy keep inner clone structure as well as clone connections to other parts of the Scenegraph.
vrScenegraphTypes.Action	Rename	data	v2		
vrScenegraphTypes.Action	Convert	data	v2		
vrScenegraphTypes.Action	ShowHide	data	v2		
vrScenegraphTypes.Action	SetSide	data	v2		
vrScenegraphTypes.Action	AddSubChild	data	v2		
vrScenegraphTypes.Action	MoveTo	data	v2		
vrScenegraphTypes.Action	ApplyMaterial	data	v2		
vrScenegraphTypes.Action	Delete	data	v2		
vrScenegraphTypes.Action	RemoveSelected	data	v2		
vrScenegraphTypes.Action	Cut	data	v2		
vrScenegraphTypes.Action	Paste	data	v2		
vrScenegraphTypes.Action	Clone	data	v2		
vrScenegraphTypes.Action	Unshare	data	v2		
vrScenegraphTypes.Action	ReloadFile	data	v2		
vrScenegraphTypes.Action	ReplaceFile	data	v2		
vrScenegraphTypes.Action	Tessellate	data	v2		
vrScenegraphTypes.Action	ShellFromSelection	data	v2		
vrScenegraphTypes.Action	EditGeometry	data	v2		
vrScenegraphTypes.Action	Edit	data	v2		
vrScenegraphTypes.Action	ChangeTransformation	data	v2		
vrScenegraphTypes.Action	ChangeSwitchChoice	data	v2		
vrScenegraphTypes.Action	ChangeAnimation	data	v2		
vrScenegraphTypes.Action	EditLightProperties	data	v2		
vrScenegraphTypes.Action	SwitchLightOnOff	data	v2		
vrScenegraphTypes.Action	ChangeGeometryNormals	data	v2		
vrScenegraphTypes.Action	ChangeGeometryAO	data	v2		
vrScenegraphTypes.Action	ChangeGeometryTextureCoords	data	v2		
vrScenegraphTypes.Action	CameraNavigation	data	v2		
vrScenegraphTypes.Action	EditCameraProperties	data	v2		
vrScenegraphTypes.Action	ModifyAsset	data	v2		
vrScenegraphTypes.ChangeFlag	GraphChanged	data	v2		
vrScenegraphTypes.ChangeFlag	NodeChanged	data	v2		
vrScenegraphTypes.ChangeFlag	MetadataChanged	data	v2		
vrScenegraphTypes.ChangeFlag	AllChanged	data	v2		
vrScenegraphTypes.NodeType	BillboardNode	data	v2		
vrScenegraphTypes.NodeType	ClipPlaneNode	data	v2		
vrScenegraphTypes.NodeType	DistanceLODNode	data	v2		
vrScenegraphTypes.NodeType	TransformNode	data	v2		
vrScenegraphTypes.NodeType	HostSwitchNode	data	v2		
vrScenegraphTypes.NodeType	MaterialNode	data	v2		
vrScenegraphTypes.NodeType	MatrixTransformNode	data	v2		
vrScenegraphTypes.NodeType	ShellNode	data	v2		
vrScenegraphTypes.NodeType	SurfaceNode	data	v2		
vrScenegraphTypes.NodeType	SoundNode	data	v2		
vrScenegraphTypes.NodeType	SoundObstructorNode	data	v2		
vrScenegraphTypes.NodeType	StereoSwitchNode	data	v2		
vrScenegraphTypes.NodeType	SwitchNode	data	v2		
vrScenegraphTypes.NodeType	VolumeNode	data	v2		
vrScenegraphTypes.NodeType	PointCloudNode	data	v2		
vrScenegraphTypes.VolumeType	Scatter	data	v2		
vrScenegraphTypes.VolumeType	OpenVDB	data	v2		
vrScenegraphTypes.MirrorMode	MirrorNone	data	v2		
vrScenegraphTypes.MirrorMode	MirrorX	data	v2		
vrScenegraphTypes.MirrorMode	MirrorY	data	v2		
vrScenegraphTypes.MirrorMode	MirrorZ	data	v2		
vrScenegraphTypes.MirrorMode	MirrorXY	data	v2		
vrScenegraphTypes.MirrorMode	MirrorXZ	data	v2		
vrScenegraphTypes.MirrorMode	MirrorYZ	data	v2		
vrScenegraphTypes.MirrorMode	MirrorXYZ	data	v2		
vrSceneplateService	clearSelection()	method	v2		Clears the current sceneplate selection.
vrSceneplateService	copyNodes(nodes)	method	v2		Copy Nodes.
vrSceneplateService	createGroupForNodes(nodes)	method	v2	vrdNode	All given nodes will be moved to a new created group.
vrSceneplateService	createNode(parent, type, name)	method	v2	vrdNode	Creates a new sceneplate node.
vrSceneplateService	createSwitchForNodes(nodes)	method	v2	vrdSwitchNode	All given nodes will be moved to a new created switch.
vrSceneplateService	cutNodes(nodes)	method	v2		Cut nodes.
vrSceneplateService	duplicateNodes(nodes)	method	v2		Duplicate the nodes.
vrSceneplateService	findNode(name)	method	v2	vrdNode	Returns the first node found in sceneplate hierarchy with the given name.
vrSceneplateService	findNodes(name)	method	v2	List[vrdNode]	Returns list of nodes found in sceneplate hierarchy with the given name.
vrSceneplateService	getAllGroups()	method	v2	List[vrdNode]	Returns all group nodes (excluding sceneplates and switches)
vrSceneplateService	getAllNodes()	method	v2	List[vrdNode]	Returns all nodes (sceneplates, groups and switches)
vrSceneplateService	getAllSceneplates()	method	v2	List[vrdSceneplateNode]	Returns all sceneplates (excluding groups and switches)
vrSceneplateService	getDefaultBackgroundColor()	method	v2	QVector3D	Returns the default background color for new created (text) sceneplates.
vrSceneplateService	getDefaultBackgroundTransparency()	method	v2	float	Returns the default background transparency for new created (text) sceneplates.
vrSceneplateService	getDefaultFont()	method	v2	string	Returns the default font for new created (text) sceneplates.
vrSceneplateService	getDefaultFontColor()	method	v2	QVector3D	Returns the default font color for new created (text) sceneplates.
vrSceneplateService	getPreviewImage(sceneplate)	method	v2	QImage	Returns an image for a node, the image shows the current content of the sceneplate. If a group or switch is selected the content of the first visible sceneplate
vrSceneplateService	getRootNode()	method	v2	vrdNode	Returns the root node of all sceneplates.
vrSceneplateService	getSelectedNodes()	method	v2	List[vrdNode]	Returns the currently selected nodes.
vrSceneplateService	loadNodes(filename)	method	v2	bool	Load sceneplate nodes from file with the given name.
vrSceneplateService	pasteAllAttributes(nodes)	method	v2		Paste all attributes from the first node in copy buffer to the given nodes.
vrSceneplateService	pasteColorCorrection(nodes)	method	v2		Paste color correction setting from the first node in copy buffer to the given nodes.
vrSceneplateService	pasteNodes(targetRoot)	method	v2		Paste nodes.
vrSceneplateService	pasteProperties(nodes)	method	v2		Paste properties (all information about the content) from the first node in copy buffer to the given nodes.
vrSceneplateService	pasteSizeAndPosition(nodes)	method	v2		Paste size and position from the first node in copy buffer to the given nodes.
vrSceneplateService	reloadWebPage(nodes)	method	v2		Reloads the web pages of the given nodes.
vrSceneplateService	removeAllGroups()	method	v2		Removes all groups (not switches) from the sceneplate hierarchy.
vrSceneplateService	removeNodes(nodes)	method	v2		Remove nodes from sceneplates.
vrSceneplateService	saveNodes(filename, nodes)	method	v2	bool	Saves the nodes to the file with the given name.
vrSceneplateService	setDefaultBackgroundColor(color)	method	v2		Sets the default background color for new created (text) sceneplates.
vrSceneplateService	setDefaultBackgroundTransparency(transparency)	method	v2		Sets the default background transparency for new created (text) sceneplates.
vrSceneplateService	setDefaultFont(font)	method	v2		Sets the default font for new created (text) sceneplates.
vrSceneplateService	setDefaultFontColor(color)	method	v2		Sets the default font color for new created (text) sceneplates.
vrSceneplateService	setSelectedNodes(nodes)	method	v2		Sets the sceneplate selection.
vrSceneplateService	nodesAdded(nodes)	method	v2		Notifies about nodes added to the sceneplate hierarchy.
vrSceneplateService	nodesChanged()	method	v2		Notifies about changes in node structure, e.g. after a new scene.
vrSceneplateService	nodesRemoved(nodes)	method	v2		Notifies about nodes removed from the sceneplate hierarchy.
vrSceneplateService	nodesSelected(nodes)	method	v2		Notifies about selection changes of sceneplates.
vrSceneplateTypes.NodeType	Frontplate	data	v2		
vrSceneplateTypes.NodeType	Backplate	data	v2		
vrSceneplateTypes.NodeType	Group	data	v2		
vrSceneplateTypes.NodeType	Switch	data	v2		
vrSceneplateTypes.NodeType	Depthplate	data	v2		
vrSceneplateTypes.NodeType	All	data	v2		
vrSceneplateTypes.ContentType	Image	data	v2		
vrSceneplateTypes.ContentType	Web	data	v2		
vrSceneplateTypes.ContentType	Text	data	v2		
vrSceneplateTypes.SizeType	Absolute	data	v2		
vrSceneplateTypes.SizeType	Relative	data	v2		
vrSceneplateTypes.Position	Top	data	v2		
vrSceneplateTypes.Position	Bottom	data	v2		
vrSceneplateTypes.Position	Left	data	v2		
vrSceneplateTypes.Position	Right	data	v2		
vrSceneplateTypes.Position	Center	data	v2		
vrSceneplateTypes.Position	TopLeft	data	v2		
vrSceneplateTypes.Position	TopRight	data	v2		
vrSceneplateTypes.Position	BottomLeft	data	v2		
vrSceneplateTypes.Position	BottomRight	data	v2		
vrSceneplateTypes.RepeatMode	Repeat	data	v2		
vrSceneplateTypes.RepeatMode	Mirror	data	v2		
vrSceneplateTypes.RepeatMode	Decal	data	v2		
vrSceneplateTypes.RepeatMode	Clamp	data	v2		
vrSessionService	abortProgress()	method	v2		Aborts a running project file upload or download.
vrSessionService	addNodeSync(node)	method	v2		Transformation and visibility changes will by synchronized for all registered nodes This node sync is only used in python and does not affect transformations th
vrSessionService	blockSync(commandTypeName="")	method	v2		Calling blockSync, blocks all synchronizations to other users.
vrSessionService	checkSessionLink(passwd, sessionLink)	method	v2	bool	Checks if the password is valid.
vrSessionService	createSessionLink(server, passwd)	method	v2	string	Creates a connection string from the hostname and a password.
vrSessionService	getDefaultAvatarHeadFile(type)	method	v2	string	Gets the default avatar head file for the specified avatar type.
vrSessionService	getDefaultAvatarLeftHandFile(type)	method	v2	string	Gets the default avatar left hand file for the specified avatar type.
vrSessionService	getDefaultAvatarRightHandFile(type)	method	v2	string	Gets the default avatar right hand file for the specified avatar type.
vrSessionService	getDefaultAvatarTorsoFile(type)	method	v2	string	Gets the default avatar torso file for the specified avatar type.
vrSessionService	getDefaultAvatarType()	method	v2	vrCollaborationTypes.AvatarType	Gets the default avatar type for collaboration sessions.
vrSessionService	getDefaultColors()	method	v2	Dict[string,QColor]	returns Returns a map of default avatar color names and colors
vrSessionService	getPauseSync()	method	v2	bool	Get the current pause state
vrSessionService	getRemoteUsers()	method	v2	List[vrdSessionUser]	returns A list of all other users without the local user
vrSessionService	getSessionLink()	method	v2	string	Returns the connection string of the collaboration session.
vrSessionService	getShowSceneDownloadWarning()	method	v2	bool	returns True, a massage box on scene download will be displayed
vrSessionService	getShowSceneUploadWarning()	method	v2	bool	returns True, a massage box on scene upload will be displayed
vrSessionService	getSyncCommandNames()	method	v2	List[string]	Get all known command type names. These names can be used in blockSync and unblockSync.
vrSessionService	getUser()	method	v2	vrdSessionUser	returns Information about the local user
vrSessionService	getUsers()	method	v2	List[vrdSessionUser]	returns A list of all connected users
vrSessionService	isConnected()	method	v2	bool	Checks whether vred is connected to a collaboration session.
vrSessionService	isJoinCompleted()	method	v2	bool	Checks whether the connection has been established.
vrSessionService	isMicrophoneMute()	method	v2	bool	Get microphone muted state.
vrSessionService	isSpatialAudio()	method	v2	bool	Get spatioal audio setting.
vrSessionService	isSpeakerMute()	method	v2	bool	Get speaker muted state.
vrSessionService	isUserAutoColor()	method	v2	bool	returns True, if auto color was selected or transparent passed to setUsetColor
vrSessionService	join(sessionLink, userName="", color=Qt.transparent, roomName="", passwd="", forceVersion=False)	method	v2		Joins an existing or creates a new vr collaboration sesson.
vrSessionService	leave()	method	v2		Leaves the collaboration session.
vrSessionService	muteOtherUsers()	method	v2		Mutes all other users.
vrSessionService	muteUsers(users)	method	v2		Mutes the given users.
vrSessionService	removeNodeSync(node)	method	v2		Remove node from synchronization. Like addNodeSync, this does not have an effect on changes triggered by variant sets and other interactively triggered transfor
vrSessionService	sendPython(command, commandId="")	method	v2		Sends a python command to all users including the sender.
vrSessionService	setAudioEnabled(value)	method	v2		Enables audio communication.
vrSessionService	setAvatarProximityOpaqueDistance(value)	method	v2		Changes the distance from which avatars are opaque.
vrSessionService	setAvatarProximityTransparentDistance(value)	method	v2		Changes the distance from which avatars become fully transparent.
vrSessionService	setAvatarSafetyOpaqueDistance(value)	method	v2		Changes the distance to fade safety avatars.
vrSessionService	setAvatarSafetyTransparentDistance(value)	method	v2		Changes distance to hide safety avatars.
vrSessionService	setDefaultAvatarHeadFile(type, fileName)	method	v2		Sets the default avatar head file for the specified avatar type.
vrSessionService	setDefaultAvatarLeftHandFile(type, fileName)	method	v2		Sets the default avatar left hand file for the specified avatar type.
vrSessionService	setDefaultAvatarRightHandFile(type, fileName)	method	v2		Sets the default avatar right hand file for the specified avatar type.
vrSessionService	setDefaultAvatarTorsoFile(type, fileName)	method	v2		Sets the default avatar torso file for the specified avatar type.
vrSessionService	setDefaultAvatarType(type)	method	v2		Sets the default avatar type for collaboration sessions.
vrSessionService	setMicrophoneLevel(value)	method	v2		Adjusts microphone level.
vrSessionService	setMicrophoneMute(value)	method	v2		Mutes the microphone.
vrSessionService	setPauseSync(value)	method	v2		Pause synchronizaiton.
vrSessionService	setPointerToolActive(on)	method	v2		Activates the pointing tool.
vrSessionService	setPointerVisible(value)	method	v2		Makes the pointing tool visible for all other users.
vrSessionService	setRoom(room)	method	v2		Changes the room name, used for safety avatar visualization.
vrSessionService	setShowSceneDownloadWarning(value)	method	v2		Enable or disable massage box on scene download.
vrSessionService	setShowSceneUploadWarning(value)	method	v2		Enable or disable massage box on scene upload.
vrSessionService	setSpatialAudio(value)	method	v2		Enables 3D sound for collaboration audio communications.
vrSessionService	setSpeakerLevel(value)	method	v2		Adjusts speaker volume.
vrSessionService	setSpeakerMute(value)	method	v2		Mutes the speaker.
vrSessionService	setUserColor(userColor)	method	v2		Change the user color.
vrSessionService	setUserName(userName)	method	v2		Changes the user name.
vrSessionService	showDesktopAvatar(on)	method	v2		Toggles how the local user is shown in desktop mode to the other users, either as tablet (default) or as avatar.
vrSessionService	spectate(on, userId=0)	method	v2		Turns spectator mode on or off.
vrSessionService	stopForAll()	method	v2		Stops the collaboration session for all connected users.
vrSessionService	syncNode(node)	method	v2		Synchronize position and visibility with all other users.
vrSessionService	toPythonString(matrix)	method	v2	string	Convert matrix to a python string that can used in sendPython.
vrSessionService	toPythonString(vector2d)	method	v2	string	Convert vector to a python string that can used in sendPython.
vrSessionService	toPythonString(vector3d)	method	v2	string	Convert vector to a python string that can used in sendPython.
vrSessionService	toPythonString(node)	method	v2	string	Convert a node to a python string that can used in sendPython.
vrSessionService	toPythonString(material)	method	v2	string	Convert a material to a python string that can used in sendPython.
vrSessionService	toPythonString(nodes)	method	v2	string	Convert a list of nodes to a python string that can used in sendPython.
vrSessionService	unblockSync(commandTypeName="")	method	v2		Calling unblockSync resumes synchronizations to other users.
vrSessionService	uploadScene()	method	v2		Sends the current project in the memory to all connected users.
vrSessionService	uploadScenePath(path)	method	v2		Sends the path of the project to be loaded to all users.
vrSessionService	joinFailed(message, wrongVersion)	method	v2		The join operation has failed.
vrSessionService	microphoneMuted(value)	method	v2		Microphone has been muted or unmuted.
vrSessionService	pointerToolActiveChanged(on)	method	v2		The pointing tool has been activated.
vrSessionService	progressChanged(action, progress)	method	v2		Project upload or download progress has changed.
vrSessionService	progressFinished()	method	v2		Project upload or download operatrion has been completed.
vrSessionService	receivedSessionConfig(config)	method	v2		A session configuration has been double clicked or dropped to the VRED window.
vrSessionService	requestSceneDownload(reject)	method	v2		A collaboration session has been left.
vrSessionService	sessionJoined()	method	v2		A collaboration session has been joined.
vrSessionService	sessionLeft()	method	v2		A collaboration session has been left.
vrSessionService	speakerMuted(value)	method	v2		Speaker has been muted or unmuted.
vrSessionService	spectateChanged(on, userId)	method	v2		Spectator mode has been changed.
vrSessionService	statusChanged()	method	v2		Connection status or other user properties have been changed.
vrSessionService	userArrives(user)	method	v2		A new user has joined the session.
vrSessionService	userLeaves(user)	method	v2		A user has left the session.
vrSpectrum.SpectraDefines	SpectraSampleCount	data	v2		
vrSpectrum.SpectraDefines	WavelengthStart	data	v2		
vrSpectrum.SpectraDefines	WavelengthEnd	data	v2		
vrSpectrum.SpectraDefines	WavelengthDelta	data	v2		
vrSpectrum.SpectraDefines	SourceWavelengthsCount	data	v2		
vrSpectrum.SpectraDefines	SourceWavelengthDelta	data	v2		
vrSpectrum.AnalyticFunction	Blackbody	data	v2		
vrSpectrum.AnalyticFunction	CIE_D	data	v2		
vrSpectrum.AnalyticFunction	Gauss	data	v2		
vrSpectrum.AnalyticFunction	Cosine	data	v2		
vrSpectrum.AnalyticFunction	Bartlett	data	v2		
vrSpectrum.AnalyticFunction	Blackman	data	v2		
vrSpectrum.AnalyticFunction	Connes	data	v2		
vrSpectrum.AnalyticFunction	Hamming	data	v2		
vrSpectrum.AnalyticFunction	Hanning	data	v2		
vrSpectrum.AnalyticFunction	Lorentzian	data	v2		
vrSpectrum.AnalyticFunction	Welch	data	v2		
vrSpectrum	add(spectrumB)	method	v2		Adds a spectrum to the current spectrum When the wavelengths of the two spectra do not overlap they will be concatenated. If the wavelengths do overlap the valu
vrSpectrum	addAnalyticFunction(function, peakWavelength, peakIntensity, fwhm, kelvin, clear=True, wavelengthStart=WavelengthStart, wavelengthDelta=SourceWavelengthDelta, wavelengthCount=SourceWavelengthsCount)	method	v2		Calculates an analytic spectrum and adds it to the current spectrum.
vrSpectrum	copy(source)	method	v2	bool	Copies the given spectrum to the current spectrum.
vrSpectrum	getMaxValue()	method	v2	float	Returns the maximum value of the spectrum.
vrSpectrum	getPhotometricValue()	method	v2	float	Returns the photometric value of the spectrum.
vrSpectrum	getRGB()	method	v2	QVector3D	Converts the reflection spectrum to linear rgb with sRGB primaries and returns it.
vrSpectrum	getSample(i)	method	v2	float	Returns sampled for the i-th sample in the spectrum.
vrSpectrum	getSamples()	method	v2	List[float]	Returns the sampled spectrum values.
vrSpectrum	getSourceValue(i)	method	v2	float	Returns source spectrum value for the i-th sample in the spectrum.
vrSpectrum	getSourceValues()	method	v2	List[float]	Returns the list of source spectrum values used in the spectrum.
vrSpectrum	getStartWavelength()	method	v2	integer	Returns the first wavelength of the spectrum.
vrSpectrum	getSum()	method	v2	float	Returns the sum of all sample values of the spectrum.
vrSpectrum	getUseSpectrum()	method	v2	bool	Returns whether the spectrum is set to active or not.
vrSpectrum	getWavelength(i)	method	v2	float	Returns wavelength for the i-th sample in the spectrum.
vrSpectrum	getWavelengthCount()	method	v2	integer	Returns the number of wavelength/value pairs in the spectrum.
vrSpectrum	getWavelengthDelta()	method	v2	integer	Returns the delta between wavelengths of the spectrum.
vrSpectrum	getWavelengths()	method	v2	List[float]	Returns the list of wavelengths used in the spectrum.
vrSpectrum	getXYZ()	method	v2	QVector3D	Converts the spectrum to CIE XYZ and returns it.
vrSpectrum	isActive()	method	v2	bool	Returns whether the spectrum is active or inactive.
vrSpectrum	isInitialized()	method	v2	bool	Returns whether the spectrum has been initialized.
vrSpectrum	load(filename)	method	v2	bool	Loads the spectrum data from a file.
vrSpectrum	operator=(other)	method	v2	vrSpectrum	Assigns another spectrum to the current spectrum.
vrSpectrum	resampleSource(wavelengthStart, wavelengthDelta, wavelengthCount)	method	v2		Resamples the source spectrum according to the given settings.
vrSpectrum	save(filename)	method	v2	bool	Saves the spectrum data to a file.
vrSpectrum	scale(scalingFactor)	method	v2		Scales the current spectrum.
vrSpectrum	set(value, wavelengthStart=WavelengthStart, wavelengthDelta=SourceWavelengthDelta, wavelengthCount=SourceWavelengthsCount)	method	v2		Sets the spectrum to a given value for all wavelengths.
vrSpectrum	set(wavelengthStart, wavelengthDelta, values)	method	v2	bool	Sets the values of a spectrum.
vrSpectrum	set(wavelengths, values)	method	v2	bool	Sets the values of a spectrum.
vrSpectrum	setIlluminationSpectrumFromRGB(red, green, blue, wavelengthStart=WavelengthStart, wavelengthDelta=SourceWavelengthDelta, wavelengthCount=SourceWavelengthsCount)	method	v2		Set the spectrum to a D65 based illumination spectrum from linear rgb values with sRGB primaries.
vrSpectrum	setOne()	method	v2		Sets the spectrum to all 1 with the default range from 380nm to 780nm with a wavelength delta of 5nm.
vrSpectrum	setPhotometricValue(value)	method	v2		Scales the spectrum to match the given photometric value.
vrSpectrum	setRGB(red, green, blue, wavelengthStart=WavelengthStart, wavelengthDelta=SourceWavelengthDelta, wavelengthCount=SourceWavelengthsCount)	method	v2		Set the spectrum to a reflection spectrum from linear rgb values with sRGB primaries.
vrSpectrum	setUseSpectrum(useSpectrum)	method	v2		Sets the spectrum to active or inactive.
vrSpectrum	vrSpectrum()	method	v2		Creates an empty spectrum.
vrSpectrum	vrSpectrum(other)	method	v2		Creates a copy of another spectrum.
vrSpectrum	vrSpectrum(red, green, blue)	method	v2		Creates a new spectrum initialized form linear rgb values with sRGB primaries. The range of the spectrum is from 380nm to 780nm with a wavelength delta of 5nm.
vrSpectrum	vrSpectrum(rgb)	method	v2		Creates a new spectrum initialized form linear rgb values with sRGB primaries. The range of the spectrum is from 380nm to 780nm with a wavelength delta of 5nm.
vrStyleTypes.ColorTheme	DarkGray	data	v2		
vrStyleTypes.ColorTheme	DarkBlue	data	v2		
vrStyleTypes.ColorTheme	Light	data	v2		
vrSubstanceTypes.PresetApplyMode	ApplyAndReset	data	v2		Applies the stored values of the preset and resets all graph inputs which are not included in the preset.
vrSubstanceTypes.PresetApplyMode	ApplyAndMerge	data	v2		Applies the stored values of the preset and leaves all other graph inputs unchanged.
vrSubstanceTypes.PresetApplyMode	UsePreference	data	v2		Use the entry from the preferences which is either Apply and Reset or Apply and Merge.
vrTextureTypes.RepeatMode	Repeat	data	v2		Repeats the texture.
vrTextureTypes.RepeatMode	Mirrored	data	v2		Repeats and mirrors the texture.
vrTextureTypes.RepeatMode	Decal	data	v2		The texture is not repeated.
vrTextureTypes.RepeatMode	Clamp	data	v2		Repeats only the last pixel of the texture.
vrTextureTypes.MappingType	UVMapping	data	v2		Use UV coordinates for texture mapping.
vrTextureTypes.MappingType	PlanarMapping	data	v2		Apply planar mapping to texture.
vrTextureTypes.MappingType	TriplanarMapping	data	v2		Apply triplanar mapping to texture.
vrTextureTypes.TriplanarBlendMode	Curved	data	v2		
vrTextureTypes.TriplanarBlendMode	Linear	data	v2		
vrTextureTypes.Axis	X	data	v2		
vrTextureTypes.Axis	Y	data	v2		
vrTextureTypes.Axis	Z	data	v2		
vrTextureTypes.Axis	Custom	data	v2		
vrTransformTypes.EulerRotationOrder	XYZ	data	v2		
vrTransformTypes.EulerRotationOrder	XZY	data	v2		
vrTransformTypes.EulerRotationOrder	YXZ	data	v2		
vrTransformTypes.EulerRotationOrder	YZX	data	v2		
vrTransformTypes.EulerRotationOrder	ZXY	data	v2		
vrTransformTypes.EulerRotationOrder	ZYX	data	v2		
vrTransformTypes.Axis	X	data	v2		
vrTransformTypes.Axis	Y	data	v2		
vrTransformTypes.Axis	Z	data	v2		
vrTransformTypes.VariantValueBitMask	NoTransValue	data	v2		
vrTransformTypes.VariantValueBitMask	TransXValue	data	v2		
vrTransformTypes.VariantValueBitMask	TransYValue	data	v2		
vrTransformTypes.VariantValueBitMask	TransZValue	data	v2		
vrTransformTypes.VariantValueBitMask	AllTransValues	data	v2		
vrTransformTypes.VariantValueBitMask	RotXValue	data	v2		
vrTransformTypes.VariantValueBitMask	RotYValue	data	v2		
vrTransformTypes.VariantValueBitMask	RotZValue	data	v2		
vrTransformTypes.VariantValueBitMask	RotXYZValue	data	v2		
vrTransformTypes.VariantValueBitMask	RotOrderValue	data	v2		
vrTransformTypes.VariantValueBitMask	AllRotValues	data	v2		
vrTransformTypes.VariantValueBitMask	ScaleXValue	data	v2		
vrTransformTypes.VariantValueBitMask	ScaleYValue	data	v2		
vrTransformTypes.VariantValueBitMask	ScaleZValue	data	v2		
vrTransformTypes.VariantValueBitMask	AllScaleValues	data	v2		
vrTransformTypes.VariantValueBitMask	ScalePivotValues	data	v2		
vrTransformTypes.VariantValueBitMask	RotPivotValues	data	v2		
vrTransformTypes.VariantValueBitMask	AllTransormationValues	data	v2		
vrUVService	applyCylindricalProjection(nodes, settings, uvSet=vrUVTypes.MaterialUVSet)	method	v2		Applies a cylindrical projection to a list of geometry nodes. Existing UVs are overwritten.
vrUVService	applyPlanarProjection(nodes, settings, uvSet=vrUVTypes.MaterialUVSet)	method	v2		Applies a planar projection to a list of geometry nodes. Existing UVs are overwritten.
vrUVService	applyTriplanarProjection(nodes, settings, uvSet=vrUVTypes.MaterialUVSet)	method	v2		Applies a triplanar projection to a list of geometry nodes. Existing UVs are overwritten.
vrUVService	applyTriplanarProjectionAndLayout(nodes, settings, layoutSettings, uvSet=vrUVTypes.MaterialUVSet)	method	v2		Applies a triplanar projection to a list of geometry nodes and packs the UV islands into UV space according to the provided layout settings. Existing UVs are ov
vrUVService	applyWorldScale(nodes, uvSet=vrUVTypes.MaterialUVSet)	method	v2		Scales the UV coordinates according to the average triangle area in scene units. Use in combination with vrdTexture.setUseTextureSize(s) to get a real world sca
vrUVService	cutAlongSeams(nodes, settings, uvSet)	method	v2		Does a cut with the given seam settings on the given nodes.
vrUVService	cylindricalProjectionFitSize(nodes, settings, uvSet=vrUVTypes.MaterialUVSet)	method	v2		Applies a cylindrical projection and adjusts the projection size to the given list of nodes.
vrUVService	getCylindricalProjectionDefaultSettings(nodes, textureWidth, textureHeight)	method	v2	vrdUVCylindricalProjectionSettings	Gets default settings for a cylindrical projection for a list of geometry nodes based on their overall bounding box and the specified texture resolution.
vrUVService	getPlanarProjectionDefaultSettings(nodes, textureWidth, textureHeight)	method	v2	vrdUVPlanarProjectionSettings	Gets default settings for a planar projection for a given list of geometry nodes based on their overall bounding box and the specified texture resolution.
vrUVService	getProjectionMode(node, uvSet=vrUVTypes.MaterialUVSet)	method	v2	vrUVTypes.UVProjectionMode	Gets the kind of projection that was last applied to the node to create UV coordinates.
vrUVService	getTriplanarProjectionDefaultSettings(nodes, textureWidth, textureHeight)	method	v2	vrdUVTriplanarProjectionSettings	Gets default settings for a triplanar projection for a list of geometry nodes based on their bounding box center and the specified texture resolution.
vrUVService	hasCylindricalProjectionSettings(node, uvSet=vrUVTypes.MaterialUVSet)	method	v2	bool	Determines if a node has settings for a cylindrical projection.
vrUVService	hasPlanarProjectionSettings(node, uvSet=vrUVTypes.MaterialUVSet)	method	v2	bool	Determines if a node has settings for a planar projection.
vrUVService	hasTriplanarProjectionSettings(node, uvSet=vrUVTypes.MaterialUVSet)	method	v2	bool	Determines if a node has settings for a triplanar projection.
vrUVService	layout(nodes, settings, uvSet=vrUVTypes.MaterialUVSet)	method	v2		For each geometry, packs its UV islands into a box in UV space. (By default, into [0,1]x[0,1].) UV islands are scaled, rotated and moved according to the provid
vrUVService	optimize(nodes, settings, uvSet=vrUVTypes.MaterialUVSet)	method	v2		For each geometry, reduces distortions in the UV layout. This function only works on geometries that have UVs.
vrUVService	planarProjectionFitSize(nodes, settings, uvSet=vrUVTypes.MaterialUVSet)	method	v2		Applies a planar projection and adjusts the projection size to the given list of nodes.
vrUVService	readCylindricalProjectionSettings(node, uvSet=vrUVTypes.MaterialUVSet)	method	v2	vrdUVCylindricalProjectionSettings	Reads settings that have been attached to the node when applying a cylindrical projection.
vrUVService	readPlanarProjectionSettings(node, uvSet=vrUVTypes.MaterialUVSet)	method	v2	vrdUVPlanarProjectionSettings	Reads settings that have been attached to the node when applying a planar projection.
vrUVService	readTriplanarProjectionSettings(node, uvSet=vrUVTypes.MaterialUVSet)	method	v2	vrdUVTriplanarProjectionSettings	Reads settings that have been attached to the node when applying a triplanar projection.
vrUVService	rotateUV(geometryNodes, center, angleDegree, uvSet)	method	v2		Rotate the UVs of the given nodes around the given center.
vrUVService	saveUVSnapshot(nodes, path, width=1024, height=1024, uvSet=vrUVTypes.MaterialUVSet, style=vrUVTypes.SnapshotStyle.ShowWireframe, mode=vrUVTypes.SnapshotMode.ZeroToOneSpace, customSpace=QVector4D())	method	v2		Saves a snapshot of the UV layout as image file.
vrUVService	scaleUV(nodes, center, uScale, vScale, uvSet)	method	v2		Scale the UVs of the given nodes using the given center.
vrUVService	sewAllIslands(nodes, onlyBordersBetweenIslands, uvSet=vrUVTypes.MaterialUVSet)	method	v2		For each geometry, sews all islands that are adjacent in 3D.
vrUVService	translateUV(nodes, du, dv, uvSet)	method	v2		Translates the UVs of the given nodes.
vrUVService	triplanarProjectionFitSize(nodes, settings, uvSet=vrUVTypes.MaterialUVSet)	method	v2		Applies a triplanar projection and adjusts the projection size to the given list of nodes.
vrUVService	unfold(nodes, unfoldSettings, layoutSettings, uvSet=vrUVTypes.MaterialUVSet)	method	v2		Compute unfolded UV coordinates for the given geometry nodes.
vrUVTypes.UVSet	MaterialUVSet	data	v2		UV set for material textures.
vrUVTypes.UVSet	LightmapUVSet	data	v2		UV set for lightmap textures.
vrUVTypes.SeamMode	Organic	data	v2		Selects a generated edges set to open an organic mesh. It tries to detect feature points of the mesh, such as finger tips or toes, links them together, and segm
vrUVTypes.SeamMode	Manufactured	data	v2		Selects a generated edges set to open a manufactured mesh. Use Angle to define the angle between two consecutive polygons and Area Ratio to define the ratio bet
vrUVTypes.SeamMode	Baking	data	v2		Selects a generated edges set to open a mesh for baking. It makes patches, according to a defined angle between polygons, and defines the size of the smallest p
vrUVTypes.PreRotateMode	RotateOff	data	v2		Disabled (Leave the current island's orientation)
vrUVTypes.PreRotateMode	Horizontal	data	v2		Pre-orient the island horizontally before packing (using its minimal bounding box as reference)
vrUVTypes.PreRotateMode	Vertical	data	v2		Pre-orient the island vertically before packing (using its minimal bounding box as reference)
vrUVTypes.PreRotateMode	XAxisToV	data	v2		Pre-orient the island so that its X axis in 3D space is aligned to the V axis in UV Space.
vrUVTypes.PreRotateMode	YAxisToV	data	v2		Pre-orient the island so that its Y axis in 3D space is aligned to the V axis in UV Space.
vrUVTypes.PreRotateMode	ZAxisToV	data	v2		Pre-orient the island so that its Z axis in 3D space is aligned to the V axis in UV Space.
vrUVTypes.PreScaleMode	ScaleOff	data	v2		Disabled. Do not rescale the islands during pre-process (can still be scaled during post-process)
vrUVTypes.PreScaleMode	Keep3DArea	data	v2		Scale the island so that it will have the same UV area as it has in 3D space.
vrUVTypes.PreScaleMode	KeepTotalUVArea	data	v2		Scale the island so that the total UV area will be kept. The purpose is to give a coherent scale ratio between 3D space and UV space for all islands.
vrUVTypes.PostScaleMode	TranslateOnly	data	v2		No post scaling, however the bounding box of the involved islands will be translated so that it is at the left corner of the specified box/tile.
vrUVTypes.PostScaleMode	Uniform	data	v2		Scale all islands so that their global bbox fits best the given box. The scaling will be uniform: same scaling for U and V axis.
vrUVTypes.PostScaleMode	NonUniform	data	v2		Scale all islands so that their global bbox fits completely the given box. The scaling will be non uniform: Scaling in U and V axis can be different.
vrUVTypes.TileAssignMode	BBoxCenter	data	v2		Each island is assigned to the tile that contains the island's bounding box center.
vrUVTypes.TileAssignMode	Distribute	data	v2		The selected islands are automatically distributed into the available tiles.
vrUVTypes.UVProjectionMode	None_	data	v2		No projection.
vrUVTypes.UVProjectionMode	PlanarMapping	data	v2		Calculate UV coordinates by planar mapping.
vrUVTypes.UVProjectionMode	TriplanarMapping	data	v2		Calculate UV coordinates by triplanar mapping.
vrUVTypes.UVProjectionMode	CylindricalMapping	data	v2		Calculate UV coordinates by cylindrical mapping.
vrUVTypes.SnapshotMode	ZeroToOneSpace	data	v2		Capture the area from 0 to 1 in UV coordinates.
vrUVTypes.SnapshotMode	Boundingbox	data	v2		Capture the entire object.
vrUVTypes.SnapshotMode	CustomSpace	data	v2		Capture a custom area.
vrUVTypes.SnapshotStyle	ShowWireframe	data	v2		Show wireframe rendering.
vrUVTypes.SnapshotStyle	ShowBorders	data	v2		Show borders on UV islands.
vrUVTypes.SnapshotStyle	ShowShading	data	v2		Show shaded filling of UV islands.
vrUVTypes.SnapshotStyle	ShowAllVertices	data	v2		Show all vertices.
vrUndoService	beginBlockUndo()	method	v2		Prefix call. Temporarily blocks undo for all the commands that are created between beginBlockUndo and endBlockUndo.
vrUndoService	beginMultiCommand(name, mergeEnabled=True)	method	v2		Prefix call. Used to wrap subsequent undo-able service calls to one grouped command.
vrUndoService	beginUndo()	method	v2		Prefix call. Enables undo for all commands that are added to the undo stack.
vrUndoService	clear()	method	v2		Clears the undo stack.
vrUndoService	endBlockUndo()	method	v2		Suffix call to vrUndoService.beginBlockUndo().
vrUndoService	endMultiCommand()	method	v2		Suffix call to beginMultiCommand.
vrUndoService	endUndo()	method	v2		Suffix call to vrUndoService.beginUndo(). Note: To temporarily block undo, you can also use beginBlockUndo, endBlockUndo.
vrUndoService	redo()	method	v2		Redo the next command on the undo stack.
vrUndoService	undo()	method	v2		Undo the last command on the undo stack.
vrUndoService	undoAndPop()	method	v2		Undo the last command and remove it from the undo stack.
vrUndoService	undoBlocked()	method	v2	bool	Indicates if undo is currently blocked.
vrUndoService	undoEnabled()	method	v2	bool	Indicates if undo is currently active. This means, vrUndoService.beginUndo() has been called.
vrUndoService	cleared()	method	v2		This signal is emitted when the undo stack was cleared.
vrUserMimeTypes.DataType	Invalid	data	v2		
vrUserMimeTypes.DataType	String	data	v2		
vrUserMimeTypes.DataType	VrdObject	data	v2		
vrUserMimeTypes.DataType	Custom	data	v2		
vrUserMimeTypes.DataType	Any	data	v2		
vrUserMimeTypes	decode(data, type)	method	v2	QVariant	Decodes arbitrary instances from given MIME data.
vrUserMimeTypes	decodeObjects(data, type)	method	v2	List[vrdObject]	Decodes vrdObject instances from given MIME data.
vrUserMimeTypes	decodeStrings(data, type)	method	v2	List[string]	Decodes QString instances from given MIME data.
vrUserMimeTypes	findType(types, dataType)	method	v2	string	Searches given MIME types for the first type with given data type.
vrUserMimeTypes	findTypes(types, dataType)	method	v2	List[string]	Searches given MIME types for all types with given data type.
vrUserMimeTypes	getDataType(type)	method	v2	DataType	Gets the data type of a MIME type.
vrUserMimeTypes	getTypes(dataType=DataType.Any)	method	v2	List[string]	Gets the MIME types which have the given data type.
vrUserMimeTypes	hasDataType(type, dataType)	method	v2	bool	Tells if the given MIME type has given data type.
DataType	metadataTag	attribute	v2		A metadata tag. Data type: string.
DataType	assetDirectory	attribute	v2		A comma-separated list of directories for assets. Data type: string.
DataType	materialAssetUuid	attribute	v2		A UUID for of a material asset. Data type: string.
DataType	environmentAssetUuid	attribute	v2		A UUID for of an environment asset. Data type: string.
DataType	sceneplateAssetUuid	attribute	v2		A UUID for of a sceneplate asset. Data type: string.
DataType	geometryAssetUuid	attribute	v2		A UUID for of a geometry asset. Data type: string.
DataType	metadataAssetUuid	attribute	v2		A UUID for of a metadata asset. Data type: string.
DataType	vrdViewpointNode	attribute	v2		A generic viewpoint node. Data type: vrdViewpointNode or descendant types.
DataType	vrdMaterial	attribute	v2		A material. Data type: vrdMaterial or descendant types.
DataType	vrdMetadataEntry	attribute	v2		A metadata entry. Data type: vrdMetadataEntry or descendant types.
DataType	scenegraphTreeNode	attribute	v2		A node in the scenegraph tree. Data type: vrdNode (for groups) or descendant types (for others, e.g. vrdGeometryNode).
DataType	cameraTreeNode	attribute	v2		A node in the camera tree. Data type: vrdNode (for groups) or descendant types (for others, e.g. vrdCameraNode).
DataType	lightTreeNode	attribute	v2		A node in the light tree. Data type: vrdNode (for groups) or descendant types (for others, e.g. vrdPointLightNode).
DataType	materialTreeNode	attribute	v2		A node in the material tree. Data type: vrdNode (for groups) or descendant types (for others, e.g. vrdMaterialNode).
DataType	sceneplateTreeNode	attribute	v2		A node in the sceneplate tree. Data type: vrdNode (for groups) or descendant types (for others, e.g. vrdSceneplateNode).
DataType	annotationTreeNode	attribute	v2		A node in the annotation tree. Data type: vrdNode (for groups) or descendant types (for others, e.g. vrdAnnotationNode).
DataType	metadataTreeObject	attribute	v2		An object in the metadata tree. Data type: vrdMetadataSet (for sets), vrdNode or descendant types (for nodes with metadata sets), vrdMaterial or descendant type
DataType	materialEntryId	attribute	v2		A material entry ID. Data type: vrMaterialEntryId.
vrVRInputDeviceTypes.VisualizationMode	Controller	data	v2		
vrVRInputDeviceTypes.VisualizationMode	Hand	data	v2		
vrVRInputDeviceTypes.VisualizationMode	ControllerAndHand	data	v2		
vrVRInputDeviceTypes.VisualizationMode	Uninitialized	data	v2		
vrVRInputDeviceTypes.DeviceCollisionType	Tip	data	v2		
vrVRInputDeviceTypes.DeviceCollisionType	Hull	data	v2		
vrVariantService	copyNodes(nodes)	method	v2		Copies nodes.
vrVariantService	createVariantSet(name, group=vrdNode())	method	v2	vrdVariantSetNode	Creates a variant set.
vrVariantService	createVariantSetGroup(name, group=vrdNode(), groupType=vrVariantTypes.GroupType.Group)	method	v2	vrdVariantSetGroupNode	Creates a variant set group.
vrVariantService	deleteNodes(nodes)	method	v2		Deletes the given nodes and references to them.
vrVariantService	execute(variantSetNode, flags=vrVariantTypes.ExecuteFlag.None)	method	v2		Executes the given variant set.
vrVariantService	findReferencingVariantSets(object)	method	v2	List[vrdVariantSetNode]	Finds variant sets that reference the given object.
vrVariantService	findVariantSet(name)	method	v2	vrdVariantSetNode	Finds a variant set by name.
vrVariantService	findVariantSetGroup(name)	method	v2	vrdVariantSetGroupNode	Finds a variant set group by name.
vrVariantService	findVSetsByTouchNodes(nodes)	method	v2	List[vrdVariantSetNode]	Finds variant sets attached to the given nodes.
vrVariantService	fixAmbiguousNodeNames()	method	v2		Fixes ambiguous node names in variant sets.
vrVariantService	getAllVariantSets()	method	v2	List[vrdVariantSetNode]	Gets all variant sets.
vrVariantService	getDefaultThumbnailSize()	method	v2	QSize	Gets the default thumbnail size.
vrVariantService	getGroups()	method	v2	List[vrdVariantSetGroupNode]	Gets all variant set groups in the scene.
vrVariantService	getReferringStates(objects, includeChildren, targetTypes=vrVariantTypes.TargetType.All)	method	v2	List[vrdVariantState]	Gets the states that are referring to the given objects.
vrVariantService	getSelectedNodes()	method	v2	List[vrdNode]	Gets the selected variant sets and variant set groups.
vrVariantService	getSelectedVariantSets()	method	v2	List[vrdVariantSetNode]	Gets the selected variant sets.
vrVariantService	getUngroupedVariantSets()	method	v2	List[vrdVariantSetNode]	Gets the ungrouped variant sets.
vrVariantService	getVariantSetRoot()	method	v2	vrdNode	Gets the root node of the variant set tree.
vrVariantService	hasAmbiguousNodeNames()	method	v2	bool	Checks for ambiguous node names in variant sets.
vrVariantService	loadVariantSets(filename)	method	v2		Loads variant sets from an XML file.
vrVariantService	moveNodes(nodes, newParent, childIndex=-1)	method	v2	List[vrdNode]	Moves the given nodes to a new parent at the specified child index.
vrVariantService	pasteNodes(targetRoot)	method	v2	List[vrdNode]	Pastes nodes.
vrVariantService	removeStates(states)	method	v2		Removes the given states from all variant sets.
vrVariantService	saveVariantSets(filename)	method	v2		Saves variant sets to an XML file.
vrVariantService	setSelectedNodes(nodes)	method	v2		Sets the selected nodes.
vrVariantService	setVariantState(target, state, targetType=vrVariantTypes.TargetType.Scenegraph, searchMethod=vrVariantTypes.SearchMethod.Name)	method	v2	bool	Sets a variant state.
vrVariantService	nodeRenamed(variantSetNode, oldName)	method	v2		This signal is emitted when a variant set or variant set group has been renamed.
vrVariantService	scrollToSelected()	method	v2		This signal is emitted to scroll to the selected node.
vrVariantService	selectionChanged(selectedNodes)	method	v2		This signal is emitted when the selection has changed.
vrVariantService	showGeneralTab()	method	v2		This signal is emitted to show the general tab.
vrVariantService	showStateTab(targetType)	method	v2		This signal is emitted to show the state tab for the given target type.
vrVariantService	stateSelectionChanged(selectedStates)	method	v2		This signal is emitted when the state selection has changed.
vrVariantService	variantsChanged()	method	v2		This signal is emitted when a variant or variant set has changed.
vrVariantService	variantSetExecuted(variantSetNode)	method	v2		This signal is emitted when a variant set has been executed.
vrVariantStates	Enable	attribute	v2		Set target visible.
vrVariantStates	Disable	attribute	v2		Set target invisible.
vrVariantStates	Toggle	attribute	v2		Toggle visibility of the target.
vrVariantStates	Activate	attribute	v2		Set target active.
vrVariantStates	Reset	attribute	v2		Reset target to defaults.
vrVariantStates	Isolate	attribute	v2		Isolate the target.
vrVariantStates	Integrate	attribute	v2		Disable isolation mode.
vrVariantStates	ToggleIsolate	attribute	v2		Toggle isolation mode.
vrVariantStates	Play	attribute	v2		Start playback on the target.
vrVariantStates	PlayBackward	attribute	v2		Start playback backward on the target.
vrVariantStates	Loop	attribute	v2		Start looped playback on the target.
vrVariantStates	LoopBackward	attribute	v2		Start looped playback backward on the target.
vrVariantStates	Stop	attribute	v2		Stop playback on the target.
vrVariantStates	Pause	attribute	v2		Pause playback on the target.
vrVariantStates	Resume	attribute	v2		Resume playback on the target.
vrVariantStates	Next	attribute	v2		Set the next state.
vrVariantStates	NextLoop	attribute	v2		Set the next state; wrap from last to first state.
vrVariantStates	Previous	attribute	v2		Set the previous state.
vrVariantStates	PreviousLoop	attribute	v2		Set the previous state; wrap from first to last state.
vrVariantStates	None	attribute	v2		Set no state.
vrVariantStates	All	attribute	v2		Set all states.
vrVariantStates	Fly	attribute	v2		Fly to the viewpoint.
vrVariantStates	FlyNext	attribute	v2		Fly to the next viewpoint.
vrVariantStates	FlyNextLoop	attribute	v2		Fly to the next viewpoint; wrap from last to first viewpoint.
vrVariantStates	FlyPrevious	attribute	v2		Fly to the previous viewpoint.
vrVariantStates	FlyPreviousLoop	attribute	v2		Fly to the previous viewpoint; wrap from first to last viewpoint.
vrVariantStates	Jump	attribute	v2		Jump to the viewpoint.
vrVariantStates	JumpNext	attribute	v2		Jump to the next viewpoint.
vrVariantStates	JumpNextLoop	attribute	v2		Jump to the next viewpoint; wrap from last to first viewpoint.
vrVariantStates	JumpPrevious	attribute	v2		Jump to the previous viewpoint.
vrVariantStates	JumpPreviousLoop	attribute	v2		Jump to the previous viewpoint; wrap from first to last viewpoint.
vrVariantTypes.PreviewType	Thumbnail	data	v2		
vrVariantTypes.PreviewType	Icon	data	v2		
vrVariantTypes.PreviewType	ThumbnailWithIcon	data	v2		
vrVariantTypes.TargetType	Scenegraph	data	v2		Matches various scenegraph nodes (geometries, switches, groups, lights, material groups).
vrVariantTypes.TargetType	Material	data	v2		Matches material switches and materials with states (xRite, Substance).
vrVariantTypes.TargetType	Transform	data	v2		Matches transform variants.
vrVariantTypes.TargetType	Light	data	v2		Matches lights.
vrVariantTypes.TargetType	Sceneplate	data	v2		Matches sceneplates.
vrVariantTypes.TargetType	Animation	data	v2		Matches animation clips and blocks.
vrVariantTypes.TargetType	Viewpoint	data	v2		Matches viewpoints, tracks, and cameras.
vrVariantTypes.TargetType	RenderLayer	data	v2		Matches render layers.
vrVariantTypes.TargetType	Annotation	data	v2		Matches annotations.
vrVariantTypes.TargetType	All	data	v2		
vrVariantTypes.TargetType	None_	data	v2		
vrVariantTypes.GroupType	Group	data	v2		
vrVariantTypes.GroupType	Favorites	data	v2		
vrVariantTypes.GroupType	SmartReference	data	v2		
vrVariantTypes.StateValidity	Valid	data	v2		The state is valid and can be executed on the target objects.
vrVariantTypes.StateValidity	InvalidTarget	data	v2		The target configuration does not resolve to any valid objects.
vrVariantTypes.StateValidity	InvalidState	data	v2		The specified state is not applicable to the target objects.
vrVariantTypes.StateValidity	InvalidExclusionTag	data	v2		The specified exclusion tag does not exist.
vrVariantTypes.StateValidity	TargetNameFallback	data	v2		The target object could not be found by UUID, but an object with a matching name was found.
vrVariantTypes.SearchMethod	Name	data	v2		Match objects with a specific name.
vrVariantTypes.SearchMethod	Uuid	data	v2		Match the object by using a UUID.
vrVariantTypes.SearchMethod	Metadata	data	v2		Match objects based on a metadata query.
vrVariantTypes.SearchMethod	Tag	data	v2		Match objects with a specific tag.
vrVariantTypes.SearchMethod	MetadataKey	data	v2		Match objects based on a metadata key.
vrVariantTypes.SearchMethod	MetadataSet	data	v2		Match objects based on a metadata set name.
vrVariantTypes.SearchMethod	ObjectSearch	data	v2		
vrVariantTypes.SearchMethod	MetadataSearch	data	v2		
vrVariantTypes.SearchMethod	All	data	v2		
vrVariantTypes.CaptureFlag	Scenegraph	data	v2		
vrVariantTypes.CaptureFlag	Materials	data	v2		
vrVariantTypes.CaptureFlag	Lights	data	v2		
vrVariantTypes.CaptureFlag	Viewpoints	data	v2		
vrVariantTypes.CaptureFlag	Sceneplates	data	v2		
vrVariantTypes.CaptureFlag	Annotations	data	v2		
vrVariantTypes.CaptureFlag	RenderLayers	data	v2		
vrVariantTypes.CaptureFlag	Transformations	data	v2		
vrVariantTypes.CaptureFlag	Environment	data	v2		Include environment variants separately.
vrVariantTypes.CaptureFlag	GenerateMaterialSwitches	data	v2		Generate switch materials for captured materials.
vrVariantTypes.CaptureFlag	GenerateTransformVariants	data	v2		Generate transform variants for captured transforms.
vrVariantTypes.CaptureFlag	ById	data	v2		Capture target objects by UUID instead of name.
vrVariantTypes.CaptureFlag	RenderQueue	data	v2		Capture for render queue.
vrVariantTypes.CaptureFlag	NoCapture	data	v2		Variant has not been captured.
vrVariantTypes.CaptureFlag	AllCapture	data	v2		
vrVariantTypes.ExecuteFlag	None_	data	v2		No special execution behavior.
vrVariantTypes.ExecuteFlag	ExcludeViewpoints	data	v2		Skip viewpoint changes.
vrVariantTypes.ExecuteFlag	NoAnimationsAndScripts	data	v2		Do not run animations and scripts.
vrVariantTypes.ExecuteFlag	InstantaneousAnimations	data	v2		Apply animations instantaneously when applying the variant set.
vrVariantTypes.ClippingState	Off	data	v2		Disable the clipping plane.
vrVariantTypes.ClippingState	On	data	v2		Enable the clipping plane.
vrVariantTypes.ClippingState	UpdateParameters	data	v2		Update the clipping plane parameters.
vrWebEngineService	anyWebEngineHasFocus()	method	v2	bool	Return true if any web engine has the input focus.
vrWebEngineService	createGroup(name, parentGroup="")	method	v2		Creates a group in the Media Editor.
vrWebEngineService	createWebEngine(name, group="")	method	v2	vrdWebEngine	Creates a web engine.
vrWebEngineService	getWebEngine(name)	method	v2	vrdWebEngine	Gets a web engine by name.
vrWebEngineService	getWebEngines()	method	v2	List[vrdWebEngine]	Returns a list of all the web engines in VRED.
vrWebEngineService	isInteractionEnabled()	method	v2	bool	Returns true if interaction with web engines is enabled.
vrWebEngineService	reloadAllWebEngines()	method	v2		Triggers a reload on all web engines in VRED.
vrWebEngineService	removeGroup(name)	method	v2	bool	Removes a group in the Media Editor.
vrWebEngineService	removeWebEngine(webengine)	method	v2	bool	Removes a web engine.
vrWebEngineService	renameGroup(oldName, newName)	method	v2		Rename a group in the Media Editor.
vrWebEngineService	reparentGroup(name, newParentName)	method	v2		Move a group in the Media Editor to a different parent.
vrWebEngineService	reparentWebEngine(webengine, newParentName)	method	v2		Move a web engine to a different group in the Media Editor.
vrWebEngineService	setInteractionEnabled(enable)	method	v2		Enables or disables the interaction with all web engines in the scene.
vrWebEngineService	groupCreated(name)	method	v2		Signal is sent when a new group has been created.
vrWebEngineService	groupRemoved(name)	method	v2		Signals that a group has been removed.
vrWebEngineService	structureChanged()	method	v2		Signal is sent when any structural change on the graph in the media editor has been made through the service.
vrWebEngineService	urlChanged(webengine, url)	method	v2		Signal is sent when the url of the web has been changed.
vrWebEngineService	webEngineCreated(webengine)	method	v2		Signal is sent when a new web engine has been created.
vrWebEngineService	webEngineRemoved(webengine)	method	v2		Signal is sent when a web engine has been removed.
vrXRealityTypes.XRRenderMode	FullScene	data	v2		
vrXRealityTypes.XRRenderMode	ModelOnly	data	v2		
vrXRealityTypes.XRRenderMode	SeethroughBackground	data	v2		
vrXRealityTypes.XRRenderMode	SeethroughOnly	data	v2		
vrXRealityTypes.MarkerTypes	Undefined	data	v2		
vrXRealityTypes.MarkerTypes	VarjoMarker	data	v2		
vrXRealityTypes.MarkerTrackingTypes	Static	data	v2		
vrXRealityTypes.MarkerTrackingTypes	Predicted	data	v2		
vrdAimConstraintNode	addUpVectorTargetNodes(nodes)	method	v2		Adds a list of nodes to up vector targets for the constraint.
vrdAimConstraintNode	clearUpVectorTargetNodes()	method	v2		Clears the set up vector target nodes of the constraint.
vrdAimConstraintNode	getUpVectorTargetNodes()	method	v2	List[vrdNode]	Returns the list of nodes set as up vector targets for the constraint.
vrdAimConstraintNode	getUpVectorTargetNodeWeight(node)	method	v2	float	Gets the weight for an up vector target node of the constraint. The node must be referenced in the up vector target nodes list of the constraint.
vrdAimConstraintNode	getUpVectorTargetObject(sceneNode)	method	v2	vrdUpVectorConstraintObject	Returns the up vector target constraint object for a specific scene node.
vrdAimConstraintNode	getUpVectorTargetObjects()	method	v2	List[vrdUpVectorConstraintObject]	Returns all up vector target constraint objects.
vrdAimConstraintNode	removeUpVectorTargetNodes(nodes)	method	v2		Removes a list of nodes from up vector targets for the constraint.
vrdAimConstraintNode	setUpVectorTargetNodes(nodes)	method	v2		Sets a list of nodes as up vector targets for the constraint.
vrdAimConstraintNode	setUpVectorTargetNodeWeight(node, weight)	method	v2		Sets the weight for an up vector target node of the constraint. The node must be referenced in the up vector target nodes list of the constraint.
vrdAimConstraintObject	getAimMode()	method	v2	vrConstraintTypes.AimMode	Returns the current aim mode of the constraint.
vrdAimConstraintObject	getUpMode()	method	v2	vrConstraintTypes.UpMode	Returns the current up mode of the constraint.
vrdAimConstraintObject	getUseRotationOrientation()	method	v2	bool	Returns whether rotation orientation is used.
vrdAimConstraintObject	setAimMode(mode)	method	v2		Sets the aim mode for the constraint.
vrdAimConstraintObject	setUpMode(mode)	method	v2		Sets the up mode for the constraint.
vrdAimConstraintObject	setUseRotationOrientation(use)	method	v2		Sets whether to use rotation orientation.
vrdAnalyticSettings	getDiffuseColor()	method	v2	QVector3D	returns Current diffuse color
vrdAnalyticSettings	getEmissiveColor()	method	v2	QVector3D	Gets emissive color.
vrdAnalyticSettings	getGlossyColor()	method	v2	QVector3D	returns Current glossy reflection color.
vrdAnalyticSettings	getShininess()	method	v2	float	Gets how sharp or wide the glossy reflection is.
vrdAnalyticSettings	getTransparency()	method	v2	float	Gets transparency.
vrdAnalyticSettings	getUseRealisticSettings()	method	v2	bool	returns If Analytic settings should be synchronized with realistic material settings.
vrdAnalyticSettings	setDiffuseColor(value)	method	v2		Sets the diffuse reflection color.
vrdAnalyticSettings	setEmissiveColor(value)	method	v2		Sets emissive color.
vrdAnalyticSettings	setGlossyColor(value)	method	v2		Sets the glossy reflection color.
vrdAnalyticSettings	setShininess(value)	method	v2		Sets how sharp or wide the glossy reflection is.
vrdAnalyticSettings	setTransparency(value)	method	v2		Sets transparency.
vrdAnalyticSettings	setUseRealisticSettings(s)	method	v2		If enabled, synchronizes the Analytic material settings with the Realistic material settings, disabling all custom Analytic settings.
vrdAnnotationNode	getBackgroundColor()	method	v2	QColor	Returns the label background color.
vrdAnnotationNode	getFarScaleLimit()	method	v2	float	returns Returns the dynamic far scaling limit in mm.
vrdAnnotationNode	getFontColor()	method	v2	QColor	Returns the font color for the displayed text.
vrdAnnotationNode	getLineColor()	method	v2	QColor	Returns the line color for border and leader.
vrdAnnotationNode	getNearScaleLimit()	method	v2	float	returns Returns the dynamic near scaling limit in mm.
vrdAnnotationNode	getPosition()	method	v2	QVector3D	Returns the position as a 3D world coordinate.
vrdAnnotationNode	getSceneNode()	method	v2	vrdNode	returns Returns the linked scene graph node.
vrdAnnotationNode	getSize()	method	v2	float	returns The size.
vrdAnnotationNode	getText()	method	v2	string	Returns the displayed description text.
vrdAnnotationNode	getUseSceneNodeVisibility()	method	v2	bool	Returns if a scene graph node is used for determining the visibility.
vrdAnnotationNode	isAnchored()	method	v2	bool	Returns if the position is linked with the position of the associated node.
vrdAnnotationNode	setAnchored(enabled)	method	v2		Specifies if the position will be linked with the position of the associated node.
vrdAnnotationNode	setBackgroundColor(color)	method	v2		Sets the label background color (linear RGB) and opacity (alpha).
vrdAnnotationNode	setFarScaleLimit(value)	method	v2		Sets the far scaling limit. The value is used for scaling the size dynamically depending on the camera position.
vrdAnnotationNode	setFontColor(color)	method	v2		Sets the font color for the displayed text (linear RGB).
vrdAnnotationNode	setLineColor(color)	method	v2		Sets the line color for border and leader (linear RGB).
vrdAnnotationNode	setNearScaleLimit(value)	method	v2		Sets the near scaling limit. The value is used for scaling the size dynamically depending on the camera position.
vrdAnnotationNode	setPosition(worldPosition)	method	v2		The point (3D world coordinates) to which the leader arrow head is pointing.
vrdAnnotationNode	setSceneNode(node)	method	v2		Sets the linked scene graph node (see vrdAnnotationNode.setUseSceneNodeVisibility(enabled)).
vrdAnnotationNode	setSize(size)	method	v2		Sets the size.
vrdAnnotationNode	setText(text)	method	v2		The displayed description text.
vrdAnnotationNode	setUseSceneNodeVisibility(enabled)	method	v2		Toggles the use of the linked scene graph node to determine the visiblity. A set linked scene node is necessary (see vrdAnnotationNode.setSceneNode(node)).
vrdAnnotationNode	zoomTo()	method	v2		Lets the camera of the current render window zoom to this annotation.
vrdAreaLightCone	getConeAngle()	method	v2	float	Returns the light cone angle.
vrdAreaLightCone	getPenumbraAngle()	method	v2	float	returns  
vrdAreaLightCone	getUseConeAngle()	method	v2	bool	Returns if custom light cone and penumbra angles are enabled.
vrdAreaLightCone	setConeAngle(angle)	method	v2		Sets the light cone angle.
vrdAreaLightCone	setPenumbraAngle(angle)	method	v2		Sets the penumbra angle.
vrdAreaLightCone	setUseConeAngle(use)	method	v2		Enable usage of custom light cone and penumbra angles.
vrdAreaLightNode.QualityMode	Accurate	data	v2		Accurate: An accurate sampling of the light source is used.
vrdAreaLightNode.QualityMode	Approximated	data	v2		Approximated: An approximation based on linearly transformed cosines is used.
vrdAreaLightNode	getAttenuation()	method	v2	vrLightTypes.Attenuation	Returns the attenuation mode.
vrdAreaLightNode	getIlluminateScene()	method	v2	bool	Returns the state of the illuminate scene flag..
vrdAreaLightNode	getInteractiveMode()	method	v2	vrdAreaLightNode.QualityMode	Get the value of the interactive quality mode.
vrdAreaLightNode	getInteractiveQuality()	method	v2	integer	Returns the raytracing quality level for the interactive mode.
vrdAreaLightNode	getLightProfile()	method	v2	vrdLightProfile	Returns the light profile.
vrdAreaLightNode	getLocalLight()	method	v2	bool	Returns the state of local lighting.
vrdAreaLightNode	getPrimaryVisibility()	method	v2	bool	Returns the state of the primary visibility.
vrdAreaLightNode	getShadowMap()	method	v2	vrdShadowMap	Gives access to shadow map settings of the light.
vrdAreaLightNode	getStillFrameMode()	method	v2	vrdAreaLightNode.QualityMode	Get the value of the still frame quality mode.
vrdAreaLightNode	getStillFrameQuality()	method	v2	integer	Returns the ratracing still frame quality level.
vrdAreaLightNode	getTexture()	method	v2	vrdLightTexture	Returns the currently used light texture.
vrdAreaLightNode	getVisibleInReflections()	method	v2	bool	Returns if the light is visible in reflections (Raytracing only).
vrdAreaLightNode	setAttenuation(attenuation)	method	v2		Sets the attenuation mode. Attenuation is the falloff of the light intensity.
vrdAreaLightNode	setIlluminateScene(illuminateScene)	method	v2		Toggles the illumination of objects on or off.
vrdAreaLightNode	setInteractiveMode(value)	method	v2		Defines the computation method used for evaluating the area light in interactive rendering.
vrdAreaLightNode	setInteractiveQuality(quality)	method	v2		Sets the raytracing quality level for the interactive mode.
vrdAreaLightNode	setLocalLight(isLocalLight)	method	v2		Enables / disables local lighting.
vrdAreaLightNode	setPrimaryVisibility(visible)	method	v2		Sets the primary visibility of the light.
vrdAreaLightNode	setStillFrameMode(value)	method	v2		Defines the computation method used for evaluating the area light in still frame rendering.
vrdAreaLightNode	setStillFrameQuality(quality)	method	v2		Sets the raytracing quality level for still frame rendering.
vrdAreaLightNode	setVisibleInReflections(visible)	method	v2		Sets the visibility in reflections.
vrdAtfSettings.SourceReferenceBehavior	CreateNoReference	data	v2		
vrdAtfSettings.SourceReferenceBehavior	CreateSourceReference	data	v2		
vrdAtfSettings.SmartReferenceBehavior	KeepSmartReference	data	v2		
vrdAtfSettings.SmartReferenceBehavior	RemoveSmartReference	data	v2		
vrdAtfSettings.ImporterVersion	Lightweight	data	v2		
vrdAtfSettings.ImporterVersion	Legacy	data	v2		
vrdAtfSettings.DataTranslator	LegacyDataTranslator	data	v2		
vrdAtfSettings.DataTranslator	NewDataTranslator	data	v2		
vrdAtfSettings.ModelState	Primary	data	v2		
vrdAtfSettings.ModelState	LastActive	data	v2		
vrdAtfSettings.FaceterVersion	FaceterV1	data	v2		
vrdAtfSettings.FaceterVersion	FaceterV2	data	v2		
vrdAtfSettings.GridMode	GridInteriorAndGridToEdges	data	v2		
vrdAtfSettings.GridMode	GridInterior	data	v2		
vrdAtfSettings.GridMode	GridToEdges	data	v2		
vrdAtfSettings.GridMode	GridNone	data	v2		
vrdAtfSettings	getChordDeviation()	method	v2	float	Get maximum deviation of tessellated mesh to the NURBS surface in mm.
vrdAtfSettings	getCreateLayerGroups()	method	v2	bool	Query if creating group nodes from layer information is enabled..
vrdAtfSettings	getDataTranslator()	method	v2	DataTranslator	Deprecated: Method is still here for backwards compatibility.
vrdAtfSettings	getFaceterGridMode()	method	v2	GridMode	Query the grid mode to use for tessellation. Grid Interior and Grid to Edges: The grid is applied to the interior of the surface and extended to the edges of th
vrdAtfSettings	getFaceterVersion()	method	v2	FaceterVersion	Query which Faceter version is used for tessellation.
vrdAtfSettings	getFixSurfaceOrientation()	method	v2	bool	Query if orienting surface normals is enabled.
vrdAtfSettings	getFlushTransformations()	method	v2	bool	Query if transformations should be flushed into the vertex coordinates.
vrdAtfSettings	getImportAnimations()	method	v2	bool	Query if import of animations for USD is enabled.
vrdAtfSettings	getImportAsSmartReference()	method	v2	bool	Query if smart references should be created for imported vpb files.
vrdAtfSettings	getImportAssociativeMeshes()	method	v2	bool	Query if import of associative meshes is enabled.
vrdAtfSettings	getImportCameras()	method	v2	bool	Query if import of cameras is enabled.
vrdAtfSettings	getImportColors()	method	v2	bool	Query if import of colors for 3MF data is enabled.
vrdAtfSettings	getImportCoordSystems()	method	v2	bool	Query if import of coordinate system nodes is enabled.
vrdAtfSettings	getImportCurves()	method	v2	bool	Query if import of curves and poly lines is enabled.
vrdAtfSettings	getImportEmptyLayers()	method	v2	bool	Query if import of empty layers is enabled.
vrdAtfSettings	getImporterVersion()	method	v2	ImporterVersion	Query which importer is used. Currently only available for Catia V5 and Jt.
vrdAtfSettings	getImportGroupMaterials()	method	v2	bool	Query if import of materials applied to group nodes like part, assembly or instance is enabled.
vrdAtfSettings	getImportInvisibleCurves()	method	v2	bool	Query if import of curves and poly lines, that are invisible in CAD data, is enabled.
vrdAtfSettings	getImportInvisibleInstances()	method	v2	bool	Query if import of invisible instance nodes is enabled.
vrdAtfSettings	getImportInvisibleMeshes()	method	v2	bool	Query if import of polygon meshes, that are invisible in the CAD file, is enabled.
vrdAtfSettings	getImportInvisibleSurfaces()	method	v2	bool	Query if import of surfaces, that are invisible in the CAD file, is enabled.
vrdAtfSettings	getImportLayerFolders()	method	v2	bool	Query if import of layer hierarchies is enabled.
vrdAtfSettings	getImportLights()	method	v2	bool	Query if import of light sources is enabled.
vrdAtfSettings	getImportMeshes()	method	v2	bool	Query if import of polygon meshes is enabled.
vrdAtfSettings	getImportMeshLODs()	method	v2	integer	Query which mesh LODs should be imported.
vrdAtfSettings	getImportMetadata()	method	v2	bool	Query if import of metadata is enabled.
vrdAtfSettings	getImportReferencedFiles()	method	v2	bool	Query if import of part files referenced by an assembly is enabled.
vrdAtfSettings	getImportSurfaces()	method	v2	bool	Query if import of surfaces is enabled.
vrdAtfSettings	getImportSwitchMaterials()	method	v2	bool	Query if import of switch shaders for Alias is enabled.
vrdAtfSettings	getImportTemplateGeometries()	method	v2	bool	Query if import of template geometries is enabled.
vrdAtfSettings	getImportTextures()	method	v2	bool	Query if import of textures for 3MF data is enabled.
vrdAtfSettings	getImportVariants()	method	v2	bool	Query if import of variants is enabled.
vrdAtfSettings	getJtToolkit()	method	v2	integer	Query which Jt toolkit is used for import.
vrdAtfSettings	getKeepNurbs()	method	v2	bool	Query if NURBS data should be kept alongside with tessellation result.
vrdAtfSettings	getMaxChordLength()	method	v2	float	Get maximum length of a triangle edge in mm.
vrdAtfSettings	getMergeGeometries()	method	v2	bool	Query if tessellated meshes of adjacent NURBS surfaces with same material should be merged.
vrdAtfSettings	getMergeSubReferenceMaterials()	method	v2	bool	Query if duplicate materials, referenced in different files, should be merged into one single material. Materials with same name and identical properties are re
vrdAtfSettings	getModelState()	method	v2	ModelState	Query which Inventor model state should be imported.
vrdAtfSettings	getNormalTolerance()	method	v2	float	Get the normal tolerance of adjacent triangles in degrees.
vrdAtfSettings	getReduceKeyframes()	method	v2	bool	Query if reducing the number of keyframes is enabled.
vrdAtfSettings	getRemoveEmptyGroups()	method	v2	bool	Query if groups without children should be removed.
vrdAtfSettings	getSmartReferenceBehavior()	method	v2	SmartReferenceBehavior	Query how references to VRED native files are treated in import.
vrdAtfSettings	getSourceReferenceBehavior()	method	v2	SourceReferenceBehavior	Query how references to files of import file types are treated in import.
vrdAtfSettings	getStitchingTolerance()	method	v2	float	Get the stitching tolerance of adjacent edges in mm.
vrdAtfSettings	getUnshareNodes()	method	v2	bool	Query if shared node instances should be converted to independent nodes.
vrdAtfSettings	getUseHealStitch()	method	v2	bool	returns  
vrdAtfSettings	getUseLegacyLoader()	method	v2	bool	Option has no effect anymore. All legacy loaders are retired.
vrdAtfSettings	getUseStitching()	method	v2	bool	Query if stitching is enabled.
vrdAtfSettings	setChordDeviation(chordDeviation)	method	v2		Set maximum allowed distance from the NURBS surface to the tessellated surface in mm. Lower values result in more accurate polygon models but also increase the 
vrdAtfSettings	setCreateLayerGroups(create)	method	v2		Enable / Disable creation of group nodes for objects organized in layers. In case the parents of the objects in one layer have different transformations this mi
vrdAtfSettings	setDataTranslator(translator)	method	v2		Deprecated: Method is still here for backwards compatibility. Does not have any effect anymore.
vrdAtfSettings	setFaceterGridMode(gridMode)	method	v2		Select the grid mode to use for tessellation. Grid Interior and Grid to Edges: The grid is applied to the interior of the surface and extended to the edges of t
vrdAtfSettings	setFaceterVersion(version)	method	v2		Select which Faceter version should be used for tessellation.
vrdAtfSettings	setFixSurfaceOrientation(fix)	method	v2		Enable orienting the normals of all surfaces, so they point in the same general direction.
vrdAtfSettings	setFlushTransformations(flush)	method	v2		Enable / Disable moving transformation data of the scene graph hierarchy to the vertices. This means, that every transformation node will contain only a unit ma
vrdAtfSettings	setImportAnimations(import)	method	v2		Enable import of animations from USD data.
vrdAtfSettings	setImportAsSmartReference(create)	method	v2		Determine if smart references should be created for imported vpb files.
vrdAtfSettings	setImportAssociativeMeshes(import)	method	v2		Enable import of meshes associated with the surfaces.
vrdAtfSettings	setImportCameras(import)	method	v2		Enable import of cameras from CAD data. (Only Alias wire files)
vrdAtfSettings	setImportColors(import)	method	v2		Enable import of colors from 3MF data. Note: This might split the mesh into multiple parts.
vrdAtfSettings	setImportCoordSystems(import)	method	v2		Enable import of coordinate system nodes from CAD data.
vrdAtfSettings	setImportCurves(import)	method	v2		Enable import of curves and poly lines from CAD files.
vrdAtfSettings	setImportEmptyLayers(import)	method	v2		Enable import of empty layers. (Only Alias wire files)
vrdAtfSettings	setImporterVersion(version)	method	v2		Select which importer to use. Currently only available for Catia V5 and Jt.
vrdAtfSettings	setImportGroupMaterials(import)	method	v2		Enable import of materials applied to group nodes like part, assembly or instance. If enabled, an additional MaterialGroup node is created for each of these mat
vrdAtfSettings	setImportInvisibleCurves(import)	method	v2		Enable import of curves and poly lines, that are invisible in the CAD data.
vrdAtfSettings	setImportInvisibleInstances(import)	method	v2		Enable import of invisible instance nodes instead of excluding them.
vrdAtfSettings	setImportInvisibleMeshes(import)	method	v2		Enable import of polygon meshes, that are invisible in the CAD file.
vrdAtfSettings	setImportInvisibleSurfaces(import)	method	v2		Enable import of NURBS surfaces, that are invisible in the CAD file.
vrdAtfSettings	setImportLayerFolders(import)	method	v2		Enable import of layer hierarchies. (Only Alias wire files)
vrdAtfSettings	setImportLights(import)	method	v2		Enable import of light sources from CAD data. (Only Alias wire files)
vrdAtfSettings	setImportMeshes(import)	method	v2		Enable import of polygon meshes.
vrdAtfSettings	setImportMeshLODs(lodOption)	method	v2		Select which mesh LODs should be imported.
vrdAtfSettings	setImportMetadata(import)	method	v2		Enable import of metadata from CAD data.
vrdAtfSettings	setImportReferencedFiles(import)	method	v2		Enable import of part files referenced by an assembly. If option is disabled a file reference node is created that can be used to import the referenced part lat
vrdAtfSettings	setImportSurfaces(import)	method	v2		Enable import of NURBS surfaces.
vrdAtfSettings	setImportSwitchMaterials(import)	method	v2		Enable import of switch shaders from Alias data.
vrdAtfSettings	setImportTemplateGeometries(import)	method	v2		Enable import of template geometries instead of excluding them. (Only Alias wire files)
vrdAtfSettings	setImportTextures(import)	method	v2		Enable import of textures from 3MF data.
vrdAtfSettings	setImportVariants(import)	method	v2		Enable import of variants from CAD data. (Only Alias wire files)
vrdAtfSettings	setJtToolkit(toolkit)	method	v2		Select which Jt toolkit should be used for import.
vrdAtfSettings	setKeepNurbs(keep)	method	v2		Enable / disable keeping NURBS data instead of deleting it. This option will increase memory usage.
vrdAtfSettings	setMaxChordLength(chordLength)	method	v2		Set maximum length of a triangle edge in mm. Lower values result in more accurate polygon models but also increase the number of triangles.
vrdAtfSettings	setMergeGeometries(merge)	method	v2		Enable / disable merging adjacent surfaces with same material into shells.
vrdAtfSettings	setMergeSubReferenceMaterials(optimize)	method	v2		Determine if duplicate materials, referenced in different files, should be merged into one single material. Materials with same name and identical properties ar
vrdAtfSettings	setModelState(state)	method	v2		Select which Inventor model state should be imported.
vrdAtfSettings	setNormalTolerance(tolerance)	method	v2		Set the normal tolerance of adjacent triangles in degrees. Lower values result in more accurate polygon models but also increase the number of triangles.
vrdAtfSettings	setReduceKeyframes(reduce)	method	v2		Enable reducing the number of keyframes by removing adjacent keyframes with identical value.
vrdAtfSettings	setRemoveEmptyGroups(remove)	method	v2		Enable / disable removing of groups without children.
vrdAtfSettings	setSmartReferenceBehavior(behavior)	method	v2		Determine how references to VRED native files are treated in import.
vrdAtfSettings	setSourceReferenceBehavior(behavior)	method	v2		Determine how references to files of import file types are treated in import.
vrdAtfSettings	setStitchingTolerance(tolerance)	method	v2		Set tolerance in mm where two adjacent edges are considered to be touching and where they should be stitched together.
vrdAtfSettings	setUnshareNodes(unshare)	method	v2		Enable / Disable conversion of shared node instances to independent nodes.
vrdAtfSettings	setUseHealStitch(value)	method	v2		
vrdAtfSettings	setUseLegacyLoader(useLegacy)	method	v2		Option has no effect anymore. All legacy loaders are retired.
vrdAtfSettings	setUseStitching(stitch)	method	v2		Enable / disable stitching of adjacent edges.
vrdAtfSettings	vrdAtfSettings()	method	v2		Default constructor.
vrdAtfSettings	vrdAtfSettings(other)	method	v2		
vrdBRDFCommonSettings.LightingMode	IBLIndirectDirect	data	v2		
vrdBRDFCommonSettings.LightingMode	IBLIndirect	data	v2		
vrdBRDFCommonSettings.LightingMode	IBLDirect	data	v2		
vrdBRDFCommonSettings.LightingMode	IBL	data	v2		
vrdBRDFCommonSettings.LightingMode	Direct	data	v2		
vrdBRDFCommonSettings.VrsQuality	VrsOff	data	v2		
vrdBRDFCommonSettings.VrsQuality	VrsNative1x1	data	v2		
vrdBRDFCommonSettings.VrsQuality	VrsCoarse2x2	data	v2		
vrdBRDFCommonSettings.VrsQuality	VrsCoarse4x4	data	v2		
vrdBRDFCommonSettings.VrsQuality	VrsSupersampling2x	data	v2		
vrdBRDFCommonSettings.VrsQuality	VrsSupersampling4x	data	v2		
vrdBRDFCommonSettings.VrsQuality	VrsSupersampling8x	data	v2		
vrdBRDFCommonSettings.ProjectionSpace	ObjectSpace	data	v2		Use local object space for texture mapping.
vrdBRDFCommonSettings.ProjectionSpace	WorldSpace	data	v2		Use world space for texture mapping.
vrdBRDFCommonSettings	getEnvironment()	method	v2	vrdMaterial	Gets the environment material used for reflections on this material.
vrdBRDFCommonSettings	getLightingMode()	method	v2	vrdBRDFCommonSettings.LightingMode	Gets the light model used for the shader.
vrdBRDFCommonSettings	getLineTubeRadius()	method	v2	float	Gets the radius of tubes that are used to render lines with raytracing or Vulkan renderer. It is given in object space.
vrdBRDFCommonSettings	getOcclusionColor()	method	v2	QVector3D	Gets the multiplication color for the pre-calculated ambient occlusion or environment shadows.
vrdBRDFCommonSettings	getOcclusionColorSpectrum()	method	v2	vrSpectrum	Gets the multiplication color for the pre-calculated ambient occlusion or environment shadows.
vrdBRDFCommonSettings	getOcclusionIntensity()	method	v2	float	Gets the intensity of shadowed areas.
vrdBRDFCommonSettings	getProjectionSpace()	method	v2	vrdBRDFCommonSettings.ProjectionSpace	Returns the projection coordinate system currently used for this material.
vrdBRDFCommonSettings	getSortKey()	method	v2	integer	returns Current sort key value of the material for OpenGL
vrdBRDFCommonSettings	getVrsQuality()	method	v2	vrdBRDFCommonSettings.VrsQuality	Gets the setting is used for content adaptive Variable Rate Shading (VRS)
vrdBRDFCommonSettings	setEnvironment(envMat)	method	v2		Sets the environment material used for reflections on this material. The HDR image of the assigned environment is used for diffuse, glossy, and specular reflect
vrdBRDFCommonSettings	setLightingMode(mode)	method	v2		Defines the light model used for the shader.
vrdBRDFCommonSettings	setLineTubeRadius(value)	method	v2		Sets the radius of tubes that are used to render lines with raytracing or Vulkan renderer. It is given in object space.
vrdBRDFCommonSettings	setOcclusionColor(value)	method	v2		Sets the multiplication color for pre-calculated ambient occlusion or environment shadows.
vrdBRDFCommonSettings	setOcclusionColorSpectrum(value)	method	v2		Sets the multiplication color spectrum for pre-calculated ambient occlusion or environment shadows.
vrdBRDFCommonSettings	setOcclusionIntensity(value)	method	v2		Controls the intensity of shadowed areas.
vrdBRDFCommonSettings	setProjectionSpace(space)	method	v2		Sets the coordinate system to use for calculating texture projections in the material.
vrdBRDFCommonSettings	setSortKey(value)	method	v2		Changes the order in which transparent materials are rendered in OpenGL when the Transparency Mode is set to Object Sorting. Transparent surfaces with the same 
vrdBRDFCommonSettings	setVrsQuality(quality)	method	v2		Sets the setting is used for content adaptive Variable Rate Shading (VRS)
vrdBRDFMaterial	getAnalytic()	method	v2	vrdAnalyticSettings	Gets access to all properties of vrdAnalyticSettings.
vrdBRDFMaterial	getCommon()	method	v2	vrdBRDFCommonSettings	Gets access to all properties of vrdBRDFCommonSettings.
vrdBRDFMaterial	getNPR()	method	v2	vrdNPRSettings	Gets access to all properties of vrdNPRSettings.
vrdBRDFMaterial	getRaytracing()	method	v2	vrdMaterialRaytracingSettings	Gets access to all raytracing settings of this material.
vrdBRDFMaterial	getRoundedEdges()	method	v2	vrdRoundedEdges	Gets access to all properties of vrdRoundedEdges.
vrdBRDFMaterial	getTransparency()	method	v2	vrdTransparency	Gets access to all properties of vrdTransparency.
vrdBRDFMaterial	isDisplacementActive()	method	v2	bool	returns If a vrdDisplacementTexture is active on this material.
vrdBaseLightNode	getBakeLayer()	method	v2	integer	Returns which lightmap layer the illumination from this light source is baked to with texture baking. See vrdBaseLightNode.setBakeLayer(layer).
vrdBaseLightNode	getCastShadowOnShadowMaterial()	method	v2	bool	Returns if the light casts a shadow on the shadow material.
vrdBaseLightNode	getDiffuseColor()	method	v2	QVector3D	Returns the diffuse color of the light.
vrdBaseLightNode	getDiffuseColorSpectrum()	method	v2	vrSpectrum	Returns the spectrum of the light's diffuse color.
vrdBaseLightNode	getGlossyColor()	method	v2	QVector3D	Returns the light's glossy color.
vrdBaseLightNode	getGlossyColorSpectrum()	method	v2	vrSpectrum	Returns the spectrum of the light's glossy color.
vrdBaseLightNode	getGroundShadowIntensity()	method	v2	float	Returns the intensity of shadows on the shadow material.
vrdBaseLightNode	getIlluminateShadowMaterial()	method	v2	bool	Returns whether the light illuminates the shadow material.
vrdBaseLightNode	getImportanceMultiplier()	method	v2	float	Returns the importance multiplier of the light.
vrdBaseLightNode	getIntensity()	method	v2	float	Returns the intensity of the light.
vrdBaseLightNode	getIsPhysicallyBased()	method	v2	bool	Returns whether the light source is physically based.
vrdBaseLightNode	getLightTransform()	method	v2	vrdLightTransform	Returns the light transform.
vrdBaseLightNode	getLightUnit()	method	v2	vrLightTypes.Unit	Returns the unit used for this light source.
vrdBaseLightNode	getMaterialShadowIntensity()	method	v2	float	Returns the intensity of shadows of brdf based materials.
vrdBaseLightNode	getModuleNode()	method	v2	vrdBaseLightNode	Returns the corresponding light graph node to this light node.
vrdBaseLightNode	getOn()	method	v2	bool	Returns the state of the light.
vrdBaseLightNode	getTemperature()	method	v2	integer	Returns the light temperature.
vrdBaseLightNode	getUseLightTemperature()	method	v2	bool	Returns whether the light uses the temperature value to determine its color.
vrdBaseLightNode	getVisualizationVisible()	method	v2	bool	Returns whether the light source visualization is visible.
vrdBaseLightNode	getVolumeIlluminationMode()	method	v2	vrLightTypes.VolumeIlluminationMode	Returns the illuminate volumes mode.
vrdBaseLightNode	setBakeLayer(layer)	method	v2		For texture baking, a layer can be set with vrdIlluminationBakeSettings.setLightsLayer(value) to bake only illumination from lights that have this bake layer nu
vrdBaseLightNode	setCastShadowOnShadowMaterial(castShadow)	method	v2		Set whether the light casts a shadow on the shadow material or not.
vrdBaseLightNode	setDiffuseColor(diffuseColor)	method	v2		Sets the diffuse color of the light.
vrdBaseLightNode	setDiffuseColorSpectrum(spectrum)	method	v2		Sets the spectrum of the light's diffuse color.
vrdBaseLightNode	setGlossyColor(glossyColor)	method	v2		Sets the glossy color of the light.
vrdBaseLightNode	setGlossyColorSpectrum(spectrum)	method	v2		Sets the spectrum of the light's glossy color.
vrdBaseLightNode	setGroundShadowIntensity(intensity)	method	v2		Sets the intensity of shadows on the shadow material.
vrdBaseLightNode	setIlluminateShadowMaterial(illuminateShadosMeterial)	method	v2		Sets whether the light illuminates the shadow material.
vrdBaseLightNode	setImportanceMultiplier(importanceMultiplier)	method	v2		Sets the importance multiplier of the light.
vrdBaseLightNode	setIntensity(intensity)	method	v2		Sets the intensity of the light.
vrdBaseLightNode	setIsPhysicallyBased(on)	method	v2		Sets whether the light source is physically based.
vrdBaseLightNode	setLightUnit(unit)	method	v2		Sets the unit used for this light source.
vrdBaseLightNode	setMaterialShadowIntensity(intensity)	method	v2		Sets the intensity of shadows of brdf based materials.
vrdBaseLightNode	setOn(on)	method	v2		Switch the light on / off.
vrdBaseLightNode	setTemperature(kelvin)	method	v2		Sets the light temperature.
vrdBaseLightNode	setUseLightTemperature(use)	method	v2		Sets whether the light uses the temperature value to determine its color.
vrdBaseLightNode	setVisualizationVisible(showVisualization)	method	v2		Sets whether the light source visualization is visible.
vrdBaseLightNode	setVolumeIlluminationMode(mode)	method	v2		Sets whether the light illuminates the volumes or only the volumes.
vrdBaseLightProfile	getAbsolutePath()	method	v2	string	Returns the absolute path of the light profile.
vrdBillboardNode	getAlignToScreen()	method	v2	bool	returns True, if screen alignment is enabled
vrdBillboardNode	getAxisOfRotation()	method	v2	QVector3D	returns The axis of rotation
vrdBillboardNode	getFocusOnCamera()	method	v2	bool	returns True, if focus on camera is enabled
vrdBillboardNode	getMaxAngle()	method	v2	float	returns The maximum rotation angle
vrdBillboardNode	getMinAngle()	method	v2	float	returns The minimum rotation angle
vrdBillboardNode	setAlignToScreen(value)	method	v2		Enable or disabled screen alignment.
vrdBillboardNode	setAxisOfRotation(value)	method	v2		Changes the axis of rotation.
vrdBillboardNode	setFocusOnCamera(value)	method	v2		Enable or disabled focus on camera.
vrdBillboardNode	setMaxAngle(value)	method	v2		Restrict rotation to a maximum angle.
vrdBillboardNode	setMinAngle(value)	method	v2		Restrict rotation to a minimum angle.
vrdBlendChunk.Equation	None_	data	v2		
vrdBlendChunk.Equation	Clear	data	v2		
vrdBlendChunk.Equation	And	data	v2		
vrdBlendChunk.Equation	AndReverse	data	v2		
vrdBlendChunk.Equation	Copy	data	v2		
vrdBlendChunk.Equation	AndInverted	data	v2		
vrdBlendChunk.Equation	Noop	data	v2		
vrdBlendChunk.Equation	Xor	data	v2		
vrdBlendChunk.Equation	Or	data	v2		
vrdBlendChunk.Equation	Nor	data	v2		
vrdBlendChunk.Equation	Equiv	data	v2		
vrdBlendChunk.Equation	Invert	data	v2		
vrdBlendChunk.Equation	OrReverse	data	v2		
vrdBlendChunk.Equation	CopyInverted	data	v2		
vrdBlendChunk.Equation	OrInverted	data	v2		
vrdBlendChunk.Equation	Nand	data	v2		
vrdBlendChunk.Equation	Set	data	v2		
vrdBlendChunk.SrcFactor	Zero	data	v2		
vrdBlendChunk.SrcFactor	One	data	v2		
vrdBlendChunk.SrcFactor	SrcColor	data	v2		
vrdBlendChunk.SrcFactor	OneMinusSrcColor	data	v2		
vrdBlendChunk.SrcFactor	DstColor	data	v2		
vrdBlendChunk.SrcFactor	OneMinusDstColor	data	v2		
vrdBlendChunk.SrcFactor	SrcAlpha	data	v2		
vrdBlendChunk.SrcFactor	OneMinusSrcAlpha	data	v2		
vrdBlendChunk.SrcFactor	DstAlpha	data	v2		
vrdBlendChunk.SrcFactor	OneMinusDstAlpha	data	v2		
vrdBlendChunk.SrcFactor	ConstantColor	data	v2		
vrdBlendChunk.SrcFactor	OneMinusConstantColor	data	v2		
vrdBlendChunk.SrcFactor	SrcAlphaSaturate	data	v2		
vrdBlendChunk.DstFactor	Zero	data	v2		
vrdBlendChunk.DstFactor	One	data	v2		
vrdBlendChunk.DstFactor	SrcColor	data	v2		
vrdBlendChunk.DstFactor	OneMinusSrcColor	data	v2		
vrdBlendChunk.DstFactor	DstColor	data	v2		
vrdBlendChunk.DstFactor	OneMinusDstColor	data	v2		
vrdBlendChunk.DstFactor	SrcAlpha	data	v2		
vrdBlendChunk.DstFactor	OneMinusSrcAlpha	data	v2		
vrdBlendChunk.DstFactor	DstAlpha	data	v2		
vrdBlendChunk.DstFactor	OneMinusDstAlpha	data	v2		
vrdBlendChunk.DstFactor	ConstantColor	data	v2		
vrdBlendChunk.DstFactor	OneMinusConstantColor	data	v2		
vrdBlendChunk	getColor()	method	v2	QVector3D	This is the constant color used by blend modes *_CONSTANT_*.
vrdBlendChunk	getDstFactor()	method	v2	vrdBlendChunk.DstFactor	The frame buffer pixel is multiplied by the destination factor.Legal values are directly taken from the glBlendFunc() manpage.
vrdBlendChunk	getEquation()	method	v2	vrdBlendChunk.Equation	The equation used to combine the two values. Only available where GL_ARB_imaging is supported.See glBlendEquation() for details.
vrdBlendChunk	getSrcFactor()	method	v2	vrdBlendChunk.SrcFactor	The incoming pixel is multiplied by the source factor. Legal values are directly taken from the glBlendFunc() manpage.
vrdBlendChunk	setColor(value)	method	v2		This is the constant color used by blend modes *_CONSTANT_*.
vrdBlendChunk	setDstFactor(srcFactor)	method	v2		The frame buffer pixel is multiplied by the destination factor.Legal values are directly taken from the glBlendFunc() manpage.
vrdBlendChunk	setEquation(equation)	method	v2		The equation used to combine the two values. Only available where GL_ARB_imaging is supported.See glBlendEquation() for details.
vrdBlendChunk	setSrcFactor(srcFactor)	method	v2		The incoming pixel is multiplied by the source factor. Legal values are directly taken from the glBlendFunc() manpage.
vrdBoundingBox	extendBy(bb)	method	v2		Extend the current bounding box with the given one.
vrdBoundingBox	getCenter()	method	v2	QVector3D	Get center of bounding box.
vrdBoundingBox	getMax()	method	v2	QVector3D	Get maximum of bounding box.
vrdBoundingBox	getMin()	method	v2	QVector3D	Get minimum of bounding box.
vrdBoundingBox	getSize()	method	v2	QVector3D	Gets the extents along x-, y-, and z-axis.
vrdBoundingBox	isValid()	method	v2	bool	Returns if the bounding box is valid.
vrdBoundingBox	setMax(max)	method	v2		Set maximum of bounding box.
vrdBoundingBox	setMin(min)	method	v2		Set minimum of bounding box.
vrdBoundingBox	vrdBoundingBox()	method	v2		Default constructor.
vrdBoundingBox	vrdBoundingBox(min, max)	method	v2		Create bounding box with minimum and maximum corner.
vrdBrushOrientation.BrushAxis	PlanarXY	data	v2		
vrdBrushOrientation.BrushAxis	PlanarXZ	data	v2		
vrdBrushOrientation.BrushAxis	PlanarYZ	data	v2		
vrdBrushOrientation.BrushAxis	RadialXY	data	v2		
vrdBrushOrientation.BrushAxis	RadialXZ	data	v2		
vrdBrushOrientation.BrushAxis	RadialYZ	data	v2		
vrdBrushOrientation.BrushAxis	Triplanar	data	v2		
vrdBrushOrientation	getBrushAxis()	method	v2	vrdBrushOrientation.BrushAxis	Query brush orientation.
vrdBrushOrientation	getCenter()	method	v2	QVector3D	Gets the projection planes center of the radial brushes.
vrdBrushOrientation	getOrientation()	method	v2	QVector3D	Gets the projection planes orientation.
vrdBrushOrientation	getStructureScaleU()	method	v2	float	Gets the brush size on the U-axis.
vrdBrushOrientation	getStructureScaleV()	method	v2	float	Gets the brush size on the V-axis.
vrdBrushOrientation	getTriplanarRotate()	method	v2	QVector3D	Gets the projection planes rotation on the X/Y/Z-axis.
vrdBrushOrientation	setBrushAxis(m)	method	v2		Allows you to choose between a range of possible brush orientations, for example, metal brushed in one direction or metal with radial brushes. For example, Brus
vrdBrushOrientation	setCenter(v)	method	v2		Sets the projection planes center of the radial brushes.
vrdBrushOrientation	setCenterFromObject()	method	v2		Sets the radial projection plane center to the center of the selected object from scene graph.
vrdBrushOrientation	setOrientation(v)	method	v2		Sets the projection planes orientation.
vrdBrushOrientation	setStructureScaleU(v)	method	v2		Defines the brush size on the U-axis.
vrdBrushOrientation	setStructureScaleV(v)	method	v2		Defines the brush size on the V-axis.
vrdBrushOrientation	setTriplanarRotate(v)	method	v2		Sets the projection planes rotation on the X/Y/Z-axis.
vrdBrushedMetalMaterial.MetalType	CustomReflectivity	data	v2		
vrdBrushedMetalMaterial.MetalType	Aluminium	data	v2		
vrdBrushedMetalMaterial.MetalType	AmorphousCarbon	data	v2		
vrdBrushedMetalMaterial.MetalType	Silver	data	v2		
vrdBrushedMetalMaterial.MetalType	Gold	data	v2		
vrdBrushedMetalMaterial.MetalType	Cobalt	data	v2		
vrdBrushedMetalMaterial.MetalType	Copper	data	v2		
vrdBrushedMetalMaterial.MetalType	Chromium	data	v2		
vrdBrushedMetalMaterial.MetalType	Lithium	data	v2		
vrdBrushedMetalMaterial.MetalType	Mercury	data	v2		
vrdBrushedMetalMaterial.MetalType	Nickel	data	v2		
vrdBrushedMetalMaterial.MetalType	Potassium	data	v2		
vrdBrushedMetalMaterial.MetalType	Platinum	data	v2		
vrdBrushedMetalMaterial.MetalType	Iridium	data	v2		
vrdBrushedMetalMaterial.MetalType	Silicon	data	v2		
vrdBrushedMetalMaterial.MetalType	AmorphousSilicon	data	v2		
vrdBrushedMetalMaterial.MetalType	Sodium	data	v2		
vrdBrushedMetalMaterial.MetalType	Rhodium	data	v2		
vrdBrushedMetalMaterial.MetalType	Tungsten	data	v2		
vrdBrushedMetalMaterial.MetalType	Vanadium	data	v2		
vrdBrushedMetalMaterial.MetalType	Iron	data	v2		
vrdBrushedMetalMaterial	getBrushOrientation()	method	v2	vrdBrushOrientation	Gets access to all properties of vrdBrushOrientation.
vrdBrushedMetalMaterial	getBumpTexture()	method	v2	vrdBumpTexture	Gets access to all properties of vrdBumpTexture.
vrdBrushedMetalMaterial	getClearcoat()	method	v2	vrdClearcoat	Gets access to all properties of vrdClearcoat.
vrdBrushedMetalMaterial	getDiffuseColor()	method	v2	QVector3D	returns Current diffuse reflection color
vrdBrushedMetalMaterial	getDiffuseColorSpectrum()	method	v2	vrSpectrum	Gets the diffuse color spectrum.
vrdBrushedMetalMaterial	getDiffuseTexture()	method	v2	vrdTexture	Gets access to all properties of the diffuse texture.
vrdBrushedMetalMaterial	getDisplacementTexture()	method	v2	vrdDisplacementTexture	Gets access to all properties of vrdDisplacementTexture.
vrdBrushedMetalMaterial	getGlossyColor()	method	v2	QVector3D	returns Current glossy reflection color.
vrdBrushedMetalMaterial	getGlossyColorSpectrum()	method	v2	vrSpectrum	returns The material's color spectrum for glossy reflections
vrdBrushedMetalMaterial	getGlossyTexture()	method	v2	vrdTexture	Gets access to all properties of the glossy texture.
vrdBrushedMetalMaterial	getIncandescence()	method	v2	vrdIncandescence	Gets access to all properties of vrdIncandescence.
vrdBrushedMetalMaterial	getMetalType()	method	v2	vrdBrushedMetalMaterial.MetalType	Gets the metal types used.
vrdBrushedMetalMaterial	getReflectivity()	method	v2	float	Gets the brushed metal's reflective intensity.
vrdBrushedMetalMaterial	getRoughnessTexture()	method	v2	vrdRoughnessTexture	Gets access to all properties of vrdRoughnessTexture.
vrdBrushedMetalMaterial	getRoughnessU()	method	v2	float	Gets light reflection on top of the surface.
vrdBrushedMetalMaterial	getRoughnessV()	method	v2	float	Gets light reflection on top of the surface.
vrdBrushedMetalMaterial	getThinFilm()	method	v2	vrdThinFilm	Gets access to all properties of vrdThinFilm.
vrdBrushedMetalMaterial	setDiffuseColor(value)	method	v2		Sets the diffuse reflection color of the material.
vrdBrushedMetalMaterial	setDiffuseColorSpectrum(value)	method	v2		Sets the diffuse color spectrum.
vrdBrushedMetalMaterial	setGlossyColor(value)	method	v2		Sets the glossy reflection color of the material.
vrdBrushedMetalMaterial	setGlossyColorSpectrum(value)	method	v2		Sets the material's color spectrum for glossy reflections.
vrdBrushedMetalMaterial	setMetalType(value)	method	v2		Sets the metal types used, changing the characteristics of the metal.
vrdBrushedMetalMaterial	setReflectivity(v)	method	v2		Sets the brushed metal's reflective intensity. The higher the value, the more reflective.
vrdBrushedMetalMaterial	setRoughnessU(u)	method	v2		Sets light reflection on top of the surface. The higher the value, the rougher the microscopic structure on top of the surface and more blurred the reflections.
vrdBrushedMetalMaterial	setRoughnessV(v)	method	v2		Controls light reflection on top of the surface. The higher the value, the rougher the microscopic structure on top of the surface and more blurred the reflecti
vrdBsdfMeasurement	getAbsolutePath()	method	v2	string	Returns the absolute path of the measured bsdf.
vrdBumpTexture.BumpType	BumpMapping	data	v2		Simple parallax mapping.
vrdBumpTexture.BumpType	DisplacementMapping	data	v2		Parallax occlusion mapping.
vrdBumpTexture	getBumpAffectsSpecular()	method	v2	bool	Gets the enable state of bump affects specular reflections.
vrdBumpTexture	getBumpIntensity()	method	v2	float	Gets the prominence of the bumps.
vrdBumpTexture	getBumpType()	method	v2	vrdBumpTexture.BumpType	Gets the parallax mapping method.
vrdBumpTexture	getFlipU()	method	v2	bool	Gets flip U tangent direction state.
vrdBumpTexture	getFlipV()	method	v2	bool	Gets flip V tangent direction state.
vrdBumpTexture	getGlossyWeight()	method	v2	float	Gets how much the structure affects the glossy color.
vrdBumpTexture	getNormalmapEncodesHeight()	method	v2	bool	returns The current state. See vrdBumpTexture.setNormalmapEncodesHeight(normalmapEncodesHeight) for an explanation of this flag.
vrdBumpTexture	getParallaxIntensity()	method	v2	float	Gets the amount of parallax shift of the bump image texture.
vrdBumpTexture	getStructureSize()	method	v2	float	Gets isotropic structure size of the 3D noise.
vrdBumpTexture	getStructureSizeUV()	method	v2	QVector2D	Gets anisotropic structure size of the 3D noise.
vrdBumpTexture	getUseStructure()	method	v2	bool	Query if procedural surface structure is enabled.
vrdBumpTexture	setBumpAffectsSpecular(s)	method	v2		Enable bump affects specular reflections.
vrdBumpTexture	setBumpIntensity(intensity)	method	v2		Controls how high the bumps display on a surface. Higher values make the surface appear bumpier. Negative values will invert the bump effect.
vrdBumpTexture	setBumpType(type)	method	v2		Sets the parallax mapping method.
vrdBumpTexture	setFlipU(s)	method	v2		Flips U tangent direction of the normal or bump map.
vrdBumpTexture	setFlipV(s)	method	v2		Flips V tangent direction of the normal or bump map.
vrdBumpTexture	setGlossyWeight(value)	method	v2		Controls how much the structure affects the glossy color. Call vrdBumpTexture.supportsGlossyWeight() to query if this material supports the glossy weight settin
vrdBumpTexture	setNormalmapEncodesHeight(normalmapEncodesHeight)	method	v2		Sets whether the normal map already contains the normals of the displaced surface when using a displacement texture at the same time. This option is currently o
vrdBumpTexture	setParallaxIntensity(intensity)	method	v2		Sets the amount of parallax shift of the bump image texture.
vrdBumpTexture	setStructureSize(size)	method	v2		Sets isotropic structure size of the 3D noise when the procedural bump structure is activated.
vrdBumpTexture	setStructureSizeUV(size)	method	v2		Sets anisotropic structure size of the 3D noise when the procedural bump structure is activated.
vrdBumpTexture	setUseStructure(useStructure)	method	v2		If enabled a procedural 3D noise is used to perturb the normal to simulate an uneven surface structure.
vrdBumpTexture	supportsGlossyWeight()	method	v2	bool	returns True, if glossy weight is supported
vrdBumpTexture	supportsTexture()	method	v2	bool	returns False, if only structured bump mapping is supported
vrdButtonState	getName()	method	v2	string	Default destructor.
vrdButtonState	getPosition()	method	v2	QVector2D	Gets the position of the button in two dimensions. Only the x value will be set if the button has only one dimension in which it can move.
vrdButtonState	isPressed()	method	v2	bool	Returns if the button is pressed or not.
vrdButtonState	isTouched()	method	v2	bool	Returns if the button is touched or not.
vrdButtonState	setName(name)	method	v2		Sets the name of the button to which the state belongs.
vrdButtonState	setPosition(position)	method	v2		Sets the position of the button in two dimensions.
vrdButtonState	setPressed(pressed)	method	v2		Sets if the button is pressed.
vrdButtonState	setTouched(touched)	method	v2		Sets if the button is touched or not.
vrdButtonState	vrdButtonState()	method	v2		Default constructor.
vrdButtonState	vrdButtonState(state)	method	v2		Copy constructor.
vrdCameraBaseNode	adjustAtPosition(root=vrdNode())	method	v2		Adjust the look at point onto the surface of the closest object in the direction of viewing.
vrdCameraBaseNode	calculateClippingPlanes()	method	v2		Update near and far clipping plane from scene contents.
vrdCameraBaseNode	getApplyColorCorrectionToBackground()	method	v2	bool	Returns if color correction should be applied to background.
vrdCameraBaseNode	getApplyColorCorrectionToForeground()	method	v2	bool	Returns if color correction should be applied to foreground.
vrdCameraBaseNode	getAutofocus()	method	v2	bool	Returns the current autofocus state of the camera.
vrdCameraBaseNode	getAutofocusTransitionTime()	method	v2	integer	Returns the time in frames the autofocus should use to adjust the focus distance.
vrdCameraBaseNode	getBlendAmount()	method	v2	float	Returns the amount of blending used.
vrdCameraBaseNode	getBlendMapLeftEye()	method	v2	vrdImage	Returns the blending map for the left eye of the camera.
vrdCameraBaseNode	getBlendMapRightEye()	method	v2	vrdImage	Returns the blending map for the right eye of the camera.
vrdCameraBaseNode	getBlendMode()	method	v2	vrCameraTypes.BlendMode	Returns the current blending mode.
vrdCameraBaseNode	getBlendModeEnabled()	method	v2	bool	returns True if blending is enabled, False otherwise.
vrdCameraBaseNode	getBlendModeType()	method	v2	vrCameraTypes.BlendModeType	Returns the current blending mode type.
vrdCameraBaseNode	getChromaticAberration()	method	v2	bool	Returns whether chromatic aberration is enabled or not.
vrdCameraBaseNode	getChromaticAberrationBlur()	method	v2	float	Returns the amount of blurring between rgb color channels of the chromatic aberration effect.
vrdCameraBaseNode	getChromaticAberrationStrength()	method	v2	float	Returns the strenght of the chromatic aberration effect.
vrdCameraBaseNode	getColorCorrectionBrightness()	method	v2	float	Returns the color correction brightness.
vrdCameraBaseNode	getColorCorrectionContrast()	method	v2	float	Returns the color correction contrast.
vrdCameraBaseNode	getColorCorrectionHueOffset()	method	v2	float	Returns the color correction hue offset.
vrdCameraBaseNode	getColorCorrectionSaturation()	method	v2	float	Returns the color correction saturation.
vrdCameraBaseNode	getCustomFrustumEnabled()	method	v2	bool	Returns the state of the custom frustum.
vrdCameraBaseNode	getCustomProjectionMatrix()	method	v2	QMatrix4x4	Returns the custom 4x4 projection matrix.
vrdCameraBaseNode	getDepthOfField()	method	v2	bool	Returns the current depth of field state of the camera. For a more detailed definition please see vrdCameraBaseNode.getDepthOfFieldMode().
vrdCameraBaseNode	getDepthOfFieldMode()	method	v2	vrCameraTypes.DepthOfFieldMode	Returns the current depth of field mode of the camera.
vrdCameraBaseNode	getDistanceFog()	method	v2	bool	Returns the current activation state of distance-fog.
vrdCameraBaseNode	getDistanceFogColor()	method	v2	QColor	Get the color of distance-fog.
vrdCameraBaseNode	getDistanceFogDensity()	method	v2	float	Returns the density of distance-fog.
vrdCameraBaseNode	getDistanceFogEnableNoiseSizeUniform()	method	v2	bool	Returns the uniform noise size flag for distance-fog.
vrdCameraBaseNode	getDistanceFogFalloff()	method	v2	vrCameraTypes.FogFalloffMode	Returns the falloff type of distance-fog.
vrdCameraBaseNode	getDistanceFogNoise()	method	v2	float	Returns the noise intensity of distance-fog.
vrdCameraBaseNode	getDistanceFogNoiseOffset()	method	v2	QVector3D	Returns the noise offset of distance-fog.
vrdCameraBaseNode	getDistanceFogNoiseSize()	method	v2	QVector3D	Returns the noise size of distance-fog.
vrdCameraBaseNode	getDistanceFogRange()	method	v2	float	Get the near value of distance-fog.
vrdCameraBaseNode	getDistortion()	method	v2	bool	Returns if distortion is enabled.
vrdCameraBaseNode	getDistortionCoefficients()	method	v2	QVector3D	Retrieves the distortion coefficients for the camera.
vrdCameraBaseNode	getDistortionEdgeMode()	method	v2	vrCameraTypes.DistortionEdgeMode	Returns the lens distortion edge handling when there are no pixels available in the input map.
vrdCameraBaseNode	getDistortionMapLeftEye()	method	v2	vrdImage	Returns the distortion map for the left eye of the camera.
vrdCameraBaseNode	getDistortionMapRightEye()	method	v2	vrdImage	Returns the distortion map for the left right of the camera.
vrdCameraBaseNode	getDistortionType()	method	v2	vrCameraTypes.DistortionType	Returns the current lens distortion type used for chromatic aberration.
vrdCameraBaseNode	getFarClippingDistance()	method	v2	float	Returns the distance of the far clipping plane.
vrdCameraBaseNode	getFilmGrain()	method	v2	bool	Returns true if film grain is enabled.
vrdCameraBaseNode	getFilmGrainColorWeight()	method	v2	float	Returns the amount of colored film grain.
vrdCameraBaseNode	getFilmGrainSize()	method	v2	float	Returns the size of film grain.
vrdCameraBaseNode	getFilmGrainSplotchiness()	method	v2	float	Returns the amount of splotches in the film grain.
vrdCameraBaseNode	getFilmGrainWeight()	method	v2	float	Returns the amount of film grain.
vrdCameraBaseNode	getFocalLength()	method	v2	float	Returns the focal length.
vrdCameraBaseNode	getFocusDistance()	method	v2	float	Returns the focus distance.
vrdCameraBaseNode	getFov()	method	v2	float	Gets the field of view.
vrdCameraBaseNode	getFovMode()	method	v2	vrCameraTypes.FovMode	Returns the field of view mode.
vrdCameraBaseNode	getFromAtUp()	method	v2	vrCameraFromAtUp	Gets the from at and up vectors in local space.
vrdCameraBaseNode	getFromAtUpWorld()	method	v2	vrCameraFromAtUp	Returns from, at and up vectors in world space.
vrdCameraBaseNode	getFrustum()	method	v2	QVector4D	Returns the custom frustum.
vrdCameraBaseNode	getFrustumBottom()	method	v2	float	Returns the size bottom side of the frustum.
vrdCameraBaseNode	getFrustumLeft()	method	v2	float	Returns the size left side of the frustum.
vrdCameraBaseNode	getFrustumRight()	method	v2	float	Returns the size right side of the frustum.
vrdCameraBaseNode	getFrustumTop()	method	v2	float	Returns the size top side of the frustum.
vrdCameraBaseNode	getFStop()	method	v2	float	Returns the FStop of the camera,.
vrdCameraBaseNode	getGlare()	method	v2	bool	Returns the current glare state of the camera.
vrdCameraBaseNode	getGlareIntensity()	method	v2	float	Returns the glare intensity.
vrdCameraBaseNode	getGlareRotation()	method	v2	float	Returns the glare rotation.
vrdCameraBaseNode	getGlareSize()	method	v2	float	Returns the glare size.
vrdCameraBaseNode	getGlareStreaks()	method	v2	integer	Returns the number of glare streaks.
vrdCameraBaseNode	getGlareThreshold()	method	v2	float	Returns the glare threshold.
vrdCameraBaseNode	getGlow()	method	v2	bool	Returns the current glow state of the camera.
vrdCameraBaseNode	getGlowFalloff()	method	v2	float	Returns the glow falloff.
vrdCameraBaseNode	getGlowIntensity()	method	v2	float	Returns the glow intensity.
vrdCameraBaseNode	getGlowSize()	method	v2	float	Returns the glow size.
vrdCameraBaseNode	getGlowThreshold()	method	v2	float	Returns the glow threshold.
vrdCameraBaseNode	getGradingEnabled()	method	v2	bool	returns True if color grading is enabled, False otherwise.
vrdCameraBaseNode	getGradingLut()	method	v2	vrdGradingLut	Returns the grading lut.
vrdCameraBaseNode	getGradingPresetFilename()	method	v2	string	Returns the grading preset file name.
vrdCameraBaseNode	getGradingPresetFolder()	method	v2	string	Returns the folder to search for grading presets.
vrdCameraBaseNode	getGradingPrimary()	method	v2	vrdGradingPrimary	Returns the primary grading controls.
vrdCameraBaseNode	getGradingRGBCurve()	method	v2	vrdGradingRGBMCurve	Returns the rgb grading curve.
vrdCameraBaseNode	getGradingTone()	method	v2	vrdGradingTone	Returns the tone grading controls.
vrdCameraBaseNode	getGradingWeight()	method	v2	float	Returns the weight the grading is applied with.
vrdCameraBaseNode	getHeightFog()	method	v2	bool	Returns the current activation value of height-fog.
vrdCameraBaseNode	getHeightFogBlend()	method	v2	float	Returns the blend value of height-fog.
vrdCameraBaseNode	getHeightFogColor()	method	v2	QColor	Get the color of height-fog.
vrdCameraBaseNode	getHeightFogDensity()	method	v2	float	Returns the density of height-fog.
vrdCameraBaseNode	getHeightFogEnableNoiseSizeUniform()	method	v2	bool	Returns the uniform noise size flag for height-fog.
vrdCameraBaseNode	getHeightFogFalloff()	method	v2	vrCameraTypes.FogFalloffMode	Returns the falloff type of height-fog.
vrdCameraBaseNode	getHeightFogNoise()	method	v2	float	Returns the noise intensity of height-fog.
vrdCameraBaseNode	getHeightFogNoiseOffset()	method	v2	QVector3D	Returns the noise offset of height-fog.
vrdCameraBaseNode	getHeightFogNoiseSize()	method	v2	QVector3D	Returns the noise size of height-fog.
vrdCameraBaseNode	getHeightFogRange()	method	v2	QVector2D	Returns the range of height-fog.
vrdCameraBaseNode	getInteractiveDofQuality()	method	v2	vrCameraTypes.InteractiveDofQuality	Returns the quality of the interactive depth of field effect.
vrdCameraBaseNode	getLensFlare()	method	v2	bool	Queries if lens flares are visible for this camera.
vrdCameraBaseNode	getMotionBlur()	method	v2	bool	Returns the current motion blur state of the camera.
vrdCameraBaseNode	getNearClippingDistance()	method	v2	float	Returns the distance of the near clipping plane.
vrdCameraBaseNode	getOrthographicSize()	method	v2	float	Returns the orthographic size.
vrdCameraBaseNode	getPerspectiveMatch()	method	v2	vrdPerspectiveMatch	Gets the camera perspective match object.
vrdCameraBaseNode	getPrincipalPointOffset()	method	v2	QVector2D	Returns the principal point offset.
vrdCameraBaseNode	getProjectionMode()	method	v2	vrCameraTypes.CameraProjectionMode	Returns the projection mode used for the camera.
vrdCameraBaseNode	getRoll()	method	v2	float	Returns the camera roll.
vrdCameraBaseNode	getSensorSize()	method	v2	QVector2D	Returns the sensor size.
vrdCameraBaseNode	getShutterSpeed()	method	v2	float	Returns the shutter speed.
vrdCameraBaseNode	getSkew()	method	v2	float	Returns the skew factor of the camera.
vrdCameraBaseNode	getStereoEyeSeparation()	method	v2	float	Returns the stereo eye separation used during omnidirectional stereo rendering.
vrdCameraBaseNode	getStereoLayout()	method	v2	vrCameraTypes.CameraStereoLayout	Returns the stereo layout.
vrdCameraBaseNode	getStereoPolarMergeAngle()	method	v2	float	Returns the polar merge angle used during omnidirectional stereo rendering.
vrdCameraBaseNode	getTonemapper()	method	v2	vrdTonemapper	Returns the tone mapper.
vrdCameraBaseNode	getUseHightAsVRGround()	method	v2	bool	Check, if camera height is used as gound in VR.
vrdCameraBaseNode	getViewpointTransition()	method	v2	bool	Returns if viewpoint transitions are enabled.
vrdCameraBaseNode	getViewpointTransitionDuration()	method	v2	float	Returns the duration of viewpoint transitions.
vrdCameraBaseNode	getVignetteFeather()	method	v2	float	Returns the vignette feather.
vrdCameraBaseNode	getVignetteRadius()	method	v2	float	Returns the vignette radius.
vrdCameraBaseNode	getVignetteRoundness()	method	v2	float	Returns the vignette roundness.
vrdCameraBaseNode	getWireframeRendering()	method	v2	bool	Returns the state of wireframe rendering.
vrdCameraBaseNode	isEditable()	method	v2	bool	Returns if the node is in a locked state or can be edited.
vrdCameraBaseNode	isEqual(camera)	method	v2	bool	Determines if two camera nodes are internally using the same camera.
vrdCameraBaseNode	isGradingPresetModified()	method	v2	bool	Returns whether the grading presets was modified or not.
vrdCameraBaseNode	isOrthographic()	method	v2	bool	Returns if the camera is using orthographic projection.
vrdCameraBaseNode	loadBlendMap(fileName, eye)	method	v2	bool	Loads an image from a file and sets it as blending map for either the left or the right eye.
vrdCameraBaseNode	loadDistortionMap(fileName, eye)	method	v2	bool	Loads an image from a file and sets it as distortion map for either the left or the right eye.
vrdCameraBaseNode	loadGradingPreset(fileName)	method	v2	bool	Loads a grading preset from a file.
vrdCameraBaseNode	mirrorView(axis)	method	v2		Mirrors the camera view along one of the major axis.
vrdCameraBaseNode	resetView()	method	v2		Zeros all values in the camera viewing matrix.
vrdCameraBaseNode	saveGradingPreset(fileName)	method	v2	bool	Saves a grading preset to a file.
vrdCameraBaseNode	setApplyColorCorrectionToBackground(enabled)	method	v2		Enable / disable the color correction for the background.
vrdCameraBaseNode	setApplyColorCorrectionToForeground(enabled)	method	v2		Enable / disable the color correction for the foreground.
vrdCameraBaseNode	setAutofocus(enabled)	method	v2		Enables / disables autofocus on screen center.
vrdCameraBaseNode	setAutofocusTransitionTime(value)	method	v2		Sets the time in frames the autofocus should use to adjust the focus distance.
vrdCameraBaseNode	setBlendAmount(value)	method	v2		Sets the amount of blending to use.
vrdCameraBaseNode	setBlendMapLeftEye(image)	method	v2		Sets the blending map for the left eye of the camera.
vrdCameraBaseNode	setBlendMapRightEye(image)	method	v2		Sets the blending map for the right eye of the camera.
vrdCameraBaseNode	setBlendMode(mode)	method	v2		Sets and enables / disables the blending mode.
vrdCameraBaseNode	setBlendModeEnabled(enabled)	method	v2		Sets the blending state.
vrdCameraBaseNode	setBlendModeType(mode)	method	v2		Sets the blending mode type.
vrdCameraBaseNode	setChromaticAberration(enabled)	method	v2		Enables/Disables chromatic aberration.
vrdCameraBaseNode	setChromaticAberrationBlur(blur)	method	v2		Set amount of blurring between the rgb color channels of the chromatic aberration effect.
vrdCameraBaseNode	setChromaticAberrationStrength(strength)	method	v2		Set the strength of chromatic aberration effect.
vrdCameraBaseNode	setColorCorrectionBrightness(value)	method	v2		Sets the color correction brightness.
vrdCameraBaseNode	setColorCorrectionContrast(value)	method	v2		Sets the color correction contrast.
vrdCameraBaseNode	setColorCorrectionHueOffset(value)	method	v2		Sets the color correction hue offset.
vrdCameraBaseNode	setColorCorrectionSaturation(value)	method	v2		Sets the color correction saturation.
vrdCameraBaseNode	setCustomFrustumEnabled(enabled)	method	v2		Enable / disable the use of a custom frustum.
vrdCameraBaseNode	setCustomProjectionMatrix(matrix)	method	v2		Sets a custom 4x4 projection matrix.
vrdCameraBaseNode	setDepthOfField(enabled)	method	v2		Enables / disables depth of field for the camera. For a more detailed definition please see vrdCameraBaseNode.setDepthOfFieldMode(mode).
vrdCameraBaseNode	setDepthOfFieldMode(mode)	method	v2		Sets the depth of field mode for the camera.
vrdCameraBaseNode	setDistanceFog(enable)	method	v2		Enables / disables distance-fog.
vrdCameraBaseNode	setDistanceFogColor(color)	method	v2		Sets the color of the distance-fog.
vrdCameraBaseNode	setDistanceFogDensity(density)	method	v2		Set the density of distance-fog.
vrdCameraBaseNode	setDistanceFogEnableNoiseSizeUniform(enable)	method	v2		Enables / disables uniform noise size for distance-fog.
vrdCameraBaseNode	setDistanceFogFalloff(value)	method	v2		Sets the falloff type of distance-fog.
vrdCameraBaseNode	setDistanceFogNoise(intensity)	method	v2		Set the intensity of noise for distance-fog.
vrdCameraBaseNode	setDistanceFogNoiseOffset(offset)	method	v2		Set the offset of noise for distance-fog.
vrdCameraBaseNode	setDistanceFogNoiseSize(size)	method	v2		Set the size of noise for distance-fog.
vrdCameraBaseNode	setDistanceFogRange(nearDistance)	method	v2		Sets where distance-fog begins.
vrdCameraBaseNode	setDistortion(enabled)	method	v2		Enable / disable distortion.
vrdCameraBaseNode	setDistortionCoefficients(coefficients)	method	v2		Sets the distortion coefficients for the camera.
vrdCameraBaseNode	setDistortionEdgeMode(mode)	method	v2		Sets the lens distortion edge handling when there are no pixels available in the input map.
vrdCameraBaseNode	setDistortionMapLeftEye(image)	method	v2		Sets the distortion map for the left eye of the camera.
vrdCameraBaseNode	setDistortionMapRightEye(image)	method	v2		
vrdCameraBaseNode	setDistortionType(type)	method	v2		Sets the type of lens distortion used for chromatic aberration.
vrdCameraBaseNode	setFarClippingDistance(value)	method	v2		Sets the distance of the far clipping plane.
vrdCameraBaseNode	setFilmGrain(enabled)	method	v2		Enable / disable film grain.
vrdCameraBaseNode	setFilmGrainColorWeight(weight)	method	v2		Set amount of colored film grain.
vrdCameraBaseNode	setFilmGrainSize(size)	method	v2		Set the size of the film grain.
vrdCameraBaseNode	setFilmGrainSplotchiness(splotchiness)	method	v2		Set amount of splotches in the film grain.
vrdCameraBaseNode	setFilmGrainWeight(weight)	method	v2		Set amount of film grain.
vrdCameraBaseNode	setFocalLength(value)	method	v2		Sets the focal length.
vrdCameraBaseNode	setFocusDistance(distance)	method	v2		Sets the focus distance.
vrdCameraBaseNode	setFov(value)	method	v2		Sets the field of view.
vrdCameraBaseNode	setFovMode(mode)	method	v2		Sets the field of view mode.
vrdCameraBaseNode	setFromAtUp(fromAtUp)	method	v2		Sets the from, at and up vectors in local space.
vrdCameraBaseNode	setFromAtUpWorld(fromAtUp)	method	v2		Sets the from, at and up vectors in world space.
vrdCameraBaseNode	setFrustum(frustum)	method	v2		Sets the custom frustum.
vrdCameraBaseNode	setFrustumBottom(value)	method	v2		Sets the size of the bottom side of the frustum.
vrdCameraBaseNode	setFrustumLeft(value)	method	v2		Sets the size of the left side of the frustum.
vrdCameraBaseNode	setFrustumRight(value)	method	v2		Sets the size of the right side of the frustum.
vrdCameraBaseNode	setFrustumTop(value)	method	v2		Sets the size of the top side of the frustum.
vrdCameraBaseNode	setFStop(value)	method	v2		Sets the FStop of the camera.
vrdCameraBaseNode	setGlare(enabled)	method	v2		Enables / disables glare for the camera.
vrdCameraBaseNode	setGlareIntensity(value)	method	v2		Sets the glare intensity.
vrdCameraBaseNode	setGlareRotation(value)	method	v2		Sets the glare rotation.
vrdCameraBaseNode	setGlareSize(value)	method	v2		Sets the glare size.
vrdCameraBaseNode	setGlareStreaks(value)	method	v2		Sets the number of glare streaks.
vrdCameraBaseNode	setGlareThreshold(value)	method	v2		Sets the glare threshold.
vrdCameraBaseNode	setGlow(enabled)	method	v2		Enables / disables glow for the camera.
vrdCameraBaseNode	setGlowFalloff(value)	method	v2		Sets the glow falloff.
vrdCameraBaseNode	setGlowIntensity(value)	method	v2		Sets the glow intensity.
vrdCameraBaseNode	setGlowSize(value)	method	v2		Sets the glow size.
vrdCameraBaseNode	setGlowThreshold(value)	method	v2		Sets the glow threshold.
vrdCameraBaseNode	setGradingEnabled(enabled)	method	v2		Enables / disables color grading.
vrdCameraBaseNode	setGradingWeight(weight)	method	v2		Sets the weight for applying the color grading.
vrdCameraBaseNode	setHeightFog(enable)	method	v2		Enables / disables height-fog.
vrdCameraBaseNode	setHeightFogBlend(blend)	method	v2		Set the transition distance between fog and no fog.
vrdCameraBaseNode	setHeightFogColor(color)	method	v2		Sets the color of the height-fog.
vrdCameraBaseNode	setHeightFogDensity(density)	method	v2		Set the density of height-fog.
vrdCameraBaseNode	setHeightFogEnableNoiseSizeUniform(enable)	method	v2		Enables / disables uniform noise size for height-fog.
vrdCameraBaseNode	setHeightFogFalloff(value)	method	v2		Set the falloff of height-fog.
vrdCameraBaseNode	setHeightFogNoise(intensity)	method	v2		Set the intensity of noise for height-fog.
vrdCameraBaseNode	setHeightFogNoiseOffset(offset)	method	v2		Set the offset of noise for height-fog.
vrdCameraBaseNode	setHeightFogNoiseSize(size)	method	v2		Set the size of noise for height-fog.
vrdCameraBaseNode	setHeightFogRange(range)	method	v2		Sets where height-fog begins and where it ends.
vrdCameraBaseNode	setInteractiveDofQuality(value)	method	v2		Sets the quality of the interactive depth of field effect.
vrdCameraBaseNode	setLensFlare(enabled)	method	v2		Enables / disables the visibility of lens flares for this camera.
vrdCameraBaseNode	setMotionBlur(enabled)	method	v2		Enables / disables motion blur for the camera.
vrdCameraBaseNode	setNearClippingDistance(value)	method	v2		Sets the distance of the near clipping plane.
vrdCameraBaseNode	setOrthographicSize(size)	method	v2		Sets the orthographic size.
vrdCameraBaseNode	setPrincipalPointOffset(offset)	method	v2		Sets the principal point offset.
vrdCameraBaseNode	setProjectionMode(mode)	method	v2		Sets the projection mode for the camera.
vrdCameraBaseNode	setRoll(value)	method	v2		Sets the camera roll.
vrdCameraBaseNode	setSensorSize(size)	method	v2		Sets the sensor size.
vrdCameraBaseNode	setShutterSpeed(value)	method	v2		Sets the shutter speed used for motion blur.
vrdCameraBaseNode	setSkew(value)	method	v2		Sets the skew factor of the camera.
vrdCameraBaseNode	setStereoEyeSeparation(value)	method	v2		Sets eye separation used during omnidirectional stereo rendering.
vrdCameraBaseNode	setStereoLayout(layout)	method	v2		Sets the image layout during omnidirectional stereo rendering.
vrdCameraBaseNode	setStereoPolarMergeAngle(value)	method	v2		Sets the polar merge angle used during omnidirectional stereo rendering.
vrdCameraBaseNode	setToCurrentView()	method	v2		Applies the current viewport transformation to the camera.
vrdCameraBaseNode	setUseHightAsVRGround(value)	method	v2		Changes the camera behavior in VR.
vrdCameraBaseNode	setViewpointTransition(enabled)	method	v2		Enables / disables a transition animation between viewpoints.
vrdCameraBaseNode	setViewpointTransitionDuration(seconds)	method	v2		Sets the duration of viewpoint transitions.
vrdCameraBaseNode	setVignetteFeather(value)	method	v2		Sets the vignette feather.
vrdCameraBaseNode	setVignetteRadius(value)	method	v2		Sets the radius of the vignette used for blending.
vrdCameraBaseNode	setVignetteRoundness(value)	method	v2		Sets the vignette roundness.
vrdCameraBaseNode	setWireframeRendering(enabled)	method	v2		Enables / disables wireframe rendering.
vrdCameraCollider	addNode(nodeName)	method	v2		Add a not to collide with the camera.
vrdCameraCollider	buildCollisionStructure()	method	v2		Starts the precalculation of the collision structures.
vrdCameraCollider	getCollisionStructureBuildMethod()	method	v2	vrCameraTypes.CollisionStructureBuildMethod	Returns the collision structure build method.
vrdCameraCollider	getDistance()	method	v2	float	Returns the closest allowed distance from the camera to a colliding object.
vrdCameraCollider	getEnabled()	method	v2	bool	Returns if camera collisions are enabled.
vrdCameraCollider	getNodes()	method	v2	List[string]	Returns the list of node names that can collide with the camera.
vrdCameraCollider	getSlide()	method	v2	bool	Returns if the slide mode is activated.
vrdCameraCollider	removeNode(nodeName)	method	v2		Remove a node from the camera collision detection.
vrdCameraCollider	setCollisionStructureBuildMethod(method)	method	v2		Sets the collision structure build method.
vrdCameraCollider	setDistance(distance)	method	v2		Sets the closest allowed distance from the camera to a colliding object.
vrdCameraCollider	setEnabled(enabled)	method	v2		Enable / disable camera collisions.
vrdCameraCollider	setNodes(nodeNames)	method	v2		Add nodes allowed to collide with the camera.
vrdCameraCollider	setSlide(enabled)	method	v2		Enable / disable the slide mode.
vrdCameraNode	activate()	method	v2		Sets the camera to active.
vrdCameraNode	getAimConstraintSources()	method	v2	List[vrdNode]	Returns the list of nodes set as aim constraint sources for the camera.
vrdCameraNode	getAimVisualizationScale()	method	v2	float	Returns the scaling value used for the aim and up vector visualization.
vrdCameraNode	getAimVisualizationVisible()	method	v2	bool	Queries if the aim and up vector visualization is visible in the renderer.
vrdCameraNode	getCameraCollider()	method	v2	vrdCameraCollider	This object gives access to the camera collision functionality.
vrdCameraNode	getCameraTrack(cameraTrackIndex)	method	v2	vrdCameraTrackNode	Gets the camera track.
vrdCameraNode	getCameraTrackCount()	method	v2	integer	Returns the number of camera tracks in the camera.
vrdCameraNode	getCameraTracks()	method	v2	List[vrdCameraTrackNode]	Returns the list of all camera track nodes of the camera.
vrdCameraNode	getDefaultCameraTrack()	method	v2	vrdCameraTrackNode	Returns the default camera track node.
vrdCameraNode	getDollyZoom()	method	v2	bool	Returns the state of dolly zoom mode.
vrdCameraNode	getEvaluateNavigationMode()	method	v2	bool	Queries if evaluation of the navigation mode is enabled.
vrdCameraNode	getModuleNode()	method	v2	vrdCameraNode	Returns the corresponding camera graph node to this camera node.
vrdCameraNode	getTrackingMatrix()	method	v2	QMatrix4x4	Gets the HMD tracking matrix.
vrdCameraNode	getTurntable()	method	v2	vrdTurntable	This object gives access to the turntable.
vrdCameraNode	getUpVectorConstraintSources()	method	v2	List[vrdNode]	Returns the list of nodes set as up vector sources for the camera.
vrdCameraNode	getVisualizationScale()	method	v2	float	Returns the scaling value used for the camera visualization.
vrdCameraNode	getVisualizationVisible()	method	v2	bool	Queries if the visualization for the camera has been enabled.
vrdCameraNode	hasAimConstraint()	method	v2	bool	Queries if the camera has an aim constraint ( vrdAimConstraintNode).
vrdCameraNode	hasAimConstraintSource(sourceNode)	method	v2	bool	Queries if a given node is an aim constraint source for the camera.
vrdCameraNode	isActive()	method	v2	bool	Determines if the camera is active.
vrdCameraNode	isDefault()	method	v2	bool	Determines if the camera is the default camera.
vrdCameraNode	isInitialCamera()	method	v2	bool	Queries if this camera is the initial camera.
vrdCameraNode	removeAimConstraintSources()	method	v2	bool	Removes all aim constraint sources from the camera.
vrdCameraNode	removeUpVectorConstraintSources()	method	v2	bool	Removes all up vector constraint sources.
vrdCameraNode	setAimConstraintSources(nodes)	method	v2		Sets a list of nodes as aim constraint sources for the camera ( vrdAimConstraintNode).
vrdCameraNode	setAimVisualizationScale(value)	method	v2		Sets the scaling value for the aim and up vector visualization.
vrdCameraNode	setAimVisualizationVisible(enable)	method	v2		Enables / disables the aim and up vector visualizations.
vrdCameraNode	setDollyZoom(enabled)	method	v2		Enables / disables dolly zoom mode.
vrdCameraNode	setEvaluateNavigationMode(enabled)	method	v2		Enable / disable the evaluation of the navigation mode when playing camera animations.
vrdCameraNode	setInitialCamera()	method	v2		Sets this camera to be the initial camera.
vrdCameraNode	setUpVectorConstraintSources(nodes)	method	v2		Sets a list of nodes as up vector constraint sources.
vrdCameraNode	setVisualizationScale(value)	method	v2		Sets a scaling value for the camera visualization.
vrdCameraNode	setVisualizationVisible(enable)	method	v2		Enables / disables the visualization of the camera.
vrdCameraNode	updateFromPerspectiveMatch()	method	v2		Updates this camera's focal length and rotation according to perspective match settings.
vrdCameraTrackNode	getFadeInDuration()	method	v2	float	Returns the fade in duration of the camera track.
vrdCameraTrackNode	getPauseDuration()	method	v2	float	Returns the pause duration of the camera track.
vrdCameraTrackNode	getPlaying()	method	v2	bool	Returns the playback state of the camera track.
vrdCameraTrackNode	getTransitionDuration()	method	v2	float	Returns the transition duration of the camera track.
vrdCameraTrackNode	getType()	method	v2	vrCameraTypes.CameraTrackType	Returns the type of the camera track.
vrdCameraTrackNode	getViewpoint(index)	method	v2	vrdViewpointNode	Returns a viewpoint node by index.
vrdCameraTrackNode	getViewpointCount()	method	v2	integer	Returns the number of viewpoints belonging to this camera track node.
vrdCameraTrackNode	getViewpoints()	method	v2	List[vrdViewpointNode]	Returns all viewpoints belonging to this camera track node.
vrdCameraTrackNode	isRenderQueueCameraTrack()	method	v2	bool	Check if the camera track is of type RenderQueue.
vrdCameraTrackNode	isVariantSetCameraTrack()	method	v2	bool	Check if the camera track is of type VariantSet.
vrdCameraTrackNode	setFadeInDuration(duration)	method	v2		Sets the fade in duration of the camera track.
vrdCameraTrackNode	setPauseDuration(duration)	method	v2		Sets the pause duration of the camera track.
vrdCameraTrackNode	setPlaying(playing)	method	v2		Start / stop playback of the camera track.
vrdCameraTrackNode	setTransitionDuration(duration)	method	v2		Sets the transition duration of the camera track.
vrdCarbon2DMaterial	getBumpTexture()	method	v2	vrdBumpTexture	Gets access to all properties of vrdBumpTexture.
vrdCarbon2DMaterial	getCarbonPattern()	method	v2	vrdCarbonPattern2D	Gets access to all properties of vrdCarbonPattern2D.
vrdCarbon2DMaterial	getClearcoat()	method	v2	vrdClearcoat	Gets access to all properties of vrdClearcoat.
vrdCarbon2DMaterial	getDiffuseColor()	method	v2	QVector3D	returns Current diffuse reflection color
vrdCarbon2DMaterial	getDiffuseColorSpectrum()	method	v2	vrSpectrum	Gets the diffuse color spectrum.
vrdCarbon2DMaterial	getDisplacementTexture()	method	v2	vrdDisplacementTexture	Gets access to all properties of vrdDisplacementTexture.
vrdCarbon2DMaterial	getGlossyColor()	method	v2	QVector3D	returns Current glossy reflection color
vrdCarbon2DMaterial	getGlossyColorSpectrum()	method	v2	vrSpectrum	returns The material's color spectrum for glossy reflections
vrdCarbon2DMaterial	getIncandescence()	method	v2	vrdIncandescence	Gets access to all properties of vrdIncandescence.
vrdCarbon2DMaterial	getRoughness()	method	v2	float	returns The current value of roughness for this material.
vrdCarbon2DMaterial	setDiffuseColor(value)	method	v2		Sets the diffuse reflection color of the material.
vrdCarbon2DMaterial	setDiffuseColorSpectrum(value)	method	v2		Sets the diffuse color spectrum.
vrdCarbon2DMaterial	setGlossyColor(value)	method	v2		Sets the glossy reflection color of the material.
vrdCarbon2DMaterial	setGlossyColorSpectrum(value)	method	v2		Sets the material's color spectrum for glossy reflections.
vrdCarbon2DMaterial	setRoughness(roughness)	method	v2		Controls the sharpness of the glossy reflections. The higher the value, the rougher the microscopic structure of the surface and more diffuse the reflections. T
vrdCarbonMaterial	getBumpTexture()	method	v2	vrdBumpTexture	Gets access to all properties of vrdBumpTexture.
vrdCarbonMaterial	getCarbonPattern()	method	v2	vrdCarbonPattern3D	Gets access to all properties of vrdCarbonPattern3D.
vrdCarbonMaterial	getClearcoat()	method	v2	vrdClearcoat	Gets access to all properties of vrdClearcoat.
vrdCarbonMaterial	getDiffuseColor()	method	v2	QVector3D	returns Current diffuse reflection color
vrdCarbonMaterial	getDiffuseColorSpectrum()	method	v2	vrSpectrum	Gets the diffuse color spectrum.
vrdCarbonMaterial	getDisplacementTexture()	method	v2	vrdDisplacementTexture	Gets access to all properties of vrdDisplacementTexture.
vrdCarbonMaterial	getGlossyColor()	method	v2	QVector3D	returns Current glossy reflection color
vrdCarbonMaterial	getGlossyColorSpectrum()	method	v2	vrSpectrum	returns The material's color spectrum for glossy reflections
vrdCarbonMaterial	getIncandescence()	method	v2	vrdIncandescence	Gets access to all properties of vrdIncandescence.
vrdCarbonMaterial	getRoughness()	method	v2	float	returns The current value of roughness for this material.
vrdCarbonMaterial	setDiffuseColor(value)	method	v2		Sets the diffuse reflection color of the material.
vrdCarbonMaterial	setDiffuseColorSpectrum(value)	method	v2		Sets the diffuse color spectrum.
vrdCarbonMaterial	setGlossyColor(value)	method	v2		Sets the glossy reflection color of the material.
vrdCarbonMaterial	setGlossyColorSpectrum(value)	method	v2		Sets the material's color spectrum for glossy reflections.
vrdCarbonMaterial	setRoughness(roughness)	method	v2		Controls the sharpness of the glossy reflections. The higher the value, the rougher the microscopic structure of the surface and more diffuse the reflections. T
vrdCarbonPattern.Type	Pattern2x2	data	v2		
vrdCarbonPattern.Type	Pattern3x1Staircase	data	v2		
vrdCarbonPattern.Type	Pattern3x1Interweaved	data	v2		
vrdCarbonPattern.Type	Pattern5x1	data	v2		
vrdCarbonPattern	getIntensity()	method	v2	float	Gets the fissure depth intensity.
vrdCarbonPattern	getSize()	method	v2	float	Gets the carbon structure size.
vrdCarbonPattern	getType()	method	v2	vrdCarbonPattern.Type	Gets the pattern used for generating the carbon material, based on the selected typically sewn carbon structures.
vrdCarbonPattern	setIntensity(value)	method	v2		Sets the fissure depth intensity.
vrdCarbonPattern	setSize(value)	method	v2		Sets the carbon structure size.
vrdCarbonPattern	setType(value)	method	v2		Sets the pattern used for generating the carbon material, based on the selected typically sewn carbon structures. Choose from 2X2, 3X1 Staircase, 3X1 Interleave
vrdCarbonPattern2D	getRotation()	method	v2	float	Gets the pattern direction on projection direction.
vrdCarbonPattern2D	setRotation(value)	method	v2		Sets the pattern direction on projection direction.
vrdCarbonPattern3D	getRotationX()	method	v2	float	Gets the pattern direction on X projection direction.
vrdCarbonPattern3D	getRotationY()	method	v2	float	Gets the pattern direction on Y projection direction.
vrdCarbonPattern3D	getRotationZ()	method	v2	float	Gets the pattern direction on Z projection direction.
vrdCarbonPattern3D	setRotationX(value)	method	v2		Sets the pattern direction on X projection direction.
vrdCarbonPattern3D	setRotationY(value)	method	v2		Sets the pattern direction on Y projection direction.
vrdCarbonPattern3D	setRotationZ(value)	method	v2		Sets the pattern direction on Z projection direction.
vrdChromeMaterial.MetalType	HighlyReflective	data	v2		
vrdChromeMaterial.MetalType	Aluminium	data	v2		
vrdChromeMaterial.MetalType	AmorphousCarbon	data	v2		
vrdChromeMaterial.MetalType	Silver	data	v2		
vrdChromeMaterial.MetalType	Gold	data	v2		
vrdChromeMaterial.MetalType	Cobalt	data	v2		
vrdChromeMaterial.MetalType	Copper	data	v2		
vrdChromeMaterial.MetalType	Chromium	data	v2		
vrdChromeMaterial.MetalType	Lithium	data	v2		
vrdChromeMaterial.MetalType	Mercury	data	v2		
vrdChromeMaterial.MetalType	Nickel	data	v2		
vrdChromeMaterial.MetalType	Potassium	data	v2		
vrdChromeMaterial.MetalType	Platinum	data	v2		
vrdChromeMaterial.MetalType	Iridium	data	v2		
vrdChromeMaterial.MetalType	Silicon	data	v2		
vrdChromeMaterial.MetalType	AmorphousSilicon	data	v2		
vrdChromeMaterial.MetalType	Sodium	data	v2		
vrdChromeMaterial.MetalType	Rhodium	data	v2		
vrdChromeMaterial.MetalType	Tungsten	data	v2		
vrdChromeMaterial.MetalType	Vanadium	data	v2		
vrdChromeMaterial.MetalType	Iron	data	v2		
vrdChromeMaterial	getBumpTexture()	method	v2	vrdBumpTexture	Gets access to all properties of vrdBumpTexture.
vrdChromeMaterial	getContrast()	method	v2	float	Gets the current used the sharpness of reflections.
vrdChromeMaterial	getDisplacementTexture()	method	v2	vrdDisplacementTexture	Gets access to all properties of vrdDisplacementTexture.
vrdChromeMaterial	getIncandescence()	method	v2	vrdIncandescence	Gets access to all properties of vrdIncandescence.
vrdChromeMaterial	getMetalType()	method	v2	vrdChromeMaterial.MetalType	Gets the used type of used metal.
vrdChromeMaterial	getReflectionColor()	method	v2	QVector3D	Get the currently used chrome reflection color.
vrdChromeMaterial	getReflectionColorSpectrum()	method	v2	vrSpectrum	Gets the reflection color spectrum.
vrdChromeMaterial	getRoughness()	method	v2	float	returns The current value of roughness for this material.
vrdChromeMaterial	getRoughnessTexture()	method	v2	vrdRoughnessTexture	Gets access to all properties of vrdRoughnessTexture.
vrdChromeMaterial	getSaturation()	method	v2	float	Gets the current value of saturation.
vrdChromeMaterial	getSmear()	method	v2	float	Gets the current used the reflection's blur amount.
vrdChromeMaterial	getThinFilm()	method	v2	vrdThinFilm	Gets access to all properties of vrdThinFilm.
vrdChromeMaterial	getUseRoughness()	method	v2	bool	Gets if glossy reflections controlled by roughness value are enabled for this material.
vrdChromeMaterial	setContrast(contrast)	method	v2		Sets the sharpness of reflections. Increase contrast with multiple reflections to draw out more detail.
vrdChromeMaterial	setMetalType(type)	method	v2		Sets the metal types used, changing the characteristics of the metal.
vrdChromeMaterial	setReflectionColor(color)	method	v2		Sets the chrome reflection color. When the chrome reflection is colored, reflected objects are also colored.
vrdChromeMaterial	setReflectionColorSpectrum(value)	method	v2		Sets the reflection color spectrum.
vrdChromeMaterial	setRoughness(roughness)	method	v2		Controls the sharpness of the glossy reflections. The higher the value, the rougher the microscopic structure of the surface.
vrdChromeMaterial	setSaturation(saturation)	method	v2		Affects the specular reflection. The higher the saturation, the less the specular reflection.
vrdChromeMaterial	setSmear(smear)	method	v2		Sets the reflection's blur amount. Only supported in OpenGL rendering mode.
vrdChromeMaterial	setUseRoughness(use)	method	v2		Enable or disable the use glossy reflections controlled by roughness value for this material. When disabled, specular reflections are used.
vrdChunkMaterial.TransparencyMode	AutoDetection	data	v2		
vrdChunkMaterial.TransparencyMode	ForceTransparent	data	v2		
vrdChunkMaterial.TransparencyMode	ForceOpaque	data	v2		
vrdChunkMaterial	getSortKey()	method	v2	integer	returns Current sort key value of the material for OpenGL
vrdChunkMaterial	getTransparencyMode()	method	v2	vrdChunkMaterial.TransparencyMode	Returns the transparency mode.
vrdChunkMaterial	setSortKey(value)	method	v2		Changes the order in which transparent materials are rendered in OpenGL when the Transparency Mode is set to Object Sorting. Transparent surfaces with the same 
vrdChunkMaterial	setTransparencyMode(mode)	method	v2		Sets the mode used for the transparency of the Chunk material.
TransparencyMode	chunks	attribute	v2		Access the list of chunks.
vrdClearcoat.Type	Off	data	v2		Off: No clearcoat is used.
vrdClearcoat.Type	Fast	data	v2		Fast: Schlick approximation for the fresnel term of the clearcoat is used.
vrdClearcoat.Type	Accurate	data	v2		Accurate: Cook-Torrance approximation for the fresnel term of the clearcoat is used.
vrdClearcoat.Type	UseRefractionIndex	data	v2		UseRefractionIndex: Uses the refraction index instead of the reflectivity for the clearcoat calculation.
vrdClearcoat	getColor()	method	v2	QVector3D	Gets the color of the clearcoat.
vrdClearcoat	getColorSpectrum()	method	v2	vrSpectrum	Gets the spectrum of the clearcoat color.
vrdClearcoat	getDensity()	method	v2	float	Gets the density.
vrdClearcoat	getOrangePeelFrequency()	method	v2	float	Gets the bump structure's noise frequency.
vrdClearcoat	getOrangePeelIntensity()	method	v2	float	Gets the bump structure's intensity.
vrdClearcoat	getReflectivity()	method	v2	float	Gets value of clearcoat reflective intensity.
vrdClearcoat	getRefractionIndex()	method	v2	float	Gets value of clearcoat refraction index.
vrdClearcoat	getRoughness()	method	v2	float	Gets value of clearcoat roughness.
vrdClearcoat	getThickness()	method	v2	float	Gets the thickness of the clearcoat layer.
vrdClearcoat	getType()	method	v2	vrdClearcoat.Type	Get the value of clearcoat type.
vrdClearcoat	getUseOrangePeel()	method	v2	bool	Query the state of activation of a noisy bump structure in the shader.
vrdClearcoat	setColor(value)	method	v2		Sets the color of the clearcoat.
vrdClearcoat	setColorSpectrum(value)	method	v2		Sets the spectrum of the clearcoat color.
vrdClearcoat	setDensity(value)	method	v2		Sets the density A value of 0 will use the clearcoat color as reflection color. A value larger than 0 will use the clearcoat color to tint the refraction of the
vrdClearcoat	setOrangePeelFrequency(value)	method	v2		Sets the bump structure's noise frequency. The higher the value, the closer together the orange peel bump.
vrdClearcoat	setOrangePeelIntensity(value)	method	v2		Sets the bump structure's intensity. The higher the value, the more visible the orange peel and less smooth the clearcoat surface.
vrdClearcoat	setReflectivity(value)	method	v2		Sets the clearcoat reflective intensity. It defines the amount of light reflected at normal incidence. The higher the value, the more reflective the surface. Re
vrdClearcoat	setRefractionIndex(value)	method	v2		Sets the clearcoat index of refraction. Realistic values are around 1.4-1.6.
vrdClearcoat	setRoughness(value)	method	v2		Controls the sharpness of the clearcoat reflections. The higher the value, the rougher the microscopic structure of the surface and more diffuse the reflections
vrdClearcoat	setThickness(value)	method	v2		Sets the thickness of the clearcoat layer. A value of 0 will use the clearcoat color as reflection color. A value larger than 0 will use the clearcoat color to 
vrdClearcoat	setType(value)	method	v2		Defines the computation method for the clearcoat. Depending on the material the following options can be available:
vrdClearcoat	setUseOrangePeel(value)	method	v2		Activates a noisy bump structure in the shader.
vrdClearcoat	supportsOrangePeel()	method	v2	bool	returns True if orange peel properties can be changed for this clearcoat, False otherwise
vrdClearcoat	supportsRefractionIndex()	method	v2	bool	returns True if type vrdClearcoat::Type::UseRefractionIndex and refraction index property are supported for this clearcoat, False otherwise
vrdClearcoat	supportsThickness()	method	v2	bool	returns True if thickness and density properties can be changed for this clearcoat, False otherwise
vrdClipPlaneNode	getEnabled()	method	v2	bool	returns True if the clip plane is enabled, False otherwise.
vrdClipPlaneNode	setEnabled(value)	method	v2		Enables or disables the clip plane.
vrdClippingOptions	getContourColor()	method	v2	QColor	Gets the current color of the contour lines.
vrdClippingOptions	getContourWidth()	method	v2	integer	Gets the current width of the contour lines.
vrdClippingOptions	getEnabled()	method	v2	bool	Gets the current enabled state of the clipping plane.
vrdClippingOptions	getGridColor()	method	v2	QColor	Gets the current color of the grid.
vrdClippingOptions	getHideScene()	method	v2	bool	Gets whether the scene is hidden when clipping is active.
vrdClippingOptions	getInvertDirection()	method	v2	bool	Gets whether the clipping direction is inverted.
vrdClippingOptions	getPlaneColor()	method	v2	QColor	Gets the current color of the clipping plane.
vrdClippingOptions	getPlaneNormal()	method	v2	QVector3D	Gets the normal vector of the clipping plane.
vrdClippingOptions	getPlanePosition()	method	v2	QVector3D	Gets the current position of the clipping plane.
vrdClippingOptions	getShowContour()	method	v2	bool	Gets whether contour lines are currently displayed.
vrdClippingOptions	getShowGrid()	method	v2	bool	Gets whether the grid is currently displayed on the clipping plane.
vrdClippingOptions	getShowPlane()	method	v2	bool	Gets whether the clipping plane is currently visible.
vrdClippingOptions	getState()	method	v2	vrVariantTypes.ClippingState	Gets the current clipping state.
vrdClippingOptions	setContourColor(color)	method	v2		Sets the color of the contour lines.
vrdClippingOptions	setContourWidth(width)	method	v2		Sets the width of the contour lines in pixels.
vrdClippingOptions	setCurrentValues()	method	v2		Sets values from the clipping module.
vrdClippingOptions	setEnabled(enable)	method	v2		Enables or disables the clipping plane.
vrdClippingOptions	setGridColor(color)	method	v2		Sets the color of the grid displayed on the clipping plane.
vrdClippingOptions	setHideScene(hide)	method	v2		Sets whether to hide the entire scene when clipping is active.
vrdClippingOptions	setInvertDirection(invert)	method	v2		Sets whether to invert the clipping direction.
vrdClippingOptions	setPlaneColor(color)	method	v2		Sets the color of the clipping plane visualization.
vrdClippingOptions	setPlaneNormal(normal)	method	v2		Sets the normal vector of the clipping plane.
vrdClippingOptions	setPlanePosition(position)	method	v2		Sets the position of the clipping plane in 3D space.
vrdClippingOptions	setShowContour(show)	method	v2		Sets whether to show contour lines at the clipping intersection.
vrdClippingOptions	setShowGrid(show)	method	v2		Sets whether to display a grid on the clipping plane.
vrdClippingOptions	setShowPlane(show)	method	v2		Sets whether to visually display the clipping plane.
vrdClippingOptions	setState(state)	method	v2		Sets the clipping state.
vrdColorCorrection	getBrightness()	method	v2	float	returns Current value of brightness
vrdColorCorrection	getContrast()	method	v2	float	returns Contrast value
vrdColorCorrection	getHueShift()	method	v2	float	returns Current hue shift in degrees
vrdColorCorrection	getSaturation()	method	v2	float	returns Saturation value
vrdColorCorrection	setBrightness(value)	method	v2		Sets brightness. Default value is 1.0.
vrdColorCorrection	setContrast(contrast)	method	v2		Shifts the content's light and dark color values. Default value is 1.0. Higher values create brighter highlights and darker shadows.
vrdColorCorrection	setHueShift(value)	method	v2		Shifts all content colors uniformly through the hue color range. Default value is 0.0.
vrdColorCorrection	setSaturation(saturation)	method	v2		Shifts the content's color intensity. Default value is 1.0. Higher values produce vivid colors. Lower values produce dull grayer colors.
vrdConstraintGroupNode	getDescription()	method	v2	string	Returns the description of the constraint group.
vrdConstraintGroupNode	setDescription(value)	method	v2		Sets the description of the constraint group.
vrdConstraintNode	addConstrainedNodes(nodes, maintainOffset=True)	method	v2		Adds a list of nodes as constrained nodes for the constraint.
vrdConstraintNode	addTargetNodes(nodes)	method	v2		Adds a list of nodes to targets for the constraint.
vrdConstraintNode	clearConstrainedNode()	method	v2		Clears the constrained object node.
vrdConstraintNode	clearTargetNodes()	method	v2		Clears the set target nodes of the constraint.
vrdConstraintNode	getConstrainedNode()	method	v2	vrdNode	Returns the first node set as the constrained object. (Deprecated, this method is still here for backward compatibility, please use vrdConstraintNode.getConstra
vrdConstraintNode	getConstrainedNodes()	method	v2	List[vrdNode]	Returns the list of nodes set as constrained objects.
vrdConstraintNode	getConstrainedObject(sceneNode)	method	v2	vrdConstrainedObject	Returns the constrained object for a specific scene node.
vrdConstraintNode	getConstrainedObjects()	method	v2	List[vrdConstrainedObject]	Returns all constrained objects.
vrdConstraintNode	getDescription()	method	v2	string	Returns the description of the constraint.
vrdConstraintNode	getTargetNodes()	method	v2	List[vrdNode]	Returns the list of nodes set as targets for the constraint.
vrdConstraintNode	getTargetNodeWeight(node)	method	v2	float	Gets the weight for a target node of the constraint. The node must be referenced in the target nodes list of the constraint.
vrdConstraintNode	getTargetObject(sceneNode)	method	v2	vrdConstraintObject	Returns the target constraint object for a specific scene node.
vrdConstraintNode	getTargetObjects()	method	v2	List[vrdConstraintObject]	Returns all target constraint objects.
vrdConstraintNode	getVisualizationScale()	method	v2	float	Returns the scaling value used for the constraint visualization.
vrdConstraintNode	getVisualizationVisible()	method	v2	bool	Queries if the visualization for the constraint has been enabled.
vrdConstraintNode	isActive()	method	v2	bool	Returns if the constraint is active.
vrdConstraintNode	removeConstrainedNodes(nodes)	method	v2		Removes a list of nodes as constrained nodes for the constraint.
vrdConstraintNode	removeTargetNodes(nodes)	method	v2		Removes a list of nodes from targets for the constraint.
vrdConstraintNode	setActive(value)	method	v2		Sets the constraint active/deactive.
vrdConstraintNode	setConstrainedNode(node, maintainOffset=True)	method	v2		Sets a single node as the constrained object. Other constrained nodes will be removed. (Deprecated, this method is still here for backward compatibility, please
vrdConstraintNode	setConstrainedNodes(nodes, maintainOffset=True)	method	v2		Sets a list of nodes as the constrained objects.
vrdConstraintNode	setDescription(value)	method	v2		Sets the description of the constraint.
vrdConstraintNode	setTargetNodes(nodes)	method	v2		Sets a list of nodes as targets for the constraint.
vrdConstraintNode	setTargetNodeWeight(node, weight)	method	v2		Sets the weight for a target node of the constraint. The node must be referenced in the target nodes list of the constraint.
vrdConstraintNode	setVisualizationScale(value)	method	v2		Sets a scaling value for the constraint visualization.
vrdConstraintNode	setVisualizationVisible(enable)	method	v2		Enables / disables the visualization of the constraint.
vrdConstraintObject	getReferenceNode()	method	v2	vrdNode	Returns the scene graph node that this constraint object represents.
vrdConstraintTargetObject	getWeight()	method	v2	float	Returns the weight of this target object.
vrdConstraintTargetObject	setWeight(weight)	method	v2		Sets the weight of this target object.
vrdCubeTextureChunk	getNegXImage()	method	v2	vrdImage	Returns the image for the negative X direction for the cube texture.
vrdCubeTextureChunk	getNegYImage()	method	v2	vrdImage	Returns the image for the negative Y direction for the cube texture.
vrdCubeTextureChunk	getNegZImage()	method	v2	vrdImage	Returns the image for the negative Z direction for the cube texture.
vrdCubeTextureChunk	getPosXImage()	method	v2	vrdImage	Returns the image for the positive X direction for the cube texture.
vrdCubeTextureChunk	getPosYImage()	method	v2	vrdImage	Returns the image for the positive Y direction for the cube texture.
vrdCubeTextureChunk	getPosZImage()	method	v2	vrdImage	Returns the image for the positive Z direction for the cube texture.
vrdCubeTextureChunk	setNegXImage(image)	method	v2		Sets the image for the negative X direction for the cube texture.
vrdCubeTextureChunk	setNegYImage(image)	method	v2		Sets the image for the negative Y direction for the cube texture.
vrdCubeTextureChunk	setNegZImage(image)	method	v2		Sets the image for the negative Z direction for the cube texture.
vrdCubeTextureChunk	setPosXImage(image)	method	v2		Sets the image for the positive X direction for the cube texture.
vrdCubeTextureChunk	setPosYImage(image)	method	v2		Sets the image for the positive Y direction for the cube texture.
vrdCubeTextureChunk	setPosZImage(image)	method	v2		Sets the image for the positive Z direction for the cube texture.
vrdDecoreSettings	getCorrectFaceNormals()	method	v2	bool	If enabled, flips polygon normals pointing away from the camera, if they are encountered during the analysis.
vrdDecoreSettings	getDecoreEnabled()	method	v2	bool	Returns if decoring is enabled.
vrdDecoreSettings	getDecoreMode()	method	v2	vrGeometryTypes.DecoreMode	Returns the action to be taken, when geometry is determined to be inside another and non-visible.
vrdDecoreSettings	getQualitySteps()	method	v2	integer	Returns the number of images taken during the analysis. A higher value gives more accurate results.
vrdDecoreSettings	getResolution()	method	v2	integer	Returnss the resolution of the images taken. A higher resolution gives more precise results.
vrdDecoreSettings	getSubObjectMode()	method	v2	vrGeometryTypes.DecoreSubObjectMode	Returns how sub objects are taken into account.
vrdDecoreSettings	getTransparentObjectMode()	method	v2	vrGeometryTypes.DecoreTransparentObjectMode	Returns how transparent objects should be handled.
vrdDecoreSettings	setCorrectFaceNormals(correctFaceNormals)	method	v2		If enabled, flips polygon normals pointing away from the camera, if they are encountered during the analysis.
vrdDecoreSettings	setDecoreEnabled(enabled)	method	v2		Defines if decoring is enabled.
vrdDecoreSettings	setDecoreMode(decoreMode)	method	v2		Defines the action to be taken, when geometry is determined to be inside another and non-visible.
vrdDecoreSettings	setQualitySteps(steps)	method	v2		Defines the number of images taken during the analysis. A higher value gives more accurate results.
vrdDecoreSettings	setResolution(resolution)	method	v2		Defines the resolution of the images taken. A higher resolution gives more precise results.
vrdDecoreSettings	setSubObjectMode(subObjects)	method	v2		Defines how sub objects are taken into account.
vrdDecoreSettings	setTransparentObjectMode(ignoreTransparentObjects)	method	v2		Defines how transparent objects should be handled.
vrdDecoreSettings	vrdDecoreSettings()	method	v2		Default constructor.
vrdDeltaLightNode	getIlluminateScene()	method	v2	bool	Returns whether the light illuminates the scene.
vrdDeltaLightNode	getLocalLight()	method	v2	bool	Returns if this light is a local light.
vrdDeltaLightNode	getShadowMap()	method	v2	vrdShadowMap	Gives access to shadow map settings of the light.
vrdDeltaLightNode	getVisualizationScale()	method	v2	float	Returns the scale of the light visualization.
vrdDeltaLightNode	setIlluminateScene(illuminateScene)	method	v2		Sets whether the light source illuminates the scene.
vrdDeltaLightNode	setLocalLight(isLocalLight)	method	v2		Sets the local light flag.
vrdDeltaLightNode	setVisualizationScale(scale)	method	v2		Sets the scale of the light visualization.
vrdDepthTestChunk.DepthFunc	Never	data	v2		
vrdDepthTestChunk.DepthFunc	Less	data	v2		
vrdDepthTestChunk.DepthFunc	Equal	data	v2		
vrdDepthTestChunk.DepthFunc	LEqual	data	v2		
vrdDepthTestChunk.DepthFunc	Greater	data	v2		
vrdDepthTestChunk.DepthFunc	NotEqual	data	v2		
vrdDepthTestChunk.DepthFunc	GEqual	data	v2		
vrdDepthTestChunk.DepthFunc	Always	data	v2		
vrdDepthTestChunk	getDepthFunc()	method	v2	vrdDepthTestChunk.DepthFunc	Returns the depth comparison function.
vrdDepthTestChunk	setDepthFunc(depthFunc)	method	v2		Sets the depth comparison function.
vrdDeviceAction	execute(device)	method	v2		Executes the action.
vrdDeviceAction	executeOnTrackedHand(trackedHand)	method	v2		Executes the action.
vrdDeviceAction	getName()	method	v2	string	Gets the name of the action.
vrdDeviceAction	signal()	method	v2	Q_SLOTvrdDeviceActionSignal	Gets the signal that is sent, when the action is triggered.
vrdDeviceActionSignal	triggered(action, device)	method	v2		Signal is emitted when the corresponding device action is triggered.
vrdDeviceInteraction	addSupportedInteractionGroup(name)	method	v2		Adds an interaction group to the supported interaction groups.
vrdDeviceInteraction	createControllerAction(mapping)	method	v2	vrdDeviceAction	Creates an action for this interaction.
vrdDeviceInteraction	getControllerAction(name)	method	v2	vrdDeviceAction	Gets an already existing action related to the interaction.
vrdDeviceInteraction	getControllerActions()	method	v2	List[vrdDeviceAction]	Gets a list of all action objects related to the interaction.
vrdDeviceInteraction	getName()	method	v2	string	returns The name of the interaction
vrdDeviceInteraction	getSupportedInteractionGroups()	method	v2	List[string]	returns A list of modes to which this interaction is limited
vrdDeviceInteraction	removeControllerAction(action)	method	v2		Removes an action from the interaction.
vrdDeviceInteraction	removeSupportedInteractionGroup(name)	method	v2		Removes an interaction group from being supported by the interaction.
vrdDeviceInteraction	setControllerActionMapping(actionName, mapping)	method	v2		Sets the mapping of an already existing action related to this interaction.
vrdDeviceInteraction	setSupportedInteractionGroups(names)	method	v2		Sets the interaction groups the interaction will be part of. Setting no groups will activate this interaction for all interaction groups.
vrdDeviceMessageData	getBackgroundColor()	method	v2	QVector3D	returns The background color in RGB
vrdDeviceMessageData	getFontSize()	method	v2	integer	returns The font size
vrdDeviceMessageData	getForegroundColor()	method	v2	QVector3D	returns The foreground color in RGB
vrdDeviceMessageData	getFrameSize()	method	v2	float	returns The frame size
vrdDeviceMessageData	getImageDpi()	method	v2	integer	returns The dots per inch
vrdDeviceMessageData	getImagePath()	method	v2	string	returns The image file path
vrdDeviceMessageData	getPosition()	method	v2	QVector3D	returns The position of the message
vrdDeviceMessageData	getRotation()	method	v2	QVector3D	returns The orientation of the message in euler angles in degrees
vrdDeviceMessageData	getText()	method	v2	string	returns The message text
vrdDeviceMessageData	getUseImage()	method	v2	bool	returns True, if an image is used
vrdDeviceMessageData	setBackgroundColor(color)	method	v2		Set the background color for the message.
vrdDeviceMessageData	setFontSize(value)	method	v2		Set the font size for the message text.
vrdDeviceMessageData	setForegroundColor(color)	method	v2		Set the foreground color (e.g. text) for the message.
vrdDeviceMessageData	setFrameSize(value)	method	v2		Set the frame size (outline width) of the message rectangle.
vrdDeviceMessageData	setImageDpi(dpi)	method	v2		Set the dpi for the image.
vrdDeviceMessageData	setImagePath(path)	method	v2		Set a path to an image file. See vrdDeviceMessageData.setUseImage(value).
vrdDeviceMessageData	setPosition(position)	method	v2		Set the position of the message.
vrdDeviceMessageData	setRotation(eulerRotation)	method	v2		Set the orientation of the message.
vrdDeviceMessageData	setText(text)	method	v2		Set the message text.
vrdDeviceMessageData	setUseImage(value)	method	v2		Set if an image instead of text is used.
vrdDeviceMessageData	vrdDeviceMessageData()	method	v2		
vrdDeviceMessageData	vrdDeviceMessageData(data)	method	v2		
vrdDirectionalLightNode	getIsHeadLight()	method	v2	bool	Returns whether this light source is the head light node.
vrdDiskLightNode	getAreaLightCone()	method	v2	vrdAreaLightCone	Returns the area light cone.
vrdDisplacement.SilhouetteMode	NoOpenGLSilhouettes	data	v2		
vrdDisplacement.SilhouetteMode	AccurateOpenGLSilhouettes	data	v2		
vrdDisplacement	getBuildPrecision()	method	v2	float	Gets the build precision in scene units.
vrdDisplacement	getDisplacementEdgeLengthVulkan()	method	v2	float	Gets displacement edge length for Vulkan.
vrdDisplacement	getIntersectionPrecision()	method	v2	float	Gets the intersection precision in scene units.
vrdDisplacement	getSilhouetteMode()	method	v2	vrdDisplacement.SilhouetteMode	Gets OpenGL silhouette mode.
vrdDisplacement	getValueLimit()	method	v2	QVector2D	Gets the set limit of displacement values in scene units.
vrdDisplacement	setBuildPrecision(value)	method	v2		Sets the precision in scene units for evaluating the displacement function during acceleration structure build in raytracing modes. Smaller values evaluate the 
vrdDisplacement	setDisplacementEdgeLengthVulkan(edgeLength)	method	v2		Sets displacement edge length for Vulkan.
vrdDisplacement	setIntersectionPrecision(value)	method	v2		Sets the precision in scene units for evaluating the displacement function during intersection calculations. Smaller values will take more samples during inters
vrdDisplacement	setSilhouetteMode(mode)	method	v2		Sets OpenGL silhouette mode.
vrdDisplacement	setValueLimit(range)	method	v2		Sets the limit of values in the displacement function in scene units for OpenGL. The range must but large enough to cover all possible values in the displacemen
vrdDisplacementTexture.DisplacementSilhouetteMode	NoOpenGLSilhouettes	data	v2		
vrdDisplacementTexture.DisplacementSilhouetteMode	AccurateOpenGLSilhouettes	data	v2		
vrdDisplacementTexture	getDisplacementEdgeLengthVulkan()	method	v2	float	Gets displacement edge length for Vulkan.
vrdDisplacementTexture	getDisplacementHeight()	method	v2	float	Gets height.
vrdDisplacementTexture	getDisplacementOffset()	method	v2	float	returns Current offset value. See vrdDisplacementTexture.setDisplacementOffset(offset) for details.
vrdDisplacementTexture	getDisplacementSilhouetteMode()	method	v2	vrdDisplacementTexture.DisplacementSilhouetteMode	returns Current silhouette mode mode for OpenGL rendering
vrdDisplacementTexture	setDisplacementEdgeLengthVulkan(edgeLength)	method	v2		Sets the target edge length in scene units for displacement tessellation in Vulkan.
vrdDisplacementTexture	setDisplacementHeight(height)	method	v2		Sets the scaling factor for displacement maps.
vrdDisplacementTexture	setDisplacementOffset(offset)	method	v2		Sets the reference value for zero displacement.
vrdDisplacementTexture	setDisplacementSilhouetteMode(mode)	method	v2		Sets silhouette mode for OpenGL rendering.
vrdDistanceLODNode	getCenter()	method	v2	QVector3D	returns The center for distance calculation
vrdDistanceLODNode	getRanges()	method	v2	List[float]	returns The range intervals
vrdDistanceLODNode	setCenter(value)	method	v2		Sets the center for distance calculation.
vrdDistanceLODNode	setRanges(value)	method	v2		Sets the range intervals for the child nodes.
vrdEnvironmentColorCorrection	getReflectedSaturation()	method	v2	float	Gets reflection saturation.
vrdEnvironmentColorCorrection	getWhiteBalance()	method	v2	integer	Gets the white balance.
vrdEnvironmentColorCorrection	setReflectedSaturation(value)	method	v2		Sets reflection saturation.
vrdEnvironmentColorCorrection	setWhiteBalance(value)	method	v2		Sets the white balance.
vrdEnvironmentMaterial.GeometryType	Custom	data	v2		
vrdEnvironmentMaterial.GeometryType	Dome	data	v2		
vrdEnvironmentMaterial.GeometryType	Sphere	data	v2		
vrdEnvironmentMaterial.GeometryType	Cube	data	v2		
vrdEnvironmentMaterial	getColorCorrection()	method	v2	vrdEnvironmentColorCorrection	Gets access to all properties of vrdEnvironmentColorCorrection.
vrdEnvironmentMaterial	getEnvironment()	method	v2	vrdImage	Gets environment image.
vrdEnvironmentMaterial	getExposure()	method	v2	float	Get the current value for exposure.
vrdEnvironmentMaterial	getFilteredEnvMapSamples()	method	v2	integer	Gets the number of filtered environment map samples.
vrdEnvironmentMaterial	getGeometryFile()	method	v2	string	Gets the geometry file which is used for custom geometry type.
vrdEnvironmentMaterial	getGeometryType()	method	v2	vrdEnvironmentMaterial.GeometryType	Gets geometry type.
vrdEnvironmentMaterial	getIlluminateVolumes()	method	v2	bool	returns True if the environment is illuminating all volumes in the scene.
vrdEnvironmentMaterial	getLuminanceMapping()	method	v2	float	Gets the value for luminance mapping.
vrdEnvironmentMaterial	getRaytracing()	method	v2	vrdEnvironmentRaytracingSettings	Gets access to all raytracing settings of this environment.
vrdEnvironmentMaterial	getShadowsAndIllumination()	method	v2	vrdEnvironmentShadowsAndIllumination	Gets access to all properties of vrdEnvironmentShadowsAndIllumination.
vrdEnvironmentMaterial	getTransformation()	method	v2	vrdEnvironmentTransformation	Gets access to all properties of vrdEnvironmentTransformation.
vrdEnvironmentMaterial	isFlipped()	method	v2	bool	Gets flipped state. See vrdEnvironmentMaterial.setFlipped(s).
vrdEnvironmentMaterial	isShadowPlaneVisible()	method	v2	bool	Gets visibility state of shadow plane.
vrdEnvironmentMaterial	isVisible()	method	v2	bool	Gets primary visibility state of the environment.
vrdEnvironmentMaterial	setExposure(exposure)	method	v2		Sets the exposure value.
vrdEnvironmentMaterial	setFilteredEnvMapSamples(samples)	method	v2		Sets the number of filtered environment map samples.
vrdEnvironmentMaterial	setFlipped(s)	method	v2		Flips the normals of the environment sphere.
vrdEnvironmentMaterial	setGeometryFile(filename)	method	v2		Load a globally used geometry for custom geometry type from disk.
vrdEnvironmentMaterial	setGeometryType(value)	method	v2		Sets geometry type. It defines the shape of the environment hull. These options are available:
vrdEnvironmentMaterial	setIlluminateVolumes(value)	method	v2		If enabled the environment will illuminate all volumes in the scene.
vrdEnvironmentMaterial	setLuminanceMapping(luminanceMapping)	method	v2		Sets the luminance value a RGB value of (1,1,1) in the HDR image is mapped to. The default value is 100 cd/m^2 but a realistic value for many HDRs is 10000 cd/m
vrdEnvironmentMaterial	setShadowPlaneVisible(s)	method	v2		Sets the shadow plane of the corresponding Environment node to be visible or hidden.
vrdEnvironmentMaterial	setVisible(s)	method	v2		Sets the primary visibility of the environment.
vrdEnvironmentMaterial	toSphericalQImage(width, height, toneMapped=True)	method	v2	QImage	Creates a spherical image from the current environment image.
vrdEnvironmentRaytracingSettings.Shadowing	FullSphere	data	v2		FullSphere: Generates shadows based on the full environment sphere.
vrdEnvironmentRaytracingSettings.Shadowing	UpperHemisphere	data	v2		UpperHemisphere: Generates shadows based on the upper hemisphere of the environment.
vrdEnvironmentRaytracingSettings	getAnisotropy()	method	v2	float	Returns the anisotropy value of the texture.
vrdEnvironmentRaytracingSettings	getEmitCaustics()	method	v2	bool	Gets enable state of the HDR to emit photon caustics.
vrdEnvironmentRaytracingSettings	getFilterSampledCaustics()	method	v2	bool	Gets state of sample caustics.
vrdEnvironmentRaytracingSettings	getImportanceMapQuality()	method	v2	integer	Gets the quality level for the environment importance map used for IBL sampling.
vrdEnvironmentRaytracingSettings	getInteractiveIblSamplingQuality()	method	v2	integer	Gets the override IBL sampling quality used during interactive rendering.
vrdEnvironmentRaytracingSettings	getIsLightsource()	method	v2	bool	Gets the state of diffuse or glossy illumination calculation.
vrdEnvironmentRaytracingSettings	getIsVisibleInReflections()	method	v2	bool	Gets the visibility of the environment in reflections.
vrdEnvironmentRaytracingSettings	getMaterialId()	method	v2	integer	Gets the ID of the material.
vrdEnvironmentRaytracingSettings	getOverrideIblSampling()	method	v2	bool	returns Whether IBL sampling quality override is enabled
vrdEnvironmentRaytracingSettings	getShadowingMode()	method	v2	vrdEnvironmentRaytracingSettings.Shadowing	Gets the shadowing mode.
vrdEnvironmentRaytracingSettings	getStillFrameIblSamplingQuality()	method	v2	integer	Gets the override IBL sampling quality used during still-frame rendering.
vrdEnvironmentRaytracingSettings	getUseAccurateReflections()	method	v2	bool	Gets state of the real environment geometry usage.
vrdEnvironmentRaytracingSettings	setAnisotropy(anisotropy)	method	v2		Sets the anisotropy value of the texture.
vrdEnvironmentRaytracingSettings	setEmitCaustics(value)	method	v2		Enables the HDR to emit photon caustics. Only supported in Full Global Illumination mode with caustics (Photon Tracing mode 'Caustics + Indirect').
vrdEnvironmentRaytracingSettings	setFilterSampledCaustics(value)	method	v2		If enabled the maximum energy from caustic ray paths is limited to avoid excessive noise. If disabled caustics caused by the environment are accurately sampled.
vrdEnvironmentRaytracingSettings	setImportanceMapQuality(value)	method	v2		Sets the quality level for the environment importance map used for IBL sampling. The quality level is a scaling factor for the resolution of the importance map.
vrdEnvironmentRaytracingSettings	setInteractiveIblSamplingQuality(value)	method	v2		Sets the override IBL sampling quality used during interactive rendering.
vrdEnvironmentRaytracingSettings	setIsLightsource(value)	method	v2		Does not calculate diffuse or glossy illumination, when disabled. Only one visible environment should have this enabled otherwise, VRED won't know which environ
vrdEnvironmentRaytracingSettings	setIsVisibleInReflections(value)	method	v2		Toggles the visibility of the environment in reflections.
vrdEnvironmentRaytracingSettings	setMaterialId(value)	method	v2		Sets the ID of the material for Renderpasses rendering.
vrdEnvironmentRaytracingSettings	setOverrideIblSampling(value)	method	v2		Enables overriding the global IBL sampling quality for sampling the environment map during interactive or still frame rendering.
vrdEnvironmentRaytracingSettings	setShadowingMode(mode)	method	v2		Sets the shadowing mode to use for environment shadows in the Illumination Mode "Precomputed + Shadows", shadows on the Shadow Material and shadow lightsources 
vrdEnvironmentRaytracingSettings	setStillFrameIblSamplingQuality(value)	method	v2		Sets the override IBL sampling quality used during still-frame rendering.
vrdEnvironmentRaytracingSettings	setUseAccurateReflections(value)	method	v2		Uses the real environment geometry, when enabled, for more accurate diffuse and glossy illumination in Precomputed+IBL and Full Global Illumination Mode (at the
vrdEnvironmentShadowsAndIllumination	getGroundShadowIntensity()	method	v2	float	Gets the shadow intensity of the generated light sources on the shadow material.
vrdEnvironmentShadowsAndIllumination	getLightsourcesCount()	method	v2	integer	returns Current number of light sources to be created from the HDR
vrdEnvironmentShadowsAndIllumination	getMapFilterRadius()	method	v2	float	Gets the radius used for filtering the shadow map lookup in OpenGL and Vulkan.
vrdEnvironmentShadowsAndIllumination	getMapResolution()	method	v2	integer	Gets the resolution of OpenGL/Vulkan shadow maps.
vrdEnvironmentShadowsAndIllumination	getMaterialShadowIntensity()	method	v2	float	Gets the shadow intensity of the generated light sources on BRDF based materials.
vrdEnvironmentShadowsAndIllumination	getUseLightsourcesOnly()	method	v2	integer	returns True if only the shadow light sources generated for the environment will be used for illumination, False if a combination of prefiltered environment m
vrdEnvironmentShadowsAndIllumination	setGroundShadowIntensity(value)	method	v2		Sets the shadow intensity of the generated light sources on the shadow material.
vrdEnvironmentShadowsAndIllumination	setLightsourcesCount(value)	method	v2		Specifies the number of light sources to be created from the HDR.
vrdEnvironmentShadowsAndIllumination	setMapFilterRadius(value)	method	v2		Sets the radius used for filtering the shadow map lookup in OpenGL and Vulkan.
vrdEnvironmentShadowsAndIllumination	setMapResolution(value)	method	v2		Sets the resolution of OpenGL/Vulkan shadow maps. Higher values increase the quality.
vrdEnvironmentShadowsAndIllumination	setMaterialShadowIntensity(value)	method	v2		Sets the shadow intensity of the generated light sources on BRDF based materials.
vrdEnvironmentShadowsAndIllumination	setUseLightsourcesOnly(value)	method	v2		If enabled only the shadow light sources generated for the environment will be used for illumination, otherwise a combination of prefiltered environment maps an
vrdEnvironmentTransformation	getCenter()	method	v2	QVector3D	returns Current center of virtual sphere
vrdEnvironmentTransformation	getEnvironmentSize()	method	v2	float	Gets environment size.
vrdEnvironmentTransformation	getManipulate()	method	v2	bool	Returns whether the texture projection manipulator is active or not.
vrdEnvironmentTransformation	getRotate()	method	v2	QVector3D	returns Rotation angles
vrdEnvironmentTransformation	getScale()	method	v2	QVector3D	returns Scale factors
vrdEnvironmentTransformation	setCenter(value)	method	v2		Sets center of the virtual sphere used as reference for environment illumination calculations.
vrdEnvironmentTransformation	setCenterFromObject()	method	v2		Sets the center of the virtual sphere to the center of the selected object from scene graph.
vrdEnvironmentTransformation	setEnvironmentSize(value)	method	v2		Sets the size of the virtual sphere used as reference for environment illumination calculations.
vrdEnvironmentTransformation	setManipulate(s)	method	v2		Set to True to enable the texture projection manipulator.
vrdEnvironmentTransformation	setRotate(value)	method	v2		Sets rotation of the virtual sphere.
vrdEnvironmentTransformation	setScale(value)	method	v2		Sets scale factors of the virtual sphere.
vrdEyeGaze	getDirection()	method	v2	QVector3D	Get normalized direction of the gaze ray.
vrdEyeGaze	getOrigin()	method	v2	QVector3D	Get origin of the gaze ray.
vrdEyeGaze	isTracked()	method	v2	bool	returns True if eye gaze is tracked, False if not tracked.
vrdEyeGaze	setDirection(direction)	method	v2		Set normalized direction of the gaze ray.
vrdEyeGaze	setOrigin(origin)	method	v2		Set origin of the gaze ray.
vrdEyeGaze	setTracked(tracked)	method	v2		Set whether the eye gaze is tracked.
vrdEyeGaze	vrdEyeGaze()	method	v2		Default constructor.
vrdEyeGaze	vrdEyeGaze(state)	method	v2		Copy constructor.
vrdFileExportSettings.SurfaceExportMode	Surface	data	v2		Keeps surfaces as surfaces.
vrdFileExportSettings.SurfaceExportMode	Mesh	data	v2		Converts surfaces to a mesh.
vrdFileExportSettings.SurfaceExportMode	Both	data	v2		Converts surfaces to a mesh and a surface.
vrdFileExportSettings.SurfaceExportMode	None_	data	v2		Excludes all surfaces.
vrdFileExportSettings	getExportAnimationClips()	method	v2	bool	Check if it is allowed to export animation clips.
vrdFileExportSettings	getExportAnimationCurves()	method	v2	bool	Check if it is allowed to export animation curves.
vrdFileExportSettings	getExportAnnotations()	method	v2	bool	Check if it is allowed to export annotations.
vrdFileExportSettings	getExportCameras()	method	v2	bool	Check if it is allowed to export cameras.
vrdFileExportSettings	getExportColors()	method	v2	bool	Check if it is allowed to export colors.
vrdFileExportSettings	getExportConstraints()	method	v2	bool	Check if it is allowed to export constraints.
vrdFileExportSettings	getExportEnvironmentGeometries()	method	v2	bool	Check if it is allowed to export environment geometries.
vrdFileExportSettings	getExportGeometrySwitches()	method	v2	bool	Check if it is allowed to export geometry switches.
vrdFileExportSettings	getExportInvisibleData()	method	v2	bool	Check if it is allowed to export invisible data.
vrdFileExportSettings	getExportLightmaps()	method	v2	bool	Check if it is allowed to export lightmaps.
vrdFileExportSettings	getExportLights()	method	v2	bool	Check if it is allowed to export lights.
vrdFileExportSettings	getExportMaterialSwitches()	method	v2	bool	Check if it is allowed to export material switches.
vrdFileExportSettings	getExportMeshes()	method	v2	bool	Check if it is allowed to export meshes.
vrdFileExportSettings	getExportMetadata()	method	v2	bool	Check if it is allowed to export metadata.
vrdFileExportSettings	getExportPhysics()	method	v2	bool	Check if it is allowed to export physics.
vrdFileExportSettings	getExportSceneplates()	method	v2	bool	Check if it is allowed to export sceneplates.
vrdFileExportSettings	getExportScripts()	method	v2	bool	Check if it is allowed to export scripts.
vrdFileExportSettings	getExportSurfaces()	method	v2	SurfaceExportMode	Check if it is allowed to export surfaces.
vrdFileExportSettings	getExportTouchSensors()	method	v2	bool	Check if it is allowed to export touch sensors.
vrdFileExportSettings	getExportTransformVariants()	method	v2	bool	Check if it is allowed to export transform variants.
vrdFileExportSettings	getExportVariants()	method	v2	bool	Check if it is allowed to export variants.
vrdFileExportSettings	getExportVariantSets()	method	v2	bool	Check if it is allowed to export variant sets with their different geometry and material switches.
vrdFileExportSettings	getExportVertexColors()	method	v2	bool	Check if it is allowed to export vertex colors.
vrdFileExportSettings	getFbxFormat()	method	v2	integer	Query the FBX format.
vrdFileExportSettings	getFbxVersionId()	method	v2	integer	Query the used FBX version id.
vrdFileExportSettings	getInlineTextures()	method	v2	bool	Query if textures in exported files will be inlined.
vrdFileExportSettings	getKeepDefaultCameras()	method	v2	bool	Check if default cameras should be included when exporting cameras.
vrdFileExportSettings	getKeepEmptyGeometryNodes()	method	v2	bool	Query how empty geometries are handled.
vrdFileExportSettings	getKeepEmptyGroupNodes()	method	v2	bool	Query how empty groups are handled.
vrdFileExportSettings	getKeepEmptyMaterialGroupNodes()	method	v2	bool	Query how empty material groups are handled.
vrdFileExportSettings	getKeepEmptyShellNodes()	method	v2	bool	Query how empty shells are handled.
vrdFileExportSettings	getKeepUnusedMaterials()	method	v2	bool	Query how unused materials are handled. Keeps material group nodes that contain no child nodes.
vrdFileExportSettings	getRemoveBSides()	method	v2	bool	Check if it is allowed to remove all B sides.
vrdFileExportSettings	getStlFormat()	method	v2	integer	Query the used STL format.
vrdFileExportSettings	getTextureCompressionMode()	method	v2	vrFileTypes.TextureCompressionMode	returns The present texture compression state
vrdFileExportSettings	getTextureCompressionQuality()	method	v2	integer	returns The present texture compression quality
vrdFileExportSettings	setExportAnimationClips(enable)	method	v2		Allows to export animation clips.
vrdFileExportSettings	setExportAnimationCurves(enable)	method	v2		Allows to export animation curves.
vrdFileExportSettings	setExportAnnotations(enable)	method	v2		Allows to export annotations.
vrdFileExportSettings	setExportCameras(enable)	method	v2		Allows to export cameras.
vrdFileExportSettings	setExportColors(enable)	method	v2		Allows to export colors on polygon mesh segments.
vrdFileExportSettings	setExportConstraints(enable)	method	v2		Allows to export constraints.
vrdFileExportSettings	setExportEnvironmentGeometries(enable)	method	v2		Allows to export environment geometries.
vrdFileExportSettings	setExportGeometrySwitches(enable)	method	v2		Allows to export geometry switches If geometry switches are not enabled, this could affect variants and variant sets.
vrdFileExportSettings	setExportInvisibleData(enable)	method	v2		Export invisible nodes as visible nodes (true) or remove all invisible nodes from export (false).
vrdFileExportSettings	setExportLightmaps(enable)	method	v2		Allows to export lightmaps. Depending on the resolution, lightmaps can be very large, in terms of the amount of data.
vrdFileExportSettings	setExportLights(enable)	method	v2		Allows to export lights.
vrdFileExportSettings	setExportMaterialSwitches(enable)	method	v2		Allows to export material switches If material switches are not enabled, this could affect variants and variant sets.
vrdFileExportSettings	setExportMeshes(enable)	method	v2		Allows to export meshes.
vrdFileExportSettings	setExportMetadata(enable)	method	v2		Allows to export metadata.
vrdFileExportSettings	setExportPhysics(enable)	method	v2		Allows to export physics.
vrdFileExportSettings	setExportSceneplates(enable)	method	v2		Allows to export sceneplates.
vrdFileExportSettings	setExportScripts(enable)	method	v2		Allows to export scripts.
vrdFileExportSettings	setExportSurfaces(mode)	method	v2		Allows to export surfaces.
vrdFileExportSettings	setExportTouchSensors(enable)	method	v2		Allows to export touch sensors.
vrdFileExportSettings	setExportTransformVariants(enable)	method	v2		Allows to export transform variants.
vrdFileExportSettings	setExportVariants(enable)	method	v2		Allows to export variants.
vrdFileExportSettings	setExportVariantSets(enable)	method	v2		Allows to export variant sets.
vrdFileExportSettings	setExportVertexColors(enable)	method	v2		Keeps existing red, green, and blue values stored for each vertex in the model.
vrdFileExportSettings	setFbxFormat(format)	method	v2		Set the FBX format 0: Binary 1: ASCII.
vrdFileExportSettings	setFbxVersionId(id)	method	v2		Set the FBX version id 0: FBX 2020 2019: FBX 2019 2018: FBX 2018 2016: FBX 2016/2017 2014: FBX 2014/2015 2013: FBX 2013 2012: FBX 2012 2011: FBX 2011.
vrdFileExportSettings	setInlineTextures(enable)	method	v2		Embeds the texture data in the geometry file. When disabled, texture images are stored in separate files that are referenced in the geometry file.
vrdFileExportSettings	setKeepDefaultCameras(enable)	method	v2		Include default cameras when exporting cameras, i.e., this setting only has an effect if cameras are exported.
vrdFileExportSettings	setKeepEmptyGeometryNodes(keep)	method	v2		Keeps geometry nodes containing no polygons in exported data.
vrdFileExportSettings	setKeepEmptyGroupNodes(keep)	method	v2		Keeps empty groups in exported data.
vrdFileExportSettings	setKeepEmptyMaterialGroupNodes(keep)	method	v2		Keeps empty material groups in exported data.
vrdFileExportSettings	setKeepEmptyShellNodes(keep)	method	v2		Keeps empty shell nodes without children in exported data.
vrdFileExportSettings	setKeepUnusedMaterials(keep)	method	v2		Keeps unused materials in exported data. A large number of unused materials can increase the amount of data.
vrdFileExportSettings	setRemoveBSides(enable)	method	v2		A B-Side definition is comparable with the No Show feature in CAD software. When enabled, this removes all shapes and components set as a B-Side.
vrdFileExportSettings	setStlFormat(format)	method	v2		Set the used STL format 0: Binary 1: ASCII.
vrdFileExportSettings	setTextureCompressionMode(mode)	method	v2		Sets the texture compression mode for osb and vpb file formats. Using 'Lossy' will take the compression quality into account.
vrdFileExportSettings	setTextureCompressionQuality(quality)	method	v2		Sets the texture compression quality for the lossy compression mode. The value will be clamped to the range 1 .. 100.
vrdFileExportSettings	vrdFileExportSettings()	method	v2		Create an empty vrdFileExportSettings object.
vrdFileExportSettings	vrdFileExportSettings(other)	method	v2		Create a copy of another vrdFileExportSettings object.
vrdFileExportSettings	~vrdFileExportSettings()	method	v2		
vrdFindOptions	getIncludeComponents()	method	v2	bool	returns True, if components are included in the search.
vrdFindOptions	setIncludeComponents(value)	method	v2		Defines if components are included in the search. By default, components are excluded.
vrdFindOptions	vrdFindOptions()	method	v2		Default constructor.
vrdFlakeLayer	getFlakeColor()	method	v2	QVector3D	Gets the color of the flakes.
vrdFlakeLayer	getFlakeColorSpectrum()	method	v2	vrSpectrum	Gets the spectrum of the flakes.
vrdFlakeLayer	getFlakeDensity()	method	v2	float	Gets the concentration of the flakes by controlling how many flakes are present in the layer.
vrdFlakeLayer	getFlakePerturbation()	method	v2	float	Gets the randomness of the flake's orientation.
vrdFlakeLayer	getFlakeReflectivity()	method	v2	float	Gets the flake's reflective intensity.
vrdFlakeLayer	getFlakeRoughness()	method	v2	float	Gets the roughness of the flake surfaces.
vrdFlakeLayer	getFlakeSize()	method	v2	float	Gets the flake's size.
vrdFlakeLayer	getFlipFlopBlending()	method	v2	float	Gets the mixture ratio of the two flake colors.
vrdFlakeLayer	getFlipFlopFlakeColor()	method	v2	QVector3D	Gets the color of the flakes when viewed at an angle.
vrdFlakeLayer	getFlipFlopFlakeColorSpectrum()	method	v2	vrSpectrum	Gets the metallic shiny flake's spectrum.
vrdFlakeLayer	getPigmentColor()	method	v2	QVector3D	Gets the pigment's color, which gives the basic color impression of this layer.
vrdFlakeLayer	getPigmentColorSpectrum()	method	v2	vrSpectrum	Gets the pigment's spectrum, which gives the basic color impression of this layer.
vrdFlakeLayer	getPigmentConcentration()	method	v2	float	Gets the density of pigments by controling how many particles are present in the layer.
vrdFlakeLayer	getUseFlipFlop()	method	v2	bool	Gets the state of flakes with a Flip Flop behavior use.
vrdFlakeLayer	setFlakeColor(value)	method	v2		Sets the color of the flakes. For a flip flop layer this defines the color of the flakes when viewed at a normal incidence.
vrdFlakeLayer	setFlakeColorSpectrum(value)	method	v2		Sets the spectrum of the flakes. For a flip flop layer this defines the spectrum of the flakes when viewed at a normal incidence.
vrdFlakeLayer	setFlakeDensity(value)	method	v2		Sets the concentration of the flakes by controlling how many flakes are present in the layer. If the density is set to 0, no flakes are present and the paint re
vrdFlakeLayer	setFlakePerturbation(value)	method	v2		Sets the randomness of the flake's orientation. This adds a glitter effect to the paint.
vrdFlakeLayer	setFlakeReflectivity(value)	method	v2		Sets the flake's reflective intensity. The higher the value, the more reflectivity of the flakes in the paint.
vrdFlakeLayer	setFlakeRoughness(value)	method	v2		Sets the roughness of the flake surfaces. A lower value represents a smoother surface resulting in more specular reflections while a higher value represents a r
vrdFlakeLayer	setFlakeSize(value)	method	v2		Sets the flake's size. The higher the value, the larger the flake in the paint.
vrdFlakeLayer	setFlipFlopBlending(value)	method	v2		Defines the mixture ratio of the two flake colors. By a lower value the intensity of the basic Flake color will be increased. By a higher value, the intensity o
vrdFlakeLayer	setFlipFlopFlakeColor(value)	method	v2		Sets the color of the flakes when viewed at an angle.
vrdFlakeLayer	setFlipFlopFlakeColorSpectrum(value)	method	v2		Sets the spectrum of the flakes when viewed at an angle.
vrdFlakeLayer	setPigmentColor(value)	method	v2		Sets the pigment's color, which gives the basic color impression of this layer.
vrdFlakeLayer	setPigmentColorSpectrum(value)	method	v2		Sets the pigment's spectrum, which gives the basic color impression of this layer.
vrdFlakeLayer	setPigmentConcentration(value)	method	v2		Sets the density of pigments by controling how many particles are present in the layer.
vrdFlakeLayer	setUseFlipFlop(value)	method	v2		Uses flakes with a Flip Flop behavior. If true, the Flip Flop Flake Color and Flip Flop Blend attributes become used.
vrdFlipflopCarpaintMaterial	getBaseColor()	method	v2	QVector3D	Get the the base color.
vrdFlipflopCarpaintMaterial	getBaseColorSpectrum()	method	v2	vrSpectrum	Gets the spectrum of the base color.
vrdFlipflopCarpaintMaterial	getClearcoat()	method	v2	vrdClearcoat	Gets access to all properties of vrdClearcoat.
vrdFlipflopCarpaintMaterial	getDisplacementTexture()	method	v2	vrdDisplacementTexture	Gets access to all properties of vrdDisplacementTexture.
vrdFlipflopCarpaintMaterial	getFlakeLayer()	method	v2	vrdFlipflopFlakeLayer	Gets access to all properties of vrdFlipflopFlakeLayer.
vrdFlipflopCarpaintMaterial	getIncandescence()	method	v2	vrdIncandescence	Gets access to all properties of vrdIncandescence.
vrdFlipflopCarpaintMaterial	setBaseColor(color)	method	v2		Defines the base color, which is the main characteristic of the material.
vrdFlipflopCarpaintMaterial	setBaseColorSpectrum(value)	method	v2		Sets the spectrum of the base color.
vrdFlipflopFlakeLayer	getBlending()	method	v2	float	Gets the mixture ratio of two flake colors.
vrdFlipflopFlakeLayer	getColor1()	method	v2	QVector3D	Gets the color of the flakes when viewed at an angle.
vrdFlipflopFlakeLayer	getColor1Spectrum()	method	v2	vrSpectrum	Gets the spectrum of the flakes viewed at an angle.
vrdFlipflopFlakeLayer	getColor2()	method	v2	QVector3D	Gets the color of the flakes when viewed at normal incidence.
vrdFlipflopFlakeLayer	getColor2Spectrum()	method	v2	vrSpectrum	Gets the spectrum of the flakes when viewed at normal incidence.
vrdFlipflopFlakeLayer	getIntensity()	method	v2	float	Gets the amount of variation in the flake's normal directions.
vrdFlipflopFlakeLayer	getRoughness()	method	v2	float	Gets the roughness of the flake surfaces.
vrdFlipflopFlakeLayer	getSize()	method	v2	float	Gets the flake's size.
vrdFlipflopFlakeLayer	setBlending(value)	method	v2		Defines the mixture ratio of two flake colors.
vrdFlipflopFlakeLayer	setColor1(value)	method	v2		Sets the color of the flakes when viewed at an angle.
vrdFlipflopFlakeLayer	setColor1Spectrum(value)	method	v2		Sets the spectrum of the flakes when viewed at an angle.
vrdFlipflopFlakeLayer	setColor2(value)	method	v2		Sets the color of the flakes when viewed at normal incidence.
vrdFlipflopFlakeLayer	setColor2Spectrum(value)	method	v2		Sets the spectrum of the flakes when viewed at normal incidence.
vrdFlipflopFlakeLayer	setIntensity(value)	method	v2		Sets the amount of variation in the flake's normal directions.
vrdFlipflopFlakeLayer	setRoughness(roughness)	method	v2		Sets the roughness of the flake surfaces. A lower value represents a smoother surface resulting in more specular reflections while a higher value represents a r
vrdFlipflopFlakeLayer	setSize(value)	method	v2		Sets the flake's size. The higher the value, the larger the flakes in the paint.
vrdFoveatedQuality	getInner()	method	v2	vrRenderTypes.ShadingQuality	Get shading quality for the inner foveal region.
vrdFoveatedQuality	getMiddle()	method	v2	vrRenderTypes.ShadingQuality	Get shading quality for the transition zone between foveal region and and periphery.
vrdFoveatedQuality	getMinimumMultisamplingSamples()	method	v2	integer	Get minimum number of multisampling samples (Realtime Antialiasing) that is required for this set of shading qualities. Supersampling 2x, 4x, 8x require at leas
vrdFoveatedQuality	getPeriphery()	method	v2	vrRenderTypes.ShadingQuality	Get shading quality for periphery.
vrdFoveatedQuality	setInner(inner)	method	v2		Set shading quality for the inner foveal region.
vrdFoveatedQuality	setMiddle(middle)	method	v2		Set shading quality for the transition zone between foveal region and and periphery.
vrdFoveatedQuality	setPeriphery(periphery)	method	v2		Set shading quality for the periphery.
vrdFoveatedQuality	vrdFoveatedQuality()	method	v2		Default constructor.
vrdFoveatedQuality	vrdFoveatedQuality(state)	method	v2		Copy constructor.
vrdFoveatedQuality	vrdFoveatedQuality(inner, middle, periphery)	method	v2		Constructor.
vrdGLSLShaderChunk	getFragmentProgram()	method	v2	string	Returns the fragment program.
vrdGLSLShaderChunk	getGeometryProgram()	method	v2	string	Returns the geometry program.
vrdGLSLShaderChunk	getVertexProgram()	method	v2	string	Returns the vertex program.
vrdGLSLShaderChunk	setFragmentProgram(program)	method	v2		Sets the fragment program.
vrdGLSLShaderChunk	setGeometryProgram(program)	method	v2		Sets the geometry program.
vrdGLSLShaderChunk	setVertexProgram(program)	method	v2		Sets the vertex program.
vrdGLSLShaderChunk	parameters	attribute	v2		Access the list of shader parameters.
vrdGLSLShaderParameter	getName()	method	v2	string	returns The name of the shader parameter.
vrdGLSLShaderParameterInt	getValue()	method	v2	integer	returns The integer value of the shader parameter.
vrdGLSLShaderParameterInt	setValue(value)	method	v2		Sets the value of the shader parameter.
vrdGLSLShaderParameterList.ParameterType	Unknown	data	v2		
vrdGLSLShaderParameterList.ParameterType	Int	data	v2		
vrdGLSLShaderParameterList.ParameterType	Real	data	v2		
vrdGLSLShaderParameterList.ParameterType	Vec2f	data	v2		
vrdGLSLShaderParameterList.ParameterType	Vec3f	data	v2		
vrdGLSLShaderParameterList.ParameterType	Vec4f	data	v2		
vrdGLSLShaderParameterList.ParameterType	Matrix	data	v2		
vrdGLSLShaderParameterList	append(value)	method	v2		Appends the value to this list.
vrdGLSLShaderParameterList	append(values)	method	v2		Appends the items of the value list to this list.
vrdGLSLShaderParameterList	at(i)	method	v2	vrdGLSLShaderParameter	Get the value at the given index.
vrdGLSLShaderParameterList	autoCreate()	method	v2		Automatically extracts parameter from the used programs, replacing the existing parameter list.
vrdGLSLShaderParameterList	canInsert(value)	method	v2	bool	Check, if the given entry can be inserted.
vrdGLSLShaderParameterList	clear()	method	v2		Removes all items from the list.
vrdGLSLShaderParameterList	contains(value)	method	v2	bool	Check, if an element is already in the list.
vrdGLSLShaderParameterList	count(value)	method	v2	integer	Count the occurences of a given vlaue.
vrdGLSLShaderParameterList	create(name, type)	method	v2	vrdGLSLShaderParameter	Create new parameter with given names.
vrdGLSLShaderParameterList	data()	method	v2	List[vrdGLSLShaderParameter]	Get all entries of this list.
vrdGLSLShaderParameterList	find(name)	method	v2	vrdGLSLShaderParameter	Returns first occurrence with given name.
vrdGLSLShaderParameterList	index(value, from=0, to=-1)	method	v2	integer	Returns the index of the given value.
vrdGLSLShaderParameterList	insert(i, value)	method	v2		Insert a value at a given position.
vrdGLSLShaderParameterList	insert(i, values)	method	v2		Insert values at a given position.
vrdGLSLShaderParameterList	move(from, to)	method	v2	bool	Moves a values inside the list.
vrdGLSLShaderParameterList	remove(value)	method	v2	bool	Remove the first occurrence of the given value.
vrdGLSLShaderParameterList	removeAll(value)	method	v2	integer	Remove all occurences of the given value.
vrdGLSLShaderParameterList	removeAt(i)	method	v2	bool	Remove a value from the list.
vrdGLSLShaderParameterList	size()	method	v2	integer	returns Number of elements in this list.
vrdGLSLShaderParameterMatrix	getValue()	method	v2	QMatrix4x4	returns The matrix value of the shader parameter.
vrdGLSLShaderParameterMatrix	setValue(value)	method	v2		Sets the value of the shader parameter.
vrdGLSLShaderParameterReal	getValue()	method	v2	float	returns The floating point value of the shader parameter.
vrdGLSLShaderParameterReal	setValue(value)	method	v2		Sets the value of the shader parameter.
vrdGLSLShaderParameterVec2f	getValue()	method	v2	QVector2D	returns The two components vector value of the shader parameter.
vrdGLSLShaderParameterVec2f	setValue(value)	method	v2		Sets the value of the shader parameter.
vrdGLSLShaderParameterVec3f	getValue()	method	v2	QVector3D	returns The three components vector value of the shader parameter.
vrdGLSLShaderParameterVec3f	setValue(value)	method	v2		Sets the value of the shader parameter.
vrdGLSLShaderParameterVec4f	getValue()	method	v2	QVector4D	returns The four components vector value of the shader parameter.
vrdGLSLShaderParameterVec4f	setValue(value)	method	v2		Sets the value of the shader parameter.
vrdGaussianSplatMaterial	getAllowClipping()	method	v2	bool	Get whether to allow clipping for the gaussian splat.
vrdGaussianSplatMaterial	getCastShadowsOntoShadowMaterial()	method	v2	bool	Get whether to cast shadows onto shadow material.
vrdGaussianSplatMaterial	getColorCorrection()	method	v2	vrdColorCorrection	Gets access to all properties of vrdColorCorrection.
vrdGaussianSplatMaterial	getKernelDegree()	method	v2	integer	Get the kernel degree for the gaussian splat.
vrdGaussianSplatMaterial	getReceiveShadows()	method	v2	bool	Get whether the gaussian splat should receive shadows.
vrdGaussianSplatMaterial	setAllowClipping(allowClipping)	method	v2		Sets whether to allow clipping for the gaussian splat.
vrdGaussianSplatMaterial	setCastShadowsOntoShadowMaterial(castShadowsOntoShadowMaterial)	method	v2		Sets whether to cast shadows onto shadow material.
vrdGaussianSplatMaterial	setKernelDegree(kernelDegree)	method	v2		Defines the kernel degree for the gaussian splat.
vrdGaussianSplatMaterial	setReceiveShadows(receiveShadows)	method	v2		Sets whether the gaussian splat should receive shadows.
vrdGeometryNode	createTextureBake()	method	v2	vrdTextureBake	Creates an empty texture bake object.
vrdGeometryNode	getActiveBakeType()	method	v2	vrBakeTypes.BakeType	returns The active bake type.
vrdGeometryNode	getIndices()	method	v2	List[integer]	Gets the list of indices.
vrdGeometryNode	getNormals()	method	v2	List[float]	Gets the normals of the geometry.
vrdGeometryNode	getObjectBoundingBox()	method	v2	vrdBoundingBox	Gets the bounding box of the geometry in object space.
vrdGeometryNode	getPositions()	method	v2	List[float]	Gets the positions of the geometry.
vrdGeometryNode	getPrimitiveCount()	method	v2	integer	Gets the primitive count (number of triangles, lines, or points in this geometry).
vrdGeometryNode	getPrimitiveType()	method	v2	vrGeometryTypes.PrimitiveType	Gets the primitive type.
vrdGeometryNode	getTexCoords(texSlot=0)	method	v2	List[float]	Gets the texture coordinates.
vrdGeometryNode	getTexCoordsDimension(texSlot=0)	method	v2	integer	Returns the dimension of the texture coordinates.
vrdGeometryNode	getTextureBake()	method	v2	vrdTextureBake	Gets the texture bake object.
vrdGeometryNode	getTextureBakeState()	method	v2	vrBakeTypes.BakeState	returns The texture bake state.
vrdGeometryNode	getVertexBake()	method	v2	vrdVertexBake	Gets the vertex bake object.
vrdGeometryNode	getVertexBakeState()	method	v2	vrBakeTypes.BakeState	returns The vertex bake state.
vrdGeometryNode	getVertexCount()	method	v2	integer	returns The number of vertices.
vrdGeometryNode	hasFrozenWorldSpaceTextureTransform()	method	v2	bool	Determines if the geometry node has a frozen world space texture transform, created by vrdNode.freezeWorldSpaceTextureTransform().
vrdGeometryNode	hasUVSet(set)	method	v2	bool	Checks the existance of a specific UV set.
vrdGeometryNode	isBSide()	method	v2	bool	Determines if the geometry is classified as a B-Side.
vrdGeometryNode	isComponent()	method	v2	bool	Returns whether the geometry node is a surface within a shell.
vrdGeometryNode	isMesh()	method	v2	bool	Returns whether the geometry node is a mesh of polygons or lines.
vrdGeometryNode	isShell()	method	v2	bool	Returns whether the geometry node is a shell. A shell holds multiple surfaces and has no primitive data itself.
vrdGeometryNode	isSurface()	method	v2	bool	Returns whether the geometry node is a surface with nurbs data.
vrdGeometryNode	setActiveBakeType(type)	method	v2		Sets the active bake type.
vrdGeometryNode	setBSide(isBSide)	method	v2		Sets the geometry to B-Side.
vrdGeometryNode	setIndices(indices)	method	v2		Sets the list of indices.
vrdGeometryNode	setNormals(normals)	method	v2		Sets the normals.
vrdGeometryNode	setPositions(positions)	method	v2		Sets the positions of the geometry.
vrdGeometryNode	setPrimitiveType(primitiveType)	method	v2		Sets the primitive type.
vrdGeometryNode	setTexCoords(coordinates, texSlot=0, dimension=2)	method	v2		Sets the texture coordinates.
vrdGlassMaterial.MediumType	Custom	data	v2		
vrdGlassMaterial.MediumType	Diamond	data	v2		
vrdGlassMaterial.MediumType	Polysilicon	data	v2		
vrdGlassMaterial.MediumType	AcrylicGlass	data	v2		
vrdGlassMaterial.MediumType	PlasticPolystyrene	data	v2		
vrdGlassMaterial.MediumType	PlasticPolycarbonates	data	v2		
vrdGlassMaterial.MediumType	Ethanol	data	v2		
vrdGlassMaterial.MediumType	Methanol	data	v2		
vrdGlassMaterial.MediumType	Water19degrees	data	v2		
vrdGlassMaterial.MediumType	Water24degrees	data	v2		
vrdGlassMaterial.MediumType	CrownGlassBorosilicateGlass	data	v2		
vrdGlassMaterial.MediumType	GlassLanthanumDenseFlint	data	v2		
vrdGlassMaterial.MediumType	GlassBariumFlint	data	v2		
vrdGlassMaterial.MediumType	GlassDenseFlint	data	v2		
vrdGlassMaterial.MediumType	QuartzFusedSilica	data	v2		
vrdGlassMaterial.MediumType	FusedGermania	data	v2		
vrdGlassMaterial.FresnelQuality	Fast	data	v2		Fast: Schlick approximation for the fresnel term is used.
vrdGlassMaterial.FresnelQuality	Accurate	data	v2		Accurate: Cook-Torrance approximation for the fresnel term is used.
vrdGlassMaterial.DispersionInputType	AbbeD	data	v2		Abbe Number d-line: Bases the calculation on the d Fraunhofer line at 587.56nm.
vrdGlassMaterial.DispersionInputType	AbbeE	data	v2		Abbe Number e-line: Bases the calculation on the e Fraunhofer line at 546.07nm.
vrdGlassMaterial.DispersionInputType	Spectral	data	v2		Spectral Distribution: Uses the refraction indices defined by the spectrum.
vrdGlassMaterial	getAbbeNumber()	method	v2	float	Gets the approximate dispersion of the glass material.
vrdGlassMaterial	getBumpTexture()	method	v2	vrdBumpTexture	Gets access to all properties of vrdBumpTexture.
vrdGlassMaterial	getDensity()	method	v2	float	returns Current material density.
vrdGlassMaterial	getDispersionInputType()	method	v2	vrdGlassMaterial.DispersionInputType	returns Current dispersion input type.
vrdGlassMaterial	getDisplacementTexture()	method	v2	vrdDisplacementTexture	Gets access to all properties of vrdDisplacementTexture.
vrdGlassMaterial	getExteriorColor()	method	v2	QVector3D	Gets the value for exterior transparency color.
vrdGlassMaterial	getExteriorColorSpectrum()	method	v2	vrSpectrum	Gets the exterior transparency color spectrum.
vrdGlassMaterial	getExteriorTransparencyTexture()	method	v2	vrdTexture	Gets access to all properties of vrdExteriorTransparencyTexture.
vrdGlassMaterial	getFresnelQuality()	method	v2	vrdGlassMaterial.FresnelQuality	Gets computation method for the fresnel term.
vrdGlassMaterial	getIncandescence()	method	v2	vrdIncandescence	Gets access to all properties of vrdIncandescence.
vrdGlassMaterial	getIndexOfRefractionSpectrum()	method	v2	vrSpectrum	Gets the refraction spectrum of the glass material.
vrdGlassMaterial	getInteriorColor()	method	v2	QVector3D	returns Current interior transparency color.
vrdGlassMaterial	getInteriorColorSpectrum()	method	v2	vrSpectrum	returns Current interior transparency color spectrum.
vrdGlassMaterial	getMediumType()	method	v2	vrdGlassMaterial.MediumType	returns Current medium type.
vrdGlassMaterial	getReflectionColor()	method	v2	QVector3D	Gets the material color for reflections.
vrdGlassMaterial	getReflectionColorSpectrum()	method	v2	vrSpectrum	Gets the material reflection color spectrum.
vrdGlassMaterial	getReflectivity()	method	v2	float	returns Current reflectivity value. When no custom reflectivity is used this value is autmatically computed from the current medium / refraction index.
vrdGlassMaterial	getRefractionIndex()	method	v2	float	returns Current refraction index value.
vrdGlassMaterial	getRoughness()	method	v2	float	returns The current roughness value of this material.
vrdGlassMaterial	getRoughnessTexture()	method	v2	vrdRoughnessTexture	Gets access to all properties of vrdRoughnessTexture. The roughness texture is only used if Use Roughness is enabled for this material.
vrdGlassMaterial	getSimulatedThickness()	method	v2	float	returns Current value for simulated thickness.
vrdGlassMaterial	getTextureSettings()	method	v2	vrdTextureSettings	Gets access to all properties of vrdTextureSettings.
vrdGlassMaterial	getThinFilm()	method	v2	vrdThinFilm	Gets access to all properties of vrdThinFilm.
vrdGlassMaterial	getUseCustomReflectivity()	method	v2	bool	returns If custom reflectivity value is used.
vrdGlassMaterial	getUseDensity()	method	v2	bool	returns If density evaluation is enabled.
vrdGlassMaterial	getUseDispersion()	method	v2	bool	returns True if dispersion effects are enabled for this material in spectral raytracing.
vrdGlassMaterial	getUseRoughness()	method	v2	bool	returns If glossy reflections and refractions are enabled.
vrdGlassMaterial	getUseScreenSpaceRefractions()	method	v2	bool	returns If screen space refractions are used.
vrdGlassMaterial	getUseSolidShadows()	method	v2	bool	returns Current state for solid shadows.
vrdGlassMaterial	setAbbeNumber(value)	method	v2		Sets the approximate dispersion of the glass material. (Also known as the V-number or constringence of a transparent material) It is used to classify the chroma
vrdGlassMaterial	setDensity(value)	method	v2		Sets the density value for beer-lambert law evaluation I(x) = I(0) * e^(-c*d*t). See vrdGlassMaterial.setUseDensity(value).
vrdGlassMaterial	setDispersionInputType(type)	method	v2		Defines how the refraction indices for different wavelengths are calculated.
vrdGlassMaterial	setExteriorColor(value)	method	v2		Sets the material exterior transparency color. This acts like a color filter for the light coming from behind the surface. A darker color blocks more light and 
vrdGlassMaterial	setExteriorColorSpectrum(value)	method	v2		Sets the exterior transparency color spectrum.
vrdGlassMaterial	setFresnelQuality(type)	method	v2		Defines the computation method for the fresnel term.
vrdGlassMaterial	setIndexOfRefractionSpectrum(spectrum)	method	v2		Sets the refraction spectrum of the glass material.
vrdGlassMaterial	setInteriorColor(value)	method	v2		Sets the material interior transparency. It acts the same as the exterior transparency by filtering the light coming from behind the surface. A darker color blo
vrdGlassMaterial	setInteriorColorSpectrum(value)	method	v2		Sets the interior transparency color spectrum.
vrdGlassMaterial	setMediumType(type)	method	v2		Offers a wide selection of refraction indices based on materials existing in reality. The selected medium changes the refraction index automatically.
vrdGlassMaterial	setReflectionColor(value)	method	v2		Sets the material color for reflections.
vrdGlassMaterial	setReflectionColorSpectrum(value)	method	v2		Sets the material reflection color spectrum.
vrdGlassMaterial	setReflectivity(v)	method	v2		Controls the intensity of the reflection on the surface. The higher the value, the more the influence from the environment and objects around.
vrdGlassMaterial	setRefractionIndex(value)	method	v2		Sets the material's refraction index (IOR). Only supported in Raytracing rendering mode.
vrdGlassMaterial	setRoughness(roughness)	method	v2		Controls the sharpness of the glossy reflections and refractions. The higher the value, the rougher the microscopic structure of the surface.
vrdGlassMaterial	setSimulatedThickness(value)	method	v2		Sets the material's simulated thickness.
vrdGlassMaterial	setUseCustomReflectivity(value)	method	v2		Enable or disable the use of custom reflectivity value. See vrdGlassMaterial.setReflectivity(v). When disabled the reflectivity value is computed from the curre
vrdGlassMaterial	setUseDensity(value)	method	v2		Enables beer-lambert law evaluation I(x) = I(0) * e^(-c*d*t).
vrdGlassMaterial	setUseDispersion(value)	method	v2		Simulates how different wavelengths of light are refracted, resulting in dispersion effects. Use Dispersion only works with spectral raytracing.
vrdGlassMaterial	setUseRoughness(value)	method	v2		Makes the glass frosted with glossy reflections and refractions, when enabled.
vrdGlassMaterial	setUseScreenSpaceRefractions(value)	method	v2		Enable or disable the use of screen space refractions (only supported in Vulkan rendering mode).
vrdGlassMaterial	setUseSolidShadows(value)	method	v2		Casts a solid (black) shadow (if a render mode is selected that can calculate caustic effects due to refractions). Otherwise, the color of the shadow is calcula
vrdGpuInfo	getHasMemorySharingSupport()	method	v2	bool	Returns whether memory sharing is available on the current GPU.
vrdGpuInfo	getName()	method	v2	string	Returns the name of the GPU.
vrdGpuStateInfo	getFreeMemory()	method	v2	float	Returns the free memory available on the GPU in megabytes.
vrdGpuStateInfo	getGpuUsage()	method	v2	integer	Returns the current usage of the gpu in percent.
vrdGpuStateInfo	getMemoryUsage()	method	v2	integer	Returns the current memory bandwidth usage of the gpu in percent.
vrdGpuStateInfo	getTemperature()	method	v2	integer	Returns the current gpu temperature in degree celcius.
vrdGpuStateInfo	getTotalMemory()	method	v2	float	Returns the total memory available on the GPU in megabytes.
vrdGpuStateInfo	getUsedMemory()	method	v2	float	Returns the used memory on the GPU in megabytes.
vrdGradingLut	getEnabled()	method	v2	bool	returns True if LUT grading is enabled, False otherwise.
vrdGradingLut	getLut()	method	v2	string	returns The LUT as a string.
vrdGradingLut	getLutFilename()	method	v2	string	Returns the lut file name.
vrdGradingLut	getLutFolder()	method	v2	string	Returns the folder to search for luts.
vrdGradingLut	getLutSpace()	method	v2	vrCameraTypes.GradingLogSpace	Returns the log space the LUT is applied to.
vrdGradingLut	getLutWeight()	method	v2	float	Returns the weight the LUT is applied with.
vrdGradingLut	loadLut(fileName)	method	v2	bool	Loads a LUT from a file.
vrdGradingLut	saveLut(fileName)	method	v2	bool	Saves a LUT to a file.
vrdGradingLut	setEnabled(enabled)	method	v2		Enables / disables LUT grading.
vrdGradingLut	setLutSpace(logSpace)	method	v2		Sets the log space the LUT is applied to.
vrdGradingLut	setLutWeight(weight)	method	v2		Sets the weight the LUT is applied with.
vrdGradingPrimary	getContrast()	method	v2	QVector4D	Returns the contrast.
vrdGradingPrimary	getEnabled()	method	v2	bool	Returns the current grading curve state.
vrdGradingPrimary	getExposure()	method	v2	QVector4D	Returns the exposure.
vrdGradingPrimary	getOffset()	method	v2	QVector4D	Returns the offset.
vrdGradingPrimary	getPivot()	method	v2	float	Returns the contrast pivot.
vrdGradingPrimary	getSaturation()	method	v2	float	Returns the saturation.
vrdGradingPrimary	setContrast(contrast)	method	v2		Sets the contrast.
vrdGradingPrimary	setEnabled(enabled)	method	v2		Enables / disables primary grading.
vrdGradingPrimary	setExposure(exposure)	method	v2		Sets the exposure.
vrdGradingPrimary	setOffset(offset)	method	v2		Sets the offset.
vrdGradingPrimary	setPivot(pivot)	method	v2		Sets the contrast pivot.
vrdGradingPrimary	setSaturation(saturation)	method	v2		Sets the saturation.
vrdGradingRGBMCurve	getBlueCurve()	method	v2	List[QVector2D]	Returns the blue grading curve.
vrdGradingRGBMCurve	getEnabled()	method	v2	bool	Returns the current grading curve state.
vrdGradingRGBMCurve	getGreenCurve()	method	v2	List[QVector2D]	Returns the green grading curve.
vrdGradingRGBMCurve	getMasterCurve()	method	v2	List[QVector2D]	Returns the rgb master grading curve.
vrdGradingRGBMCurve	getMode()	method	v2	vrCameraTypes.CameraResponseCurveMode	Returns the active rgbm grading curve mode.
vrdGradingRGBMCurve	getRedCurve()	method	v2	List[QVector2D]	Returns the red grading curve.
vrdGradingRGBMCurve	reset(mode)	method	v2		Resets the given grading curve to the default values.
vrdGradingRGBMCurve	setBlueCurve(values)	method	v2		Sets the blue grading curve.
vrdGradingRGBMCurve	setEnabled(enabled)	method	v2		Enables / disables grading curve.
vrdGradingRGBMCurve	setGreenCurve(values)	method	v2		Sets the green grading curve.
vrdGradingRGBMCurve	setMasterCurve(values)	method	v2		Sets the rgb master grading curve.
vrdGradingRGBMCurve	setMode(mode)	method	v2		Sets the rgbm grading curve mode.
vrdGradingRGBMCurve	setRedCurve(values)	method	v2		Sets the red grading curve.
vrdGradingTone	getBlacks()	method	v2	QVector4D	Returns the blacks.
vrdGradingTone	getBlacksRange()	method	v2	QVector2D	Returns the range for blacks.
vrdGradingTone	getEnabled()	method	v2	bool	Returns the current grading curve state.
vrdGradingTone	getHighlights()	method	v2	QVector4D	Returns the rgbm highlights.
vrdGradingTone	getHighlightsRange()	method	v2	QVector2D	Returns the range for highlights.
vrdGradingTone	getMidtones()	method	v2	QVector4D	Returns the rgbm midtones.
vrdGradingTone	getMidtonesRange()	method	v2	QVector2D	Returns the range for midtones.
vrdGradingTone	getSContrast()	method	v2	float	Returns the S-Curve contrast.
vrdGradingTone	getShadows()	method	v2	QVector4D	Returns the rgbm shadows.
vrdGradingTone	getShadowsRange()	method	v2	QVector2D	Returns the range for blacks.
vrdGradingTone	getWhites()	method	v2	QVector4D	Returns the rgbm whites.
vrdGradingTone	getWhitesRange()	method	v2	QVector2D	Returns the range for whites.
vrdGradingTone	setBlacks(values)	method	v2		Sets the rgbm blacks.
vrdGradingTone	setBlacksRange(values)	method	v2		Sets the range for blacks. The x-value sets the start stop of the blacks. The y-value sets the width of the blacks.
vrdGradingTone	setEnabled(enabled)	method	v2		Enables / disables primary grading.
vrdGradingTone	setHighlights(values)	method	v2		Sets the rgbm highlights.
vrdGradingTone	setHighlightsRange(values)	method	v2		Sets the range for highlights. The x-value sets the start stop of the highlights. The y-value sets the pivot of the highlights.
vrdGradingTone	setMidtones(values)	method	v2		Sets the rgbm midtones.
vrdGradingTone	setMidtonesRange(values)	method	v2		Sets the range for midtones. The x-value sets the center for the midtones. The y-value sets the width in stops that are affected as midtones.
vrdGradingTone	setSContrast(contrast)	method	v2		Sets an S-Curve contrast.
vrdGradingTone	setShadows(values)	method	v2		Sets the rgbm shadows.
vrdGradingTone	setShadowsRange(values)	method	v2		Sets the range for shadows. The x-value sets the start stop of the shadows. The y-value sets the pivot of the shadows.
vrdGradingTone	setWhites(values)	method	v2		Sets the rgbm whites.
vrdGradingTone	setWhitesRange(values)	method	v2		Sets the range for whites.
vrdHDRLightStudio.LightPaintMode	ReflectionPainting	data	v2		
vrdHDRLightStudio.LightPaintMode	IlluminationPainting	data	v2		
vrdHDRLightStudio.LightPaintMode	RimPainting	data	v2		
vrdHDRLightStudio	editAndLoadSettings()	method	v2	bool	Opens HDR Light Studio and tries to load a project saved for this environment. If no project has been previously saved for this environment, you start with a bl
vrdHDRLightStudio	getLightPaint()	method	v2	bool	Gets the Light Paint enable state. Light Paint allows you to directly click the VRED Render Window for positioning light sources in the HDR image.
vrdHDRLightStudio	getLightPaintMode()	method	v2	vrdHDRLightStudio.LightPaintMode	Gets the light paint mode used for positioning light sources in the HDR image.
vrdHDRLightStudio	isConnected()	method	v2	bool	returns Whether the VRED environment this vrdHDRLightStudio object belongs to is connected to a running instance of HDR Light Studio.
vrdHDRLightStudio	quit()	method	v2		Shuts down the HDR Light Studio background process (HDRLightStudio.exe) and frees up the license.
vrdHDRLightStudio	saveSettings()	method	v2	bool	Internally saves the HDR Light Studio project for the Sphere Environment currently being edited.
vrdHDRLightStudio	setLightPaint(value)	method	v2		Toggle Light Paint on or off. Light Paint allows you to directly click the VRED Render Window for positioning light sources in the HDR image.
vrdHDRLightStudio	setLightPaintMode(mode)	method	v2		Sets the light paint mode used for positioning light sources in the HDR image.
vrdHDRLightStudio	show()	method	v2		Displays the HDR Light Studio window, if previously closed.
vrdHostSwitchNode	getHostName()	method	v2	string	returns The name of the computer on which the children should be visible.
vrdHostSwitchNode	setHostName(value)	method	v2		Sets the name of the computer on which the children should be visible.
vrdIlluminationBakeSettings	getAmbientOcclusionMaximumDistance()	method	v2	float	returns The ambient occlusion maximum distance.
vrdIlluminationBakeSettings	getAmbientOcclusionMinimumDistance()	method	v2	float	returns The ambient occlusion minimum distance.
vrdIlluminationBakeSettings	getAmbientOcclusionWeight()	method	v2	vrBakeTypes.AmbientOcclusionWeight	returns The ambient occlusion weight mode.
vrdIlluminationBakeSettings	getColorBleeding()	method	v2	bool	returns True if color bleeding should be used, False otherwise.
vrdIlluminationBakeSettings	getDirectIlluminationMode()	method	v2	vrBakeTypes.DirectIlluminationMode	returns The direct illumination mode.
vrdIlluminationBakeSettings	getIndirectIllumination()	method	v2	bool	returns True if indirect illumination should be evaluated, False otherwise.
vrdIlluminationBakeSettings	getIndirections()	method	v2	integer	returns The number of indirections.
vrdIlluminationBakeSettings	getLightsLayer()	method	v2	integer	returns The layer index used for baking. See vrdIlluminationBakeSettings.setLightsLayer(value).
vrdIlluminationBakeSettings	getMaterialOverride()	method	v2	bool	returns True if a material override should be used, False otherwise.
vrdIlluminationBakeSettings	getMaterialOverrideColor()	method	v2	QColor	returns The override material color.
vrdIlluminationBakeSettings	setAmbientOcclusionMaximumDistance(value)	method	v2		Sets the ambient occlusion maximum distance.
vrdIlluminationBakeSettings	setAmbientOcclusionMinimumDistance(value)	method	v2		Sets the ambient occlusion minimum distance.
vrdIlluminationBakeSettings	setAmbientOcclusionWeight(value)	method	v2		Sets the ambient occlusion weight mode.
vrdIlluminationBakeSettings	setColorBleeding(value)	method	v2		Sets if color bleeding should be used.
vrdIlluminationBakeSettings	setDirectIlluminationMode(value)	method	v2		Sets the direct illumination mode.
vrdIlluminationBakeSettings	setIndirectIllumination(value)	method	v2		Sets if indirect illumination should be evaluated.
vrdIlluminationBakeSettings	setIndirections(value)	method	v2		Sets the number of indirections.
vrdIlluminationBakeSettings	setLightsLayer(value)	method	v2		Only available for texture baking. Sets if only lights from a specific layer should be baked. By default, all active lights are baked.
vrdIlluminationBakeSettings	setMaterialOverride(value)	method	v2		Sets if a global material override should be used.
vrdIlluminationBakeSettings	setMaterialOverrideColor(value)	method	v2		Sets the color of the override material.
vrdIlluminationBakeSettings	vrdIlluminationBakeSettings()	method	v2		Default constructor.
vrdImage	getAbsolutePath()	method	v2	string	Returns the absolute path of the image.
vrdImage	getDimension()	method	v2	QSize	Gets the dimension of the image.
vrdImage	getHeight()	method	v2	integer	Gets the height of the image.
vrdImage	getInline()	method	v2	bool	Gets if the image is inlined.
vrdImage	getInternal()	method	v2	bool	Some images are managed internally e.g. by the media editor.
vrdImage	getPreview(size=96)	method	v2	QImage	Returns an image preview.
vrdImage	getWidth()	method	v2	integer	Gets the width of the image.
vrdImage	hasAlphaChannel()	method	v2	bool	Determines if the image has an alpha channel.
vrdImage	hasEnvironmentMapLayout()	method	v2	bool	Returns if this image can be used as an environment map.
vrdImage	setInline(value)	method	v2		Sets if the image will be inlined or not.
vrdImage	toQIcon()	method	v2	QIcon	Returns the image data as a QIcon.
vrdImage	toQImage()	method	v2	QImage	Returns the image data as a QImage.
vrdImmersiveMenu.MenuOrigin	ORIGIN_LOCAL	data	v2		
vrdImmersiveMenu.MenuOrigin	ORIGIN_WORLD	data	v2		
vrdImmersiveMenu.MenuOrigin	ORIGIN_CAMERA	data	v2		
vrdImmersiveMenu.MenuOrigin	ORIGIN_HEAD	data	v2		
vrdImmersiveMenu.MenuOrigin	ORIGIN_LEFTHAND	data	v2		
vrdImmersiveMenu.MenuOrigin	ORIGIN_RIGHTHAND	data	v2		
vrdImmersiveMenu.MenuConstraint	CONSTRAINT_NONE	data	v2		
vrdImmersiveMenu.MenuConstraint	CONSTRAINT_NO_ROTATION	data	v2		
vrdImmersiveMenu.MenuConstraint	CONSTRAINT_YAW_ONLY	data	v2		
vrdImmersiveMenu	attachTo(origin, constraint)	method	v2		Reattaches the menu.
vrdImmersiveMenu	getConstraint()	method	v2	vrdImmersiveMenu.MenuConstraint	returns Gets the current constraint
vrdImmersiveMenu	getDepth()	method	v2	float	returns The depth of the menu
vrdImmersiveMenu	getHeight()	method	v2	float	returns The height of the menu
vrdImmersiveMenu	getName()	method	v2	string	returns The name of the menu
vrdImmersiveMenu	getOrigin()	method	v2	vrdImmersiveMenu.MenuOrigin	returns Gets the origin for the menu
vrdImmersiveMenu	getRotation()	method	v2	QVector3D	returns The current rotation angles
vrdImmersiveMenu	getTranslation()	method	v2	QVector3D	returns The current translation
vrdImmersiveMenu	getWidth()	method	v2	float	returns The width of the menu
vrdImmersiveMenu	isVisible()	method	v2	bool	returns True, if the menu is visible
vrdImmersiveMenu	setConstraint(value)	method	v2		Changes the transformation constraint.
vrdImmersiveMenu	setContent(content)	method	v2		Use the given string to show the content.
vrdImmersiveMenu	setDepth(value)	method	v2		Sets the depth of the menu.
vrdImmersiveMenu	setHeight(value)	method	v2		Sets the height of the menu.
vrdImmersiveMenu	setModule(moduleTitle)	method	v2		Use the given name to find a module to be displayed on the menu.
vrdImmersiveMenu	setName(value)	method	v2		Changes the name of the menu.
vrdImmersiveMenu	setOrigin(value)	method	v2		Changes the origin for the menu.
vrdImmersiveMenu	setRotation(rotation)	method	v2		Changes rotation of the menu relative to the selected origin.
vrdImmersiveMenu	setRotation(xDeg, yDeg, zDeg)	method	v2		Changes rotation of the menu relative to the selected origin.
vrdImmersiveMenu	setTranslation(position)	method	v2		Changes position of the menu relative to the selected origin.
vrdImmersiveMenu	setTranslation(x, y, z)	method	v2		Changes position of the menu relative to the selected origin.
vrdImmersiveMenu	setUrl(url, pixelWidth=800, pixelHeight=600)	method	v2		Use the given url to show web content on the mneu.
vrdImmersiveMenu	setVisible(value)	method	v2		Shows or hides the menu.
vrdImmersiveMenu	setWidget(widget)	method	v2		
vrdImmersiveMenu	setWidth(value)	method	v2		Sets the width of the menu.
vrdImmersiveTool	getCheckable()	method	v2	bool	returns True, if the tool button is checkable
vrdImmersiveTool	getChecked()	method	v2	bool	returns True, if the tool button is checked
vrdImmersiveTool	getCheckedCommand()	method	v2	string	returns The command executed, when the button is checked
vrdImmersiveTool	getClickedCommand()	method	v2	string	returns The command executed on click
vrdImmersiveTool	getGroup()	method	v2	string	returns The button group
vrdImmersiveTool	getHideAway()	method	v2	bool	Returns if the tool is hidden from the VR menu.
vrdImmersiveTool	getIcon()	method	v2	QIcon	returns The current icon
vrdImmersiveTool	getIsInternal()	method	v2	bool	Returns if the tool is marked as internal. All tools that are created internally by default will have this flag set.
vrdImmersiveTool	getName()	method	v2	string	returns The name of the tool
vrdImmersiveTool	getText()	method	v2	string	returns The current display text
vrdImmersiveTool	getUncheckedCommand()	method	v2	string	returns The command executed, when the button is unchecked
vrdImmersiveTool	getViewContent()	method	v2	string	returns The content that is displayed on button click
vrdImmersiveTool	getViewWidget()	method	v2	QWidget	returns The widget that is displayed on button click
vrdImmersiveTool	hideAway(value)	method	v2		If value is True, this tool is not visible on the VR menu.
vrdImmersiveTool	setCheckable(value)	method	v2		Sets the tool button to checkable.
vrdImmersiveTool	setChecked(value)	method	v2		Sets the tool button to checked.
vrdImmersiveTool	setCheckedCommand(value)	method	v2		Sets the Python command that is executed when the button is checked.
vrdImmersiveTool	setClickedCommand(value)	method	v2		Sets the Python command that is executed on button click.
vrdImmersiveTool	setGroup(value)	method	v2		Changes the group in which the tool is inserted. Use "Tools" to add the tool to the tools menu, "MenuBar" to add the tool to the menu icon bar, or "Settings/You
vrdImmersiveTool	setIcon(icon)	method	v2		Sets the icon displayed on the VR tools menu.
vrdImmersiveTool	setIconData(data, format="png")	method	v2		Use a base64 encoded string to set the icon.
vrdImmersiveTool	setIconPath(iconPath)	method	v2		Use the image at the given path as an icon.
vrdImmersiveTool	setOnOffIconData(onData, offData, format="png")	method	v2		Use two base64 encoded strings to set the icon.
vrdImmersiveTool	setText(text)	method	v2		Changes the text displayed on the VR tools menu.
vrdImmersiveTool	setUncheckedCommand(value)	method	v2		Sets the Python command that is executed when the button is unchecked.
vrdImmersiveTool	setViewContent(value)	method	v2		On tool button press, the given content is displayed on a menu panel.
vrdImmersiveTool	setViewWidget(widget)	method	v2		On tool button press, the given content is displayed on a menu panel.
vrdImmersiveTool	signal()	method	v2	Q_SLOTvrdImmersiveToolSignal	returns Access to tool signals
vrdImmersiveToolSignal	checked(tool)	method	v2		Signal emitted when the tool button is switched on.
vrdImmersiveToolSignal	clicked(tool)	method	v2		Signal is emitted when the tool button is clicked.
vrdImmersiveToolSignal	unchecked(tool)	method	v2		Signal emitted when the tool button is switched off.
vrdImmersiveToolSignal	viewClosed(tool)	method	v2		Signal emitted when the tool view is closed.
vrdImmersiveToolSignal	viewOpened(tool)	method	v2		Signal emitted when the tool view is opened.
vrdIncandescence	getAreaLightQuality()	method	v2	integer	Gets the light sampling quality during still frame rendering.
vrdIncandescence	getBakeLayer()	method	v2	integer	Returns which lightmap layer the illumination from this light source is baked to with texture baking. See setBakeLayer(int).
vrdIncandescence	getCastShadowOnShadowMaterial()	method	v2	bool	returns Whether other objects may cast shadows on the shadow material due to the materials incandescence illumination
vrdIncandescence	getColor()	method	v2	QVector3D	returns Current incandescence color
vrdIncandescence	getColorSpectrum()	method	v2	vrSpectrum	Gets the incandescence color spectrum.
vrdIncandescence	getDirectRaylightEvaluation()	method	v2	bool	returns Current evaluation state of ray lights on the surface.
vrdIncandescence	getGroundShadowIntensity()	method	v2	float	Gets the shadow intensity of the geometry light on the shadow material.
vrdIncandescence	getIlluminateShadowMaterial()	method	v2	bool	returns Whether the incandescence light may illuminate shadow material
vrdIncandescence	getImportanceMultiplier()	method	v2	float	returns Current importance multiplier of the geometric light source for photon mapping
vrdIncandescence	getIntensity()	method	v2	float	returns Current incandescence intensity
vrdIncandescence	getInteractiveAreaLightQuality()	method	v2	integer	Gets the light sampling quality during interactive rendering.
vrdIncandescence	getLightUnit()	method	v2	vrLightTypes.Unit	Returns the unit used for this light source.
vrdIncandescence	getShadowIntensity()	method	v2	float	Gets the intensity of shadows cast by the geometry light on BRDF-based materials.
vrdIncandescence	getTexture()	method	v2	vrdTexture	Gets access to all properties of vrdIncandescenceTexture.
vrdIncandescence	getUseAsLightSource()	method	v2	bool	returns Whether the material is used as a light source for other materials in the scene while raytracing
vrdIncandescence	setAreaLightQuality(quality)	method	v2		Sets the light sampling quality during still frame rendering.
vrdIncandescence	setBakeLayer(layer)	method	v2		For texture baking, a layer can be set with vrdIlluminationBakeSettings.setLightsLayer(value) to bake only illumination from lights that have this bake layer nu
vrdIncandescence	setCastShadowOnShadowMaterial(s)	method	v2		Allows other objects to cast shadows on the shadow material due to the material's incandescence illumination.
vrdIncandescence	setColor(color)	method	v2		Sets the incandescence color.
vrdIncandescence	setColorSpectrum(value)	method	v2		Sets the incandescence color spectrum.
vrdIncandescence	setDirectRaylightEvaluation(s)	method	v2		Enables evaluation of ray lights on the surface. This is used to be able to look into a ray file light and to make it visible in reflections and refractions. Th
vrdIncandescence	setGroundShadowIntensity(intensity)	method	v2		Sets the shadow intensity of the geometry light on the shadow material.
vrdIncandescence	setIlluminateShadowMaterial(s)	method	v2		Allows the incandescence light to illuminate shadow materials. See vrdShadowMaterial.setReflectionMode(mode).
vrdIncandescence	setImportanceMultiplier(multiplier)	method	v2		A value higher than 1 increases the probability that a geometric light source emits photons when using photon mapping.
vrdIncandescence	setIntensity(intensity)	method	v2		Sets the incandescence intensity.
vrdIncandescence	setInteractiveAreaLightQuality(quality)	method	v2		Sets the light sampling quality during interactive rendering.
vrdIncandescence	setLightUnit(unit)	method	v2		Sets the unit used for this light source. At the moment only candela per squaremeter is supported.
vrdIncandescence	setShadowIntensity(intensity)	method	v2		Sets the intensity of shadows cast by the geometry light on BRDF-based materials.
vrdIncandescence	setUseAsLightSource(s)	method	v2		Enable to use objects with this material as a light source for other materials in the scene while raytracing.
vrdLensFlareEffect	createLensFlareElement(name, type)	method	v2	vrdLensFlareElement	returns  
vrdLensFlareEffect	getAngularIntensity()	method	v2	float	Returns the angular intensity.
vrdLensFlareEffect	getColor()	method	v2	QVector3D	Returns the lens flare color.
vrdLensFlareEffect	getIntensity()	method	v2	float	Returns the brightness of all lens flares.
vrdLensFlareEffect	getIsActive()	method	v2	bool	Returns if the lens flare effect is enabled.
vrdLensFlareEffect	getLensFlareElements()	method	v2	List[vrdLensFlareElement]	returns  
vrdLensFlareEffect	getPresetType()	method	v2	vrLensFlareTypes.PresetType	returns  
vrdLensFlareEffect	getRadius()	method	v2	float	Returns the radius.
vrdLensFlareEffect	getSize()	method	v2	float	Returns the size of all lens flares.
vrdLensFlareEffect	getUseLightProperties()	method	v2	bool	Returns if the intensity of the light is used.
vrdLensFlareEffect	removeElements(elements)	method	v2		
vrdLensFlareEffect	setAngularIntensity(angularIntensity)	method	v2		Changes the brightness of the flare, as the angle changes. As the light source is rotated toward the viewer, becoming perpendicular to the view, its intensity i
vrdLensFlareEffect	setColor(color)	method	v2		Sets the color of all lens flares. The color is multiplied with any element color already assigned. Note: If Use Light Properties is enabled, the color set here
vrdLensFlareEffect	setIntensity(intensity)	method	v2		Changes the brightness of all lens flares.
vrdLensFlareEffect	setIsActive(active)	method	v2		Enables or disables the lens flare effect.
vrdLensFlareEffect	setPresetType(type)	method	v2		
vrdLensFlareEffect	setRadius(radius)	method	v2		Changes how dispersed the flare is for all lens flares. The radius represents the virtual size of the light sources, since the lights do not have geometry. A la
vrdLensFlareEffect	setSize(size)	method	v2		Changes the size of all lens flares.
vrdLensFlareEffect	setUseLightProperties(use)	method	v2		Use the intensity of the light settings instead of the local setting. This only affects the color. When disabled, the local color is used.
vrdLensFlareElement	getIsActive()	method	v2	bool	Returns activation state of the lens flare element.
vrdLensFlareElement	getName()	method	v2	string	Returns name of this lens flare element.
vrdLensFlareElement	setIsActive(active)	method	v2		Each lens flare element can be inactive for a while. The element will be hidden if is inactive. This method set the activation state of a lens flare element.
vrdLensFlareElement	setName(name)	method	v2		Each lens flare has a name. The name must not be unique. This method set the name.
vrdLensFlareFxElement	getColor()	method	v2	QVector3D	Get the color of this effect.
vrdLensFlareFxElement	getFeather()	method	v2	float	Get the fade out value.
vrdLensFlareFxElement	getIntensity()	method	v2	float	Get current intensity.
vrdLensFlareFxElement	getRotation()	method	v2	float	Get current used rotation value.
vrdLensFlareFxElement	getSize()	method	v2	float	Get the current used effect size.
vrdLensFlareFxElement	setColor(tint)	method	v2		Use to change the color of the lens flare. If the light already has an assigned color, this color will be mixed with it.
vrdLensFlareFxElement	setFeather(blurring)	method	v2		Lets the effect fade towards the edge. Value of 0.0 deactivates the effect.
vrdLensFlareFxElement	setIntensity(intensity)	method	v2		Makes the effect more or less intense.
vrdLensFlareFxElement	setRotation(rotation)	method	v2		Rotate the effect on light ray axis.
vrdLensFlareFxElement	setSize(size)	method	v2		Set the effect size, must be positive.
vrdLensFlareGhost	getChromaticAberration()	method	v2	QVector3D	Get used chromatic aberration values as RGB.
vrdLensFlareGhost	getDistance()	method	v2	float	Get the lens flare effect distance from light source.
vrdLensFlareGhost	getEdgeIntensity()	method	v2	float	Get the edge color intensity of the Ghost Line element.
vrdLensFlareGhost	getEdgeThickness()	method	v2	float	Get thickness of the edges of the Ghost Line element.
vrdLensFlareGhost	getImage()	method	v2	vrdImage	Return the current used texture.
vrdLensFlareGhost	getIsChromaticAberrationActive()	method	v2	bool	Get activation state the usage of chromatic aberration.
vrdLensFlareGhost	getShape()	method	v2	vrLensFlareTypes.ElementShape	Give the current used shape for the ghost element.
vrdLensFlareGhost	setChromaticAberration(chromaticAberration)	method	v2		Use chromatic aberration with the lens flare element to distort the colors.
vrdLensFlareGhost	setDistance(distance)	method	v2		Lens flare effect distance from light source. Must be between -5 and 5. Use a negative value for a position in front of the light source.
vrdLensFlareGhost	setEdgeIntensity(edgeIntensity)	method	v2		Makes the edge color of the Ghost Line element more or less intense. Changing it to 0 will make the edge disappear.
vrdLensFlareGhost	setEdgeThickness(thickness)	method	v2		The thickness of the edges of the Ghost Line element. When Edge Intensity is high, it is much easier to see the difference.
vrdLensFlareGhost	setImage(image)	method	v2		Set an image for this ghost element. You have to change the type to Texture to use the image for the ghost.
vrdLensFlareGhost	setIsChromaticAberrationActive(isActive)	method	v2		Activate the usage of chromatic aberration.
vrdLensFlareGhost	setShape(shape)	method	v2		Set a shape for the ghost element.
vrdLensFlareGhostLine	createGhost(distance=0.0)	method	v2	vrdLensFlareGhost	A new ghost will be created for this line. The new ghost object has default properties. A 'ghost' property signal is emitted for the line object.
vrdLensFlareGhostLine	getGhosts()	method	v2	List[vrdLensFlareGhost]	Get a list of all ghost of this line.
vrdLensFlareGhostLine	removeGhosts(ghosts)	method	v2		Remove some ghosts of this line. It will be checked, if the given ghosts are in this line. A 'ghost' property signal is emitted for the line object. But this on
vrdLensFlareGlow	getImage()	method	v2	vrdImage	Return the current used texture.
vrdLensFlareGlow	getShape()	method	v2	vrLensFlareTypes.ElementShape	Get the current used shape.
vrdLensFlareGlow	setImage(image)	method	v2		Set an image for this element. You have to change the type to Texture to use the image for the glow effect.
vrdLensFlareGlow	setShape(shape)	method	v2		Set a shape for the glow element.
vrdLensFlareRing	getChromaticAberration()	method	v2	QVector3D	Get used chromatic aberration values as RGB.
vrdLensFlareRing	getIsChromaticAberrationActive()	method	v2	bool	Get activation state the usage of chromatic aberration.
vrdLensFlareRing	getNumberOfStreaks()	method	v2	integer	Get how many arms a Ring element has.
vrdLensFlareRing	getStreakThickness()	method	v2	float	Get the thickness of the segments.
vrdLensFlareRing	getThickness()	method	v2	float	Get the current used thickness of the effect.
vrdLensFlareRing	setChromaticAberration(chromaticAberration)	method	v2		Use chromatic aberration with the lens flare element to distort the colors.
vrdLensFlareRing	setIsChromaticAberrationActive(isActive)	method	v2		Activate the usage of chromatic aberration.
vrdLensFlareRing	setNumberOfStreaks(numberOfStreaks)	method	v2		Use to set how many arms a Ring element has.
vrdLensFlareRing	setStreakThickness(streakThickness)	method	v2		Controls the thickness of the segments.
vrdLensFlareRing	setThickness(thickness)	method	v2		Controls the thickness of the effect.
vrdLensFlareStar	getImage()	method	v2	vrdImage	Return the current used texture.
vrdLensFlareStar	getNumberOfBursts()	method	v2	integer	Get how many arms a Starburst element has.
vrdLensFlareStar	getShape()	method	v2	vrLensFlareTypes.StarShape	Get the current used shape.
vrdLensFlareStar	getThickness()	method	v2	float	Get the current used thickness of the effect.
vrdLensFlareStar	setImage(image)	method	v2		Set an image for this element. You has to change the type to Texture to use the image for the star effect.
vrdLensFlareStar	setNumberOfBursts(numberOfBursts)	method	v2		Use to set how many arms a Starburst element has.
vrdLensFlareStar	setShape(shape)	method	v2		Change current shape to a fan, spike, blade or texture.
vrdLensFlareStar	setThickness(thickness)	method	v2		Controls the thickness of the effect.
vrdLensFlareStreak	getOffset()	method	v2	QVector2D	Get offset the streak effect from the center of the light source.
vrdLensFlareStreak	getThickness()	method	v2	float	Get the current used thickness of the effect.
vrdLensFlareStreak	setOffset(offset)	method	v2		Use to offset the streak effect from the center of the light source. Negative values will move the streak to the left and below the light. Positive will move it
vrdLensFlareStreak	setThickness(thickness)	method	v2		Controls the thickness of the effect.
vrdLightLinkSetNode	addNode(node)	method	v2		Add a node to the light link set.
vrdLightLinkSetNode	addNodes(nodes)	method	v2		Adds a list of nodes to the light link set.
vrdLightLinkSetNode	clearLightNodes()	method	v2		Removes all lights from the light link set.
vrdLightLinkSetNode	clearSceneNodes()	method	v2		Removes all scene nodes from the light link set.
vrdLightLinkSetNode	getLightNodes()	method	v2	List[vrdNode]	Returns a list with the lights contained in the light link set.
vrdLightLinkSetNode	getSceneNodes()	method	v2	List[vrdNode]	Returns a list with the scene nodes from the light link set.
vrdLightLinkSetNode	removeNode(node)	method	v2		Removes a node from the light link set.
vrdLightLinkSetNode	removeNodes(nodes)	method	v2		Removes a list of nodes from the light link set.
vrdLightPortalMaterial	getVisibility()	method	v2	float	Gets the opacity of the material.
vrdLightPortalMaterial	setVisibility(v)	method	v2		Sets the opacity of the material. Usually a visibility of 0 is recommended.
vrdLightProfile	getAbsolutePath()	method	v2	string	Returns where the light profile is located.
vrdLightProfile	getBallastFactor()	method	v2	float	Returns the ballast factor.
vrdLightProfile	getBallastLampPhotometricFactor()	method	v2	float	Returns the ballast lamp photometric factor.
vrdLightProfile	getCandelaMultiplier()	method	v2	float	Returns the candela multiplier.
vrdLightProfile	getInputWatts()	method	v2	float	Returns the input watts.
vrdLightProfile	getLumensPerLamp()	method	v2	float	Returns the lumens per lamp.
vrdLightProfile	getNumHorizontalAngles()	method	v2	integer	Returns the number of horizontal angles.
vrdLightProfile	getNumLuminaires()	method	v2	integer	Returns the number of luminaires.
vrdLightProfile	getNumVerticalAngles()	method	v2	integer	Returns the number of vertical angles.
vrdLightProfile	getPhotometricType()	method	v2	integer	Returns the photometric type.
vrdLightProfile	getSize()	method	v2	QVector3D	Returns the size.
vrdLightProfile	getUnitsType()	method	v2	integer	Returns the units type.
vrdLightProfile	getUseLightProfile()	method	v2	bool	Returns true if the light profile is used.
vrdLightProfile	load(filename)	method	v2		
vrdLightProfile	setLightProfileShape()	method	v2		Uses the shape information from the .ies file for the selected light.
vrdLightProfile	setUseLightProfile(use)	method	v2		Enables a light profile from an imported file to be used.
vrdLightTexture	getAnisotropy()	method	v2	float	Returns the anisotropy value of the texture.
vrdLightTexture	getConnectRepeatModes()	method	v2	bool	Returns whether the repeat modes for U and V are connected.
vrdLightTexture	getFrameOffset()	method	v2	integer	Returns the offset to the image number when using an image sequence.
vrdLightTexture	getImage()	method	v2	vrdImage	Returns the image that is used as a texture.
vrdLightTexture	getInlineImageSequence()	method	v2	bool	Returns if the image sequence is inlined into the vpb file.
vrdLightTexture	getOffset()	method	v2	QVector2D	Returns the offset for the UVs.
vrdLightTexture	getRepeat()	method	v2	QVector2D	Returns the number of repetitions for the UVs.
vrdLightTexture	getRepeatModeU()	method	v2	vrTextureTypes.RepeatMode	Returns the repeat mode of the texture.
vrdLightTexture	getRepeatModeV()	method	v2	vrTextureTypes.RepeatMode	Returns the repeat mode of the texture.
vrdLightTexture	getRotate()	method	v2	float	Returns the texture rotation.
vrdLightTexture	getUseImageSequence()	method	v2	bool	Returns if image sequences is used.
vrdLightTexture	getUseTexture()	method	v2	bool	Returns whether the light texture is enabled.
vrdLightTexture	setAnisotropy(anisotropy)	method	v2		Sets the anisotropy value of the texture.
vrdLightTexture	setConnectRepeatModes(connected)	method	v2		Connects the repeat modes for U and V.
vrdLightTexture	setFrameOffset(offset)	method	v2		Sets an offset to the image number when using an image sequence.
vrdLightTexture	setImage(img)	method	v2		Sets the image that should be used as a texture.
vrdLightTexture	setInlineImageSequence(use)	method	v2		Inlines the image sequence into the vpb file.
vrdLightTexture	setOffset(offset)	method	v2		Sets the offset for the UVs.
vrdLightTexture	setRepeat(repeat)	method	v2		Sets the number of repetitions for the UVs.
vrdLightTexture	setRepeatModeU(mode)	method	v2		Sets the repeat mode of the texture.
vrdLightTexture	setRepeatModeV(mode)	method	v2		Sets the repeat mode of the texture.
vrdLightTexture	setRotate(rotate)	method	v2		Rotate the texture.
vrdLightTexture	setUseImageSequence(use)	method	v2		Use an image sequence.
vrdLightTexture	setUseTexture(s)	method	v2		Enables / disables the usage of the texture.
vrdLightTransform	applyToCamera(cameraNode)	method	v2		Set the camera to the world transformation of the light.
vrdLightTransform	setFromCamera(cameraNode)	method	v2		Set the light to the world transformation of the camera.
vrdLightTransform	setFromNodes(nodes)	method	v2		Set the light to the bounding box center of a set of nodes.
vrdLightmap	deleteTexture()	method	v2		Deletes the texture image.
vrdLightmap	getIlluminationBakeSettings()	method	v2	vrdIlluminationBakeSettings	returns The stored illumination settings which were used to bake the lightmap.
vrdLightmap	getIlluminationPreview()	method	v2	QImage	returns A preview image of the baked illumination.
vrdLightmap	getName()	method	v2	string	returns The lightmap name.
vrdLightmap	getShadowPreview()	method	v2	QImage	returns A preview image of the baked ambient occlusion or shadows.
vrdLightmap	getSize()	method	v2	QSize	returns The size of the texture image in pixels.
vrdLightmap	getTexture()	method	v2	vrdImage	The image contains the data which is used for rendering.
vrdLightmap	getTextureBakeSettings()	method	v2	vrdTextureBakeSettings	returns The stored texture settings which were used to bake the lightmap.
vrdLightmap	getUseExternalReference()	method	v2	bool	returns True if the lightmap texture should be externally referenced, False otherwise.
vrdLightmap	setName(name)	method	v2		Sets the name of the lightmap.
vrdLightmap	setTexture(image)	method	v2		Sets the texture image of the lightmap.
vrdLightmap	setUseExternalReference(value)	method	v2		Sets whether the lightmap texture should be externally referenced or not.
vrdLineChromeMaterial	getDisplacementTexture()	method	v2	vrdDisplacementTexture	Gets access to all properties of vrdDisplacementTexture.
vrdLineChromeMaterial	getLineWidth()	method	v2	float	Gets the thickness of the lines drawn.
vrdLineChromeMaterial	getReflectionColor()	method	v2	QVector3D	Get the currently used chrome reflection color.
vrdLineChromeMaterial	getRoughness()	method	v2	float	returns The current value of roughness for this material.
vrdLineChromeMaterial	getUseRoughness()	method	v2	bool	Gets if glossy reflections controlled by roughness value are enabled for this material.
vrdLineChromeMaterial	setLineWidth(width)	method	v2		Sets the thickness of the lines drawn.
vrdLineChromeMaterial	setReflectionColor(color)	method	v2		Sets the chrome reflection color. When the chrome reflection is colored, reflected objects are also colored.
vrdLineChromeMaterial	setRoughness(roughness)	method	v2		Sets the roughness of the material. The higher the roughness value, the blurrier the reflection. Use Roughness must be enabled.
vrdLineChromeMaterial	setUseRoughness(use)	method	v2		Enable or disable the use glossy reflections controlled by roughness value for this material. When disabled, specular reflections are used.
vrdLineChunk	getSmooth()	method	v2	bool	Returns if line should be smoothed.
vrdLineChunk	getWidth()	method	v2	integer	Returns the width of the line in pixels.
vrdLineChunk	setSmooth(smooth)	method	v2		Sets if the line should be smoothed.
vrdLineChunk	setWidth(width)	method	v2		Sets the width of the line in pixels.
vrdLinearGradient	evaluateAt(position)	method	v2	QColor	Evaluates the gradient.
vrdLinearGradient	getImage(size, format=QImage.Format_RGB32, convertToSRgb=True)	method	v2	QImage	Generates an image of the gradient.
vrdLinearGradient	getLookupTable(tableSize, convertToSRgb)	method	v2	List[QColor]	Generates a lookup table.
vrdLinearGradient	getStops()	method	v2	List[vrdLinearGradientStop]	Gets the stops.
vrdLinearGradient	setStops(stops)	method	v2		Sets the stops.
vrdLinearGradientStop	getColor()	method	v2	QColor	Gets the color.
vrdLinearGradientStop	getMidColorPosition()	method	v2	qreal	Gets the position of the mid-color.
vrdLinearGradientStop	getPosition()	method	v2	qreal	Gets the position.
vrdLinearGradientStop	isPositionLess(other)	method	v2	bool	Compares the position to the position of another stop.
vrdLinearGradientStop	isPositionLess(otherPosition)	method	v2	bool	Compares the position to another position.
vrdLinearGradientStop	setColor(color)	method	v2		Sets the color.
vrdLinearGradientStop	setMidColorPosition(midColorPosition)	method	v2		Sets the position of the mid-color.
vrdLinearGradientStop	setPosition(position)	method	v2		Sets the position.
vrdLinearGradientStop	vrdLinearGradientStop()	method	v2		Default constructor.
vrdLinearGradientStop	vrdLinearGradientStop(color, position, midColorPosition)	method	v2		Constructor with parameters.
vrdLiveReferenceNode	getAutoUpdate()	method	v2	bool	Get the auto update flag.
vrdLiveReferenceNode	getLiveChangeTime()	method	v2	QDateTime	Get the time, when the status of the interop could have changed.
vrdLiveReferenceNode	getLiveFileState()	method	v2	vrReferenceTypes.FileState	returns The status of the live file
vrdLiveReferenceNode	getLiveFolder()	method	v2	string	Get the path that is used to connect alias and vred.
vrdLiveReferenceNode	getUseAssetMaterials()	method	v2	bool	Returns True, if this reference used asset materials on create or update.
vrdLiveReferenceNode	hasBlockingOverlay()	method	v2	bool	returns  
vrdLiveReferenceNode	relinkLiveSource(fileName)	method	v2		Relink the source file of the live reference.
vrdLiveReferenceNode	setAutoUpdate(autoUpdate)	method	v2		Set the auto update flag.
vrdLiveReferenceNode	setUseAssetMaterials(useAssetMaterials)	method	v2		Change, if this reference should use asset materials.
vrdMDLMaterial.CompilationType	InstanceCompilation	data	v2		The material is compiled and optimized specifically for its current attribute values. Any MDL attribute change (e.g. color) triggers a recompile. Initial materi
vrdMDLMaterial.CompilationType	ClassCompilation	data	v2		The material is compiled with its attributes as runtime parameters. Changing MDL attributes (e.g. colors) does not trigger a recompile, making interactive editi
vrdMDLMaterial	getActiveAttributeGroups()	method	v2	List[vrdAttributeGroup]	Gets access to all vrdAttributeGroup objects.
vrdMDLMaterial	getActiveMaterialIndex()	method	v2	integer	Gets the index of the active material. For the first material it is zero.
vrdMDLMaterial	getActiveMaterialName()	method	v2	string	Gets the name of the active material.
vrdMDLMaterial	getActiveMaterialProperty(parameterId)	method	v2	QVariant	Query the value of a MDL property in the active material.
vrdMDLMaterial	getCompilationType()	method	v2	vrdMDLMaterial.CompilationType	Gets the material compilation type. See vrdMDLMaterial.CompilationType for more information.
vrdMDLMaterial	getMaterialCount()	method	v2	integer	Gets the number of all materials.
vrdMDLMaterial	getMaterialName(index)	method	v2	string	Gets the name of a material.
vrdMDLMaterial	getModulePath()	method	v2	string	Get the path of the underlying MDL module file.
vrdMDLMaterial	getProperties()	method	v2	vrdMDLProperties	Returns a list of all properties.
vrdMDLMaterial	getProperty(materialName, parameterId)	method	v2	QVariant	Query the value of a MDL property.
vrdMDLMaterial	getUseCutoutTransparency()	method	v2	bool	returns If cutout transparency is used.
vrdMDLMaterial	getUseScreenSpaceRefractions()	method	v2	bool	returns If screen space refractions are used.
vrdMDLMaterial	hasModuleData()	method	v2	bool	Check if a MDL module file was successfully loaded.
vrdMDLMaterial	isModuleValid()	method	v2	bool	Check if a MDL module file is valid.
vrdMDLMaterial	loadModule(path)	method	v2	bool	Load a MDL module to this material.
vrdMDLMaterial	loadModuleFromString(data, moduleName="data.mdl")	method	v2	bool	Load a MDL module from a string.
vrdMDLMaterial	resetMaterial()	method	v2		Resets a material to its default state.
vrdMDLMaterial	setActiveMaterialIndex(index)	method	v2		Gets the index of the active material.
vrdMDLMaterial	setActiveMaterialProperty(parameterId, value)	method	v2		Sets a MDL property for the active material.
vrdMDLMaterial	setCompilationType(compilationType)	method	v2		Sets the material compilation type. See vrdMDLMaterial.CompilationType for more information.
vrdMDLMaterial	setProperty(materialName, parameterId, value)	method	v2		Sets a MDL property.
vrdMDLMaterial	setUseCutoutTransparency(value)	method	v2		Enables cutout transparency for the material.
vrdMDLMaterial	setUseScreenSpaceRefractions(value)	method	v2		Enable or disable the use of screen space refractions (only supported in Vulkan rendering mode).
vrdMDLProperties	update(obj)	method	v2		Fill a QObject with dynamic properties. The dynamic properties of the object correspond to the Mdl attributes. All property IDs can be determined via the list o
vrdMarker	getConfidence()	method	v2	float	returns The current confidence value of the marker
vrdMarker	getName()	method	v2	string	returns The name of the marker
vrdMarker	getNode()	method	v2	vrdNode	returns The node that can be used to attach objects to the marker
vrdMarker	getSize()	method	v2	QVector3D	returns The physical marker size
vrdMarker	getTimestamp()	method	v2	QDateTime	returns The timestamp of the last marker update
vrdMarker	getType()	method	v2	vrXRealityTypes.MarkerTypes	returns The type of the marker
vrdMarker	isTracked()	method	v2	bool	returns True if the marker is tracked, false otherwise
vrdMaterial	compressTextures()	method	v2		Compresses all textures in this material.
vrdMaterial	duplicate(name="")	method	v2	vrdMaterial	Creates a duplicate of this material.
vrdMaterial	getIcon()	method	v2	QIcon	returns Material type icon
vrdMaterial	getLocked()	method	v2	bool	returns Returns True, if the material is locked
vrdMaterial	getName()	method	v2	string	Returns the name of the material.
vrdMaterial	getPreview()	method	v2	QImage	returns Preview image of this material
vrdMaterial	getPreviewScene()	method	v2	string	returns Returns The currently selected preview scene
vrdMaterial	getTextures()	method	v2	List[vrdTexture]	returns A list of all available texture objects in this material
vrdMaterial	isAsset()	method	v2	bool	returns True, if material is linked the asset manager
vrdMaterial	isComponent()	method	v2	bool	Some materials can only exist as a component of other materials.
vrdMaterial	isEditable()	method	v2	bool	returns True, if material is not locked and is not an unedited asset
vrdMaterial	isEditedAsset()	method	v2	bool	returns True, if this is an edited asset.
vrdMaterial	setInlineAllImageSequences(value)	method	v2	List[vrdImage]	Inlines (embeds) all image sequences of this material in the project file, or removes embedded image sequence data from project.
vrdMaterial	setLocked(locked)	method	v2		Locks this material.
vrdMaterial	setName(name)	method	v2		Sets the name of the material.
vrdMaterial	setPreviewScene(name)	method	v2		Selects the scene used for preview images.
vrdMaterialChunkList.ChunkType	Texture	data	v2		
vrdMaterialChunkList.ChunkType	CubeTexture	data	v2		
vrdMaterialChunkList.ChunkType	Depth	data	v2		
vrdMaterialChunkList.ChunkType	Blend	data	v2		
vrdMaterialChunkList.ChunkType	Polygon	data	v2		
vrdMaterialChunkList.ChunkType	Shader	data	v2		
vrdMaterialChunkList.ChunkType	Line	data	v2		
vrdMaterialChunkList	append(value)	method	v2		Appends the value to this list.
vrdMaterialChunkList	append(values)	method	v2		Appends the items of the value list to this list.
vrdMaterialChunkList	at(i)	method	v2	vrdMaterialChunk	Get the value at the given index.
vrdMaterialChunkList	canInsert(value)	method	v2	bool	Check, if the given entry can be inserted.
vrdMaterialChunkList	clear()	method	v2		Removes all items from the list.
vrdMaterialChunkList	contains(value)	method	v2	bool	Check if an element is already in the list.
vrdMaterialChunkList	count(value)	method	v2	integer	Count the occurences of a given vlaue.
vrdMaterialChunkList	create(type)	method	v2	vrdMaterialChunk	Creates a chunk of the given type.
vrdMaterialChunkList	data()	method	v2	List[vrdMaterialChunk]	Get all entries of this list.
vrdMaterialChunkList	index(value, from=0, to=-1)	method	v2	integer	Returns the index of the given value.
vrdMaterialChunkList	insert(i, value)	method	v2		Insert a value at a given position.
vrdMaterialChunkList	insert(i, values)	method	v2		Insert values at a given position.
vrdMaterialChunkList	move(from, to)	method	v2	bool	Moves a values inside the list.
vrdMaterialChunkList	remove(value)	method	v2	bool	Remove the first occurences of the given value.
vrdMaterialChunkList	removeAll(value)	method	v2	integer	Remove all occurences of the given value.
vrdMaterialChunkList	removeAt(i)	method	v2	bool	Remove a value from the list.
vrdMaterialChunkList	size()	method	v2	integer	returns Number of elements in this list.
vrdMaterialList	append(value)	method	v2		Appends the value to this list.
vrdMaterialList	append(values)	method	v2		Appends the items of the value list to this list.
vrdMaterialList	at(i)	method	v2	vrdMaterial	Get the value at the given index.
vrdMaterialList	canInsert(value)	method	v2	bool	Check, if the given entry can be inserted.
vrdMaterialList	clear()	method	v2		Removes all items from the list.
vrdMaterialList	contains(value)	method	v2	bool	Check, if an element is already in the list.
vrdMaterialList	count(value)	method	v2	integer	Count the occurences of a given vlaue.
vrdMaterialList	data()	method	v2	List[vrdMaterial]	Get all entries of this list.
vrdMaterialList	find(name)	method	v2	vrdMaterial	Returns first occurrence with given name.
vrdMaterialList	index(value, from=0, to=-1)	method	v2	integer	Returns the index of the given value.
vrdMaterialList	insert(i, value)	method	v2		Insert a value at a given position.
vrdMaterialList	insert(i, values)	method	v2		Insert values at a given position.
vrdMaterialList	move(from, to)	method	v2	bool	Moves a values inside the list.
vrdMaterialList	remove(value)	method	v2	bool	Remove the first occurences of the given value.
vrdMaterialList	removeAll(value)	method	v2	integer	Remove all occurences of the given value.
vrdMaterialList	removeAt(i)	method	v2	bool	Remove a value from the list.
vrdMaterialList	size()	method	v2	integer	returns Number of elements in this list.
vrdMaterialNode	getEnabled()	method	v2	bool	returns True, if material override is enabled for this node
vrdMaterialNode	getMaterial()	method	v2	vrdMaterial	Returns the material of the node.
vrdMaterialNode	setEnabled(value)	method	v2		Enables or disables material override for this node.
vrdMaterialNode	setMaterial(material)	method	v2		Sets the material of the node.
vrdMaterialRaytracingSettings.IlluminationMode	Precomputed	data	v2		
vrdMaterialRaytracingSettings.IlluminationMode	PrecomputedAndReflections	data	v2		
vrdMaterialRaytracingSettings.IlluminationMode	PrecomputedAndShadows	data	v2		
vrdMaterialRaytracingSettings.IlluminationMode	PrecomputedAndIBL	data	v2		
vrdMaterialRaytracingSettings.IlluminationMode	FullGI	data	v2		
vrdMaterialRaytracingSettings	getIgnorePhotonMap()	method	v2	bool	returns True if path tracing is used on this material even when photon mapping is turned on
vrdMaterialRaytracingSettings	getInteractiveIblSamplingQuality()	method	v2	integer	returns Current IBL Sampling quality override for sampling the environment map for interactive rendering
vrdMaterialRaytracingSettings	getInteractiveIlluminationMode()	method	v2	vrdMaterialRaytracingSettings.IlluminationMode	returns Current override illumination mode for interactive rendering
vrdMaterialRaytracingSettings	getInteractiveReflectionSamplingQuality()	method	v2	integer	returns Current sampling quality override for reflections and refractions for interactive rendering
vrdMaterialRaytracingSettings	getInteractiveTraceDepth()	method	v2	integer	returns Current trace depth override during interactive rendering
vrdMaterialRaytracingSettings	getLineTubeRadius()	method	v2	float	Gets the radius of tubes that are used to render lines with raytracing or Vulkan renderer. It is given in object space.
vrdMaterialRaytracingSettings	getMaterialId()	method	v2	integer	Gets the ID of the material for Renderpasses rendering.
vrdMaterialRaytracingSettings	getOverrideIblSampling()	method	v2	bool	returns If IBL Sampling quality override is enabled for this material
vrdMaterialRaytracingSettings	getOverrideIllumination()	method	v2	bool	returns If illumination mode override is enabled for this material
vrdMaterialRaytracingSettings	getOverrideReflectionSampling()	method	v2	bool	returns If sampling quality override for reflections and refractions is enabled for this material
vrdMaterialRaytracingSettings	getOverrideTraceDepth()	method	v2	bool	returns If trace depth override is enabled for this material
vrdMaterialRaytracingSettings	getStillFrameIblSamplingQuality()	method	v2	integer	returns Current IBL Sampling quality override for sampling the environment map for still frame rendering
vrdMaterialRaytracingSettings	getStillFrameIlluminationMode()	method	v2	vrdMaterialRaytracingSettings.IlluminationMode	returns Current illumination mode override for for still frame rendering
vrdMaterialRaytracingSettings	getStillFrameReflectionSamplingQuality()	method	v2	integer	returns Current sampling quality override for reflections and refractions for still frame rendering
vrdMaterialRaytracingSettings	getStillFrameTraceDepth()	method	v2	integer	returns Current trace depth override during still-frame rendering
vrdMaterialRaytracingSettings	getUseLocalEnvironment()	method	v2	bool	returns If local environment (the environment assigned to the material, see vrdBRDFCommonSettings.getEnvironment()) is used for diffuse and glossy reflections
vrdMaterialRaytracingSettings	setIgnorePhotonMap(value)	method	v2		Uses path tracing on this material even when photon mapping is turned on.
vrdMaterialRaytracingSettings	setInteractiveIblSamplingQuality(value)	method	v2		Sets the IBL Sampling quality override for sampling the environment map for interactive rendering.
vrdMaterialRaytracingSettings	setInteractiveIlluminationMode(mode)	method	v2		Sets the override illumination mode for interactive rendering.
vrdMaterialRaytracingSettings	setInteractiveReflectionSamplingQuality(value)	method	v2		Sets the sampling quality override for reflections and refractions for interactive rendering.
vrdMaterialRaytracingSettings	setInteractiveTraceDepth(value)	method	v2		Sets the trace depth override during interactive rendering.
vrdMaterialRaytracingSettings	setLineTubeRadius(value)	method	v2		Sets the radius of tubes that are used to render lines with raytracing or Vulkan renderer. It is given in object space.
vrdMaterialRaytracingSettings	setMaterialId(value)	method	v2		Sets the ID of the material for Renderpasses rendering.
vrdMaterialRaytracingSettings	setOverrideIblSampling(value)	method	v2		Enables IBL Sampling quality override for this material in interactive and still frame rendering.
vrdMaterialRaytracingSettings	setOverrideIllumination(value)	method	v2		Enables illumination mode override for this material in interactive and still frame rendering.
vrdMaterialRaytracingSettings	setOverrideReflectionSampling(value)	method	v2		Enables sampling quality override for reflections and refractions for this material for interactive and still frame rendering.
vrdMaterialRaytracingSettings	setOverrideTraceDepth(value)	method	v2		Enables trace depth override for this material during interactive and still frame rendering.
vrdMaterialRaytracingSettings	setStillFrameIblSamplingQuality(value)	method	v2		Sets the override IBL Sampling quality for sampling the environment map for still frame rendering.
vrdMaterialRaytracingSettings	setStillFrameIlluminationMode(mode)	method	v2		Sets the override illumination mode for still frame rendering.
vrdMaterialRaytracingSettings	setStillFrameReflectionSamplingQuality(value)	method	v2		Sets the sampling quality override for reflections and refractions for still frame rendering.
vrdMaterialRaytracingSettings	setStillFrameTraceDepth(value)	method	v2		Sets the trace depth override during still-frame rendering.
vrdMaterialRaytracingSettings	setUseLocalEnvironment(value)	method	v2		Uses the local environment (the environment assigned to the material, see vrdBRDFCommonSettings.getEnvironment()) for diffuse and glossy reflections in raytraci
vrdMaterialXMaterial.CompilationType	InstanceCompilation	data	v2		The material is compiled and optimized specifically for its current attribute values. Any MaterialX attribute change (e.g. color) triggers a recompile. Initial 
vrdMaterialXMaterial.CompilationType	ClassCompilation	data	v2		The material is compiled with its attributes as runtime parameters. Changing MaterialX attributes (e.g. colors) does not trigger a recompile, making interactive
vrdMaterialXMaterial	getActiveAttributeGroups()	method	v2	List[vrdAttributeGroup]	Gets access to all vrdAttributeGroup objects.
vrdMaterialXMaterial	getActiveMaterialName()	method	v2	string	Gets the name of the active material.
vrdMaterialXMaterial	getActiveMaterialProperty(parameterId)	method	v2	QVariant	Query the value of a MaterialX property in the active material.
vrdMaterialXMaterial	getCompilationType()	method	v2	vrdMaterialXMaterial.CompilationType	Gets the material compilation type. See vrdMaterialXMaterial.CompilationType for more information.
vrdMaterialXMaterial	getMaterialIndex()	method	v2	integer	Gets the index of the material in the MaterialX Document. For the first material it is zero.
vrdMaterialXMaterial	getPath()	method	v2	string	Get the path of the underlying MaterialX Document.
vrdMaterialXMaterial	getProperties()	method	v2	vrdMaterialXProperties	Returns a list of all properties.
vrdMaterialXMaterial	getUseCutoutTransparency()	method	v2	bool	returns If cutout transparency is used.
vrdMaterialXMaterial	getUseScreenSpaceRefractions()	method	v2	bool	returns If screen space refractions are used.
vrdMaterialXMaterial	hasData()	method	v2	bool	Check if a MaterialX Document was successfully loaded.
vrdMaterialXMaterial	isDataValid()	method	v2	bool	Check if a MaterialX Document is valid.
vrdMaterialXMaterial	loadMaterial(path, index)	method	v2	bool	Load a MaterialX to this material.
vrdMaterialXMaterial	resetMaterial()	method	v2		Resets a material to its default state.
vrdMaterialXMaterial	setActiveMaterialProperty(parameterId, value)	method	v2		Sets a MaterialX property for the active material.
vrdMaterialXMaterial	setCompilationType(compilationType)	method	v2		Sets the material compilation type. See vrdMaterialXMaterial.CompilationType for more information.
vrdMaterialXMaterial	setUseCutoutTransparency(value)	method	v2		Enables cutout transparency for the material.
vrdMaterialXMaterial	setUseScreenSpaceRefractions(value)	method	v2		Enable or disable the use of screen space refractions (only supported in Vulkan rendering mode).
vrdMaterialXProperties	update(obj)	method	v2		Fill a QObject with dynamic properties. The dynamic properties of the object correspond to the MaterialX attributes. All property IDs can be determined via the 
vrdMatrixTransformNode	getTransform()	method	v2	QMatrix4x4	returns The local transformation matrix
vrdMatrixTransformNode	setTransform(matrix)	method	v2		Sets the transformation matrix in local space.
vrdMeasuredCarpaintMaterial	getColorCorrection()	method	v2	vrdColorCorrection	Gets access to all properties of vrdColorCorrection.
vrdMeasuredCarpaintMaterial	getExposure()	method	v2	float	Get the current value for exposure.
vrdMeasuredCarpaintMaterial	getIncandescence()	method	v2	vrdIncandescence	Gets access to all properties of vrdIncandescence.
vrdMeasuredCarpaintMaterial	getRefractionIndex()	method	v2	float	Sets the clearcoat reflective intensity. The higher the value, the more reflective the surface.
vrdMeasuredCarpaintMaterial	getTextureSettings()	method	v2	vrdTextureSettings	Gets access to all properties of vrdTextureSettings.
vrdMeasuredCarpaintMaterial	setExposure(exposure)	method	v2		Controls the representation intensity of the measured material. A threshold about 1.0 gives the optimal result.
vrdMeasuredCarpaintMaterial	setRefractionIndex(value)	method	v2		Sets the index of refraction for the material by showing the amount the rays are reflected off the surface versus absorbed.
vrdMeasuredMaterial	getColorCorrection()	method	v2	vrdColorCorrection	Gets access to all properties of vrdColorCorrection.
vrdMeasuredMaterial	getExposure()	method	v2	float	Get the current value for exposure.
vrdMeasuredMaterial	getIncandescence()	method	v2	vrdIncandescence	Gets access to all properties of vrdIncandescence.
vrdMeasuredMaterial	getTextureSettings()	method	v2	vrdTextureSettings	Gets access to all properties of vrdTextureProjectionSettings.
vrdMeasuredMaterial	setExposure(exposure)	method	v2		Controls the representation intensity of the measured material. A threshold about 1.0 gives the optimal result.
vrdMetadata	entryCount()	method	v2	integer	Gets the count of all assigned metadata entries.
vrdMetadata	getObjectSet()	method	v2	vrdMetadataSet	Gets the object set if an object set exists. If not, creates an object set.
vrdMetadata	getSets()	method	v2	List[vrdMetadataSet]	returns Gets a list of all metadata sets assigned to the referenced object. The object set is not part of this list.
vrdMetadata	getTags()	method	v2	List[string]	returns A list of names of all assigned metadata entries of type Tag (vrMetadataTypes.ValueType.Tag).
vrdMetadata	getValue(key)	method	v2	QVariant	Gets the value of a specific key. If the key does not exist, a null variant is returned. If the key exists multiple times, it is undefined which one is returned
vrdMetadata	hasKey(key)	method	v2	bool	returns True, if the object has an entry with the given key
vrdMetadata	hasObjectEntries()	method	v2	bool	returns True, if this object has an object set with entries.
vrdMetadata	hasSet(name)	method	v2	bool	returns True, if the object has a metadata set with the given name
vrdMetadata	hasType(type)	method	v2	bool	returns True, if the object has an entry with the value type
vrdMetadata	hasValue(value)	method	v2	bool	returns True, if the object has an entry with the given value
vrdMetadataEntry	getIcon()	method	v2	QIcon	Each metadata set has an icon. Method to query the icon from the set, which contains this entry.
vrdMetadataEntry	getKey()	method	v2	string	returns The current key.
vrdMetadataEntry	getSet()	method	v2	vrdMetadataSet	returns The set which contains this entry.
vrdMetadataEntry	getValue()	method	v2	QVariant	returns The current value.
vrdMetadataEntry	getValueAsColor()	method	v2	QColor	returns The current value as QColor if possible, otherwise returns QColor(). Can convert from list of integers (0..255) or floats (0..1).
vrdMetadataEntry	getValueAsMatrix(order=vrMetadataTypes.MatrixOrder.RowMajor)	method	v2	QMatrix4x4	returns The current value as QMatrix4x4 if possible, otherwise returns QMatrix4x4().
vrdMetadataEntry	getValueAsVector3D()	method	v2	QVector3D	returns The current value as QVector3D if possible, otherwise returns QVector3D().
vrdMetadataEntry	getValueType()	method	v2	vrMetadataTypes.ValueType	returns The current value type.
vrdMetadataEntry	isTag()	method	v2	bool	returns True, if this entry is a tag entry. In this case query the tag name with vrdMetadataEntry.getKey().
vrdMetadataEntry	setKey(key)	method	v2		Sets a new key.
vrdMetadataEntry	setTag(tag)	method	v2		Changes this entry to a tag entry with the given tag name. The key is set to the tag name, the value is set to string "VRED-Tag".
vrdMetadataEntry	setValue(value)	method	v2		Method sets a new value. The value may be of any value type.
vrdMetadataEntry	setValueFromColor(color)	method	v2		Changes the value to a list of 4 floats (RGBA values).
vrdMetadataEntry	setValueFromMatrix(matrix)	method	v2		Changes the value to a list of 16 floats. Row-major order is used.
vrdMetadataEntry	setValueFromVector3D(vector)	method	v2		Changes the value to a list of 3 floats.
vrdMetadataEntry	setValueType(valueType)	method	v2		Changes the value type of the entry and sets a default value of that type.
vrdMetadataEntryList	canInsert(entry)	method	v2	bool	Check, if the given entry can be inserted.
vrdMetadataEntryList	clear()	method	v2		Removes all entries.
vrdMetadataEntryList	contains(entry)	method	v2	bool	Check if an element is already in the list.
vrdMetadataEntryList	count(entry)	method	v2	integer	Count the occurrences of a given entry.
vrdMetadataEntryList	data()	method	v2	List[vrdMetadataEntry]	Get all entries of this list.
vrdMetadataEntryList	find(key)	method	v2	vrdMetadataEntry	Returns first occurrence with given key.
vrdMetadataEntryList	insert(entry)	method	v2	bool	Insert an entry. The entry is not inserted if an entry with the same key is already in this list.
vrdMetadataEntryList	insert(entries)	method	v2		Insert the given entries into the list. Entries are not inserted if their key is already in this list.
vrdMetadataEntryList	remove(entry)	method	v2	bool	Remove the given entry.
vrdMetadataEntryList	removeKey(key)	method	v2	bool	Remove the entry with the given key.
vrdMetadataEntryList	size()	method	v2	integer	returns Number of elements in this list.
vrdMetadataSet	createEntry(valueType)	method	v2	vrdMetadataEntry	Create a new entry and add this new entry to this set.
vrdMetadataSet	getColor()	method	v2	QColor	returns Color of this set.
vrdMetadataSet	getEntries()	method	v2	vrdMetadataEntryList	Gets all vrdMetadataEntry entries of this set.
vrdMetadataSet	getIcon()	method	v2	QIcon	returns The icon of this set. The icon will be set internally and can't be changed.
vrdMetadataSet	getName()	method	v2	string	returns The name of the set.
vrdMetadataSet	getObjects()	method	v2	List[vrdSceneObject]	returns All scene objects this set is assigned to.
vrdMetadataSet	getUniqueKey(key)	method	v2	string	Gets a unique key within the metadata set.
vrdMetadataSet	getValue(key)	method	v2	QVariant	Gets a value for an entry with a given key.
vrdMetadataSet	isAsset()	method	v2	bool	Gets the asset state of this set.
vrdMetadataSet	isAssigned()	method	v2	bool	returns True, if the set is assigned to at least one object.
vrdMetadataSet	isEditable()	method	v2	bool	Gets the edit state of this set.
vrdMetadataSet	isEditedAsset()	method	v2	bool	Gets the asset state of this set.
vrdMetadataSet	isLocked()	method	v2	bool	Gets lock state of the set.
vrdMetadataSet	isObjectSet()	method	v2	bool	returns True, if this set is an object set. See vrdMetadata.getObjectSet().
vrdMetadataSet	setColor(color)	method	v2		Each metadata set has a color.
vrdMetadataSet	setLocked(value)	method	v2		Lock or unlock a metadata set.
vrdMetadataSet	setName(name)	method	v2		Sets the name of the metadata set.
vrdMetadataSet	setValue(key, value)	method	v2		Sets a value for an entry with a given key. If no entry with the given key exists, a new entry with this key and with this value will be created.
vrdMetallicCarpaintMaterial.PaintType	Artistic	data	v2		
vrdMetallicCarpaintMaterial.PaintType	TwoCoat	data	v2		
vrdMetallicCarpaintMaterial.PaintType	ThreeCoat	data	v2		
vrdMetallicCarpaintMaterial	getBaseColor()	method	v2	QVector3D	Get the the basic color.
vrdMetallicCarpaintMaterial	getBaseColorSpectrum()	method	v2	vrSpectrum	Gets the spectrum of the base color.
vrdMetallicCarpaintMaterial	getClearcoat()	method	v2	vrdClearcoat	Gets access to all properties of vrdClearcoat.
vrdMetallicCarpaintMaterial	getDisplacementTexture()	method	v2	vrdDisplacementTexture	Gets access to all properties of vrdDisplacementTexture.
vrdMetallicCarpaintMaterial	getIncandescence()	method	v2	vrdIncandescence	Gets access to all properties of vrdIncandescence.
vrdMetallicCarpaintMaterial	getPaintType()	method	v2	vrdMetallicCarpaintMaterial.PaintType	Gets the used type of carpaint.
vrdMetallicCarpaintMaterial	getPrimaryFlakeLayer()	method	v2	vrdFlakeLayer	Gets access to all properties of first vrdFlakeLayer.
vrdMetallicCarpaintMaterial	getSecondaryFlakeLayer()	method	v2	vrdFlakeLayer	Gets access to all properties of second vrdFlakeLayer.
vrdMetallicCarpaintMaterial	getThinFilm()	method	v2	vrdThinFilm	Gets access to all properties of vrdThinFilm.
vrdMetallicCarpaintMaterial	setBaseColor(color)	method	v2		Defines the basic color, which is the main characteristic of the material.
vrdMetallicCarpaintMaterial	setBaseColorSpectrum(value)	method	v2		Sets the spectrum of the base color.
vrdMetallicCarpaintMaterial	setPaintType(type)	method	v2		Sets the type of carpaint to simulate. Choose from three types. Artistic uses a simplified approach and consists of three layers (base, primary flake, clearcoat
vrdMultiMarker	getMarkers()	method	v2	List[vrdMarker]	returns The markers the multi marker consists of
vrdMultiMarker	getNode()	method	v2	vrdNode	returns The node that can be used to attach objects to the multi marker
vrdMultiMaterial	getMaterials()	method	v2	List[vrdMaterial]	Gets a list of all sub materials.
vrdMultiMaterial	setMaterials(materials)	method	v2		Sets a list of all sub materials.
vrdMultiMaterial	materials	attribute	v2		Access to the children of this material. All changes made to this list object will immediately be executed on the material.
vrdNPRSettings	getAlpha()	method	v2	float	Gets how much warm color is used.
vrdNPRSettings	getBeta()	method	v2	float	Gets how much cool color is used.
vrdNPRSettings	getCoolColor()	method	v2	QVector3D	Gets the shading color for the surface's area that have normals pointing away from light sources.
vrdNPRSettings	getGlossyColor()	method	v2	QVector3D	Gets the specular color.
vrdNPRSettings	getShininess()	method	v2	float	Gets the specular spread.
vrdNPRSettings	getWarmColor()	method	v2	QVector3D	Gets the shading color for the surface's area that have normals pointing to a light source.
vrdNPRSettings	setAlpha(value)	method	v2		Sets how much warm color is used.
vrdNPRSettings	setBeta(value)	method	v2		Sets how much cool color is used.
vrdNPRSettings	setCoolColor(value)	method	v2		Sets the shading color for the surface's area that have normals pointing away from light sources.
vrdNPRSettings	setGlossyColor(value)	method	v2		Sets the specular color.
vrdNPRSettings	setShininess(value)	method	v2		Sets the specular spread.
vrdNPRSettings	setWarmColor(value)	method	v2		Sets the shading color for the surface's area that have normals pointing to a light source.
vrdNode	applyMaterial(material)	method	v2		Sets the material for this node.
vrdNode	clearWorldSpaceTextureTransform()	method	v2		Clears the world space texture transform.
vrdNode	freezeWorldSpaceTextureTransform()	method	v2		Freezes the current world space transform to become the reference texture transform.
vrdNode	getBoundingBox()	method	v2	vrdBoundingBox	Returns the local bounding box of the node including its children. The transformation of this node is applied when calculating its bounding box. To get the boun
vrdNode	getChild(index)	method	v2	vrdNode	Gets a child node by index.
vrdNode	getChildCount()	method	v2	integer	Get the number of child nodes.
vrdNode	getChildIndex(child)	method	v2	integer	Get the index of the child node in the list of children.
vrdNode	getChildren()	method	v2	List[vrdNode]	Returns a list of all child nodes.
vrdNode	getChildrenRecursive(includeSelf=True, includeComponents=True)	method	v2	List[vrdNode]	Returns a list of all child nodes recursively (including children of children).
vrdNode	getIcon()	method	v2	QIcon	Gets the icon of the node.
vrdNode	getMaterial()	method	v2	vrdMaterial	Gets the material for this node.
vrdNode	getName()	method	v2	string	Returns the name of the node.
vrdNode	getOrCreateTransformNode()	method	v2	vrdNode	Get a transformation node for this node. Create one if necessary.
vrdNode	getParent()	method	v2	vrdNode	Returns the parent node.
vrdNode	getPath()	method	v2	string	Returns the path of the node.
vrdNode	getSelectableFlag()	method	v2	bool	returns Gets the local selectable flag. True, node is selectable in the render window
vrdNode	getSharedNodes()	method	v2	List[vrdNode]	Returns the nodes in the scene graph that share this node. The list does not include the node the method is called for. For cameras vrdCameraNode.getModuleNode(
vrdNode	getSynchronizedNodes()	method	v2	List[vrdNode]	Returns scene nodes that are synchronized with this node.
vrdNode	getUniquePath()	method	v2	string	Returns the unique path of the node.
vrdNode	getVisibilityFlag()	method	v2	bool	Returns the local visibility flag.
vrdNode	getWorldBoundingBox()	method	v2	vrdBoundingBox	Returns the world bounding box of the node including its children.
vrdNode	getWorldTransform()	method	v2	QMatrix4x4	Gets the world transformation matrix of this node.
vrdNode	hasAnimation()	method	v2	bool	returns  
vrdNode	hasParent(parent)	method	v2	bool	Traverses up the tree from this node to root to find given parent node. To check only direct parent, use vrdNode.getParent() == parent instead.
vrdNode	isGroup()	method	v2	bool	Returns whether the node is a group node.
vrdNode	isImplicitShared()	method	v2	bool	An implicit shared node is only shared because it is part of a shared graph. In the scenegraph view it is dotted underlined. A node that is shared but not impli
vrdNode	isShared()	method	v2	bool	Returns true, if this node has shared instances in the scene. Shared instances are also called clones or cloned nodes. Shared nodes have the same properties, e.
vrdNode	isSharedWith(node)	method	v2	bool	Returns if the given node is a shared instance of this node.
vrdNode	isSynchronized()	method	v2	bool	Returns true, if this node shares its children with other nodes. See vrdNode.getSynchronizedNodes().
vrdNode	isSynchronizedWith(node)	method	v2	bool	Returns if this node shares its children with the given node. See vrdNode.getSynchronizedNodes().
vrdNode	isVisible()	method	v2	bool	Returns if the node is visible.
vrdNode	setName(name)	method	v2		Sets the name of the node.
vrdNode	setSelectableFlag(selectable)	method	v2		Sets the local selectable flag.
vrdNode	setVisibilityFlag(visible)	method	v2		Sets the local visibility flag.
vrdNode	children	attribute	v2		Access to the children of this node. All changes made to this list object will immediately be executed on the node.
vrdNodeInfo	getBoundingBox()	method	v2	vrdBoundingBox	returns The combined world bounding box of the input nodes
vrdNodeInfo	getLines()	method	v2	integer	returns  
vrdNodeInfo	getName()	method	v2	string	returns  
vrdNodeInfo	getNodes()	method	v2	integer	returns  
vrdNodeInfo	getPoints()	method	v2	integer	returns  
vrdNodeInfo	getSmartReferences()	method	v2	integer	returns  
vrdNodeInfo	getSourceReferences()	method	v2	integer	returns  
vrdNodeInfo	getSurfaces()	method	v2	integer	returns  
vrdNodeInfo	getTextureMemory()	method	v2	integer	returns  
vrdNodeInfo	getTriangles()	method	v2	integer	returns  
vrdNodeInfo	getVertices()	method	v2	integer	returns  
vrdNodeInfo	setBoundingBox(value)	method	v2		
vrdNodeInfo	setLines(value)	method	v2		
vrdNodeInfo	setName(name)	method	v2		
vrdNodeInfo	setNodes(value)	method	v2		
vrdNodeInfo	setPoints(value)	method	v2		
vrdNodeInfo	setSmartReferences(value)	method	v2		
vrdNodeInfo	setSourceReferences(value)	method	v2		
vrdNodeInfo	setSurfaces(value)	method	v2		
vrdNodeInfo	setTextureMemory(value)	method	v2		
vrdNodeInfo	setTriangles(value)	method	v2		
vrdNodeInfo	setVertices(value)	method	v2		
vrdNodeInfo	vrdNodeInfo()	method	v2		
vrdNodeList	append(value)	method	v2		Appends the value to this list.
vrdNodeList	append(values)	method	v2		Appends the items of the value list to this list.
vrdNodeList	at(i)	method	v2	vrdNode	Get the value at the given index.
vrdNodeList	canInsert(value)	method	v2	bool	Check, if the given entry can be inserted.
vrdNodeList	clear()	method	v2		Removes all items from the list.
vrdNodeList	contains(value)	method	v2	bool	Check, if an element is already in the list.
vrdNodeList	count(value)	method	v2	integer	Count the occurences of a given vlaue.
vrdNodeList	data()	method	v2	List[vrdNode]	Get all entries of this list.
vrdNodeList	find(name)	method	v2	vrdNode	Returns first occurrence with given name.
vrdNodeList	index(value, start=0, end=-1)	method	v2	integer	Returns the index of the given value.
vrdNodeList	insert(i, value)	method	v2		Insert a value at a given position.
vrdNodeList	insert(i, values)	method	v2		Insert values at a given position.
vrdNodeList	move(from, to)	method	v2	bool	Moves a values inside the list.
vrdNodeList	remove(value)	method	v2	bool	Remove the first occurences of the given value.
vrdNodeList	removeAll(value)	method	v2	integer	Remove all occurences of the given value.
vrdNodeList	removeAt(i)	method	v2	bool	Remove a value from the list.
vrdNodeList	size()	method	v2	integer	returns Number of elements in this list.
vrdOCSMaterial	getAutomaticReload()	method	v2	bool	Get the state of automatic reload approach.
vrdOCSMaterial	getClearcoat()	method	v2	vrdClearcoat	Gets access to all properties of vrdClearcoat.
vrdOCSMaterial	getExposure()	method	v2	float	Get the current value for exposure.
vrdOCSMaterial	getIncandescence()	method	v2	vrdIncandescence	Gets access to all properties of vrdIncandescence.
vrdOCSMaterial	getOCSBRDFFilename()	method	v2	string	Gets the BRDF file used.
vrdOCSMaterial	setAutomaticReload(value)	method	v2		If enabled, VRED checks whether CI-Navigator has updated the currently loaded BRDF file. This is the case when the BRDF export from CI-Navigator overwrites the 
vrdOCSMaterial	setExposure(exposure)	method	v2		Controls the intensity of the material colors. The default value 1.0 keeps colors unchanged.
vrdOCSMaterial	setOCSBRDFFilename(filename)	method	v2		Loads a BRDF file with file type pbrdf.
vrdObject	asType(type)	method	v2	vrdObject	Tries to convert a vrdObject to a different type.
vrdObject	getObjectId()	method	v2	integer	Returns the internal object id.
vrdObject	isNull()	method	v2	bool	Determines if the object is null.
vrdObject	isType(type)	method	v2	bool	Determines whether the specified object is of a specific type.
vrdOpenGLInfo	getAvailableVideoMemorySize()	method	v2	integer	Returns the available video memory size in Kb.
vrdOpenGLInfo	getDriverVersion()	method	v2	List[integer]	Returns the version number of the active OpenGL driver.
vrdOpenGLInfo	getExtensions()	method	v2	List[string]	Returns a list of available OpenGL extensions.
vrdOpenGLInfo	getGLSLVersion()	method	v2	integer	Gets the GLSL version.
vrdOpenGLInfo	getMax3DTextureSize()	method	v2	integer	Gets the maximum number of 3D texture size.
vrdOpenGLInfo	getMaxArrayTextureLayers()	method	v2	integer	Gets the maximum number of texture array layers.
vrdOpenGLInfo	getMaxCubeMapTextureSize()	method	v2	integer	Gets the maximum number of texture cube map size.
vrdOpenGLInfo	getMaxTextureImageUnits()	method	v2	integer	Gets the maximum number of texture image units.
vrdOpenGLInfo	getMaxTextureSize()	method	v2	integer	Returns the maximum allowed texture size.
vrdOpenGLInfo	getMaxTextureUnits()	method	v2	integer	Gets the maximum number of texture units.
vrdOpenGLInfo	getNumMulticastGPUs()	method	v2	integer	Gets the number of available multicast GPUs.
vrdOpenGLInfo	getOpenGLRenderer()	method	v2	string	Returns the name of the active OpenGL renderer.
vrdOpenGLInfo	getOpenGLVendor()	method	v2	string	Returns the vendor name of the OpenGL renderer.
vrdOpenGLInfo	getTextureMaxAnisotropy()	method	v2	float	Returns the maximum level of anisotrophic filtering.
vrdOpenGLInfo	getVersion()	method	v2	float	Returns the OpenGL version.
vrdOpenGLInfo	getVideoMemorySize()	method	v2	integer	Returns the maximum video size of the graphics hardware in Kb.
vrdOpenGLInfo	hasExtension(extension)	method	v2	bool	Check if the current renderer supports an OpenGL extension.
vrdOpenGLInfo	hasFeature(feature)	method	v2	bool	Query specific OpenGL features.
vrdOpenGLInfo	hasShadingRateImageSupport()	method	v2	bool	Returns if the OpenGL shading rate extension is supported.
vrdOpenGLInfo	isVendor(vendor)	method	v2	bool	Query the vendor of the GPU.
vrdOpenVDBMaterial	getChannelNames()	method	v2	List[string]	Gets a list of available channels in the VDB.
vrdOpenVDBMaterial	getEmissionChannelIndex()	method	v2	integer	Gets the index of the emission channel.
vrdOpenVDBMaterial	getEmissionGradient()	method	v2	vrdLinearGradient	Gets the vrdLinearGradient object for controlling the emission color as a function of VDB grid value.
vrdOpenVDBMaterial	getEnableTraversalOptimization()	method	v2	bool	Gets whether the traversal optimization is enabled.
vrdOpenVDBMaterial	getEnableTrilinearSampling()	method	v2	bool	Gets whether trilinear sampling is enabled.
vrdOpenVDBMaterial	getFrameOffset()	method	v2	integer	Gets the frame offset of the VDB sequence.
vrdOpenVDBMaterial	getInlineSequence()	method	v2	bool	Gets whether the VDB sequence is inlined into the project file.
vrdOpenVDBMaterial	getScatterAndAbsorptionChannelIndex()	method	v2	integer	Gets the index of the scatter and absorption channel.
vrdOpenVDBMaterial	getSigmaE()	method	v2	float	Gets the emission coefficient, which is the average number of emission particle interactions per meter.
vrdOpenVDBMaterial	getUseSequence()	method	v2	bool	Gets whether the VDB has sequencing enabled to use of a series of VDB frames for animations, which can be controlled using the frame control and animated using 
vrdOpenVDBMaterial	getVdbFilename()	method	v2	string	Gets the currently loaded VDB filename.
vrdOpenVDBMaterial	getVdbNumber()	method	v2	integer	Gets the current frame number of the VDB sequence.
vrdOpenVDBMaterial	setEmissionChannelIndex(index)	method	v2		Sets the index of the emission channel.
vrdOpenVDBMaterial	setEmissionGradient(gradient)	method	v2		Sets the vrdLinearGradient object for controlling the emission color as a function of VDB grid value.
vrdOpenVDBMaterial	setEnableTraversalOptimization(enable)	method	v2		Sets whether the traversal optimization is enabled.
vrdOpenVDBMaterial	setEnableTrilinearSampling(enable)	method	v2		Sets whether trilinear sampling is enabled.
vrdOpenVDBMaterial	setFrameOffset(offset)	method	v2		Sets the frame offset of the VDB sequence.
vrdOpenVDBMaterial	setInlineSequence(value)	method	v2		Sets whether the VDB sequence is inlined into the project file.
vrdOpenVDBMaterial	setScatterAndAbsorptionChannelIndex(index)	method	v2		Sets the index of the scatter and absorption channel.
vrdOpenVDBMaterial	setSigmaE(sigmaE)	method	v2		Sets the emission coefficient, which is the average number of emission particle interactions per meter.
vrdOpenVDBMaterial	setUseSequence(value)	method	v2		Sets whether the VDB has sequencing enabled to use of a series of VDB frames for animations, which can be controlled using the frame control and animated using 
vrdOpenVDBMaterial	setVdbFilename(filename)	method	v2		Sets the VDB filename to be loaded.
vrdOpenVDBMaterial	setVdbNumber(vdbNumber)	method	v2		sets the current frame number of the VDB sequence
vrdOrientationConstraintObject	getEulerRotationOffset()	method	v2	QVector3D	Returns the euler rotation offset applied to the constraint result. Only applied when maintain offset is disabled.
vrdOrientationConstraintObject	getMaintainOffset()	method	v2	bool	Returns whether the current offset is maintained.
vrdOrientationConstraintObject	getScalingFactor()	method	v2	QVector3D	Returns the scaling factors applied to the constraint computation.
vrdOrientationConstraintObject	getUseWorldSpaceConstrainedSystem()	method	v2	bool	Returns whether world space coordinate system is used for constrained nodes.
vrdOrientationConstraintObject	getUseWorldSpaceTargetSystem()	method	v2	bool	Returns whether world space coordinate system is used for target nodes.
vrdOrientationConstraintObject	setEulerRotationOffset(eulerRotation)	method	v2		Sets additional euler rotation offset applied to the constraint result. Only applied when maintain offset is disabled.
vrdOrientationConstraintObject	setMaintainOffset(maintain)	method	v2		Sets whether to maintain the current offset when applying the constraint.
vrdOrientationConstraintObject	setScalingFactor(scalingFactor)	method	v2		Sets scaling factors applied to the constraint computation.
vrdOrientationConstraintObject	setUseWorldSpaceConstrainedSystem(use)	method	v2		Sets whether to use world space coordinate system for constrained nodes.
vrdOrientationConstraintObject	setUseWorldSpaceTargetSystem(use)	method	v2		Sets whether to use world space coordinate system for target nodes.
vrdParentConstraintNode	getMaintainOffset()	method	v2	bool	Returns if the constraint maintains the offset to its sources. Deprecated, this method is still here for backward compatibility, please use vrdParentConstraintO
vrdParentConstraintNode	setMaintainOffset(value)	method	v2		Sets if the constraint should maintain the offset to the sources when creating it. Deprecated, this method is still here for backward compatibility, please use 
vrdParentConstraintObject	getEulerRotationOffset()	method	v2	QVector3D	Returns the euler rotation offset applied to the constraint result. Only applied when maintain offset is disabled.
vrdParentConstraintObject	getMaintainOffset()	method	v2	bool	Returns whether the current offset is maintained.
vrdParentConstraintObject	getScalingOffset()	method	v2	QVector3D	Returns the scaling offset applied to the constraint result. Only applied when maintain offset is disabled.
vrdParentConstraintObject	getTranslationOffset()	method	v2	QVector3D	Returns the translation offset applied to the constraint result. Only applied when maintain offset is disabled.
vrdParentConstraintObject	getUseWorldSpaceConstrainedSystem()	method	v2	bool	Returns whether world space coordinate system is used for constrained nodes.
vrdParentConstraintObject	getUseWorldSpaceTargetSystem()	method	v2	bool	Returns whether world space coordinate system is used for target nodes.
vrdParentConstraintObject	setEulerRotationOffset(eulerRotation)	method	v2		Sets additional euler rotation offset applied to the constraint result. Only applied when maintain offset is disabled.
vrdParentConstraintObject	setMaintainOffset(maintain)	method	v2		Sets whether to maintain the current offset when applying the constraint.
vrdParentConstraintObject	setScalingOffset(scalingOffset)	method	v2		Sets scaling offset applied to the constraint result. Only applied when maintain offset is disabled.
vrdParentConstraintObject	setTranslationOffset(translation)	method	v2		Sets additional translation offset applied to the constraint result. Only applied when maintain offset is disabled.
vrdParentConstraintObject	setUseWorldSpaceConstrainedSystem(use)	method	v2		Sets whether to use world space coordinate system for constrained nodes.
vrdParentConstraintObject	setUseWorldSpaceTargetSystem(use)	method	v2		Sets whether to use world space coordinate system for target nodes.
vrdPerspectiveMatch	doRotateLeft()	method	v2		Rotates the camera clockwise around the pivot by the amount of degrees set with vrdPerspectiveMatch.setRotationStepSize(deg)
vrdPerspectiveMatch	doRotateRight()	method	v2		Rotates the camera counterclockwise around the pivot by the amount of degrees set with vrdPerspectiveMatch.setRotationStepSize(deg)
vrdPerspectiveMatch	getEnabled()	method	v2	bool	Returns if perspective matching tool is currently enabled.
vrdPerspectiveMatch	getMagnifyFactor()	method	v2	float	Returns the scale factor used for the magnifier.
vrdPerspectiveMatch	getPivot()	method	v2	QVector3D	Returns the pivot used for rotations with vrdPerspectiveMatch.doRotateLeft() and vrdPerspectiveMatch.doRotateRight()
vrdPerspectiveMatch	getRotationStepSize()	method	v2	float	Returns the rotation step size used by vrdPerspectiveMatch.doRotateLeft() and vrdPerspectiveMatch.doRotateRight()
vrdPerspectiveMatch	getVanishingLinesType()	method	v2	vrCameraTypes.VanishingLinesType	Returns the vanishing lines type.
vrdPerspectiveMatch	setDefaultLines()	method	v2		Resets the vanishing lines to default values.
vrdPerspectiveMatch	setEnabled(enabled)	method	v2		Enables or disables the perspective match tool.
vrdPerspectiveMatch	setMagnifyFactor(factor)	method	v2		Sets the magnify factor used for the magnifier shown at the manipulator handles. This does not have an effect on the calculation.
vrdPerspectiveMatch	setPivot(pivot)	method	v2		Sets the pivot used for rotations with vrdPerspectiveMatch.doRotateLeft() and vrdPerspectiveMatch.doRotateRight()
vrdPerspectiveMatch	setPivotFromNavigator()	method	v2		Applies the currently used navigation pivot as perspective match pivot.
vrdPerspectiveMatch	setRotationStepSize(deg)	method	v2		Sets the rotation step size used by vrdPerspectiveMatch.doRotateLeft() and vrdPerspectiveMatch.doRotateRight()
vrdPerspectiveMatch	setVanishingLinesType(type)	method	v2		Sets the vanishing lines type defining which vanishing lines should be used (and shown) for perspective matching.
vrdPhongMaterial	getBumpTexture()	method	v2	vrdBumpTexture	Gets access to all properties of vrdBumpTexture.
vrdPhongMaterial	getDiffuseBackscattering()	method	v2	float	gets the value of the roughness of the material's diffuse component.
vrdPhongMaterial	getDiffuseColor()	method	v2	QVector3D	returns Current diffuse reflection color
vrdPhongMaterial	getDiffuseColorSpectrum()	method	v2	vrSpectrum	Gets the diffuse color spectrum.
vrdPhongMaterial	getDiffuseTexture()	method	v2	vrdTexture	Gets access to all properties of the diffuse texture.
vrdPhongMaterial	getDisplacementTexture()	method	v2	vrdDisplacementTexture	Gets access to all properties of vrdDisplacementTexture.
vrdPhongMaterial	getGlossyColor()	method	v2	QVector3D	returns Current glossy reflection color
vrdPhongMaterial	getGlossyColorSpectrum()	method	v2	vrSpectrum	returns The material's color spectrum for glossy reflections
vrdPhongMaterial	getGlossyTexture()	method	v2	vrdTexture	Gets access to all properties of the glossy texture.
vrdPhongMaterial	getIncandescence()	method	v2	vrdIncandescence	Gets access to all properties of vrdIncandescence.
vrdPhongMaterial	getRoughness()	method	v2	float	returns The current value of roughness for this material.
vrdPhongMaterial	getRoughnessTexture()	method	v2	vrdRoughnessTexture	Gets access to all properties of vrdRoughnessTexture.
vrdPhongMaterial	getSubsurfaceScattering()	method	v2	vrdSubsurfaceScattering	Gets access to all properties of vrdSubsurfaceScattering.
vrdPhongMaterial	setDiffuseBackscattering(v)	method	v2		Defines the roughness of the material's diffuse component. A value of 0.0 means smooth (Lambertian surface). A value of 1.0 means rough (for example, concrete).
vrdPhongMaterial	setDiffuseColor(value)	method	v2		Sets the diffuse reflection color of the material.
vrdPhongMaterial	setDiffuseColorSpectrum(value)	method	v2		Sets the diffuse color spectrum.
vrdPhongMaterial	setGlossyColor(value)	method	v2		Sets the glossy reflection color of the material.
vrdPhongMaterial	setGlossyColorSpectrum(value)	method	v2		Sets the material's color spectrum for glossy reflections.
vrdPhongMaterial	setRoughness(roughness)	method	v2		Controls the sharpness of the glossy reflections. The higher the value, the rougher the microscopic structure on top of the surface and the more diffuse the ref
vrdPhysicsBoxColliderSettings	getScale()	method	v2	QVector3D	Get the current scale factor of the box collider.
vrdPhysicsBoxColliderSettings	setScale(scale)	method	v2		Set the scale factor for the box collider dimensions.
vrdPhysicsBoxConfig	getScale()	method	v2	QVector3D	Get the scale of the box.
vrdPhysicsBoxConfig	setScale(scale)	method	v2		Set the scale of the box.
vrdPhysicsBoxConfig	vrdPhysicsBoxConfig()	method	v2		
vrdPhysicsBoxConfig	vrdPhysicsBoxConfig(other)	method	v2		
vrdPhysicsBoxConfig	~vrdPhysicsBoxConfig()	method	v2		
vrdPhysicsCapsuleColliderSettings	getAxisTranslation()	method	v2	float	Get the axis translation for the capsule.
vrdPhysicsCapsuleColliderSettings	getCustomPrincipalAxis()	method	v2	QVector3D	Get the custom principal axis for the capsule.
vrdPhysicsCapsuleColliderSettings	getLengthScale()	method	v2	float	Get the length scaling factor for the capsule.
vrdPhysicsCapsuleColliderSettings	getRadiusScale()	method	v2	float	Get the radius scaling factor for the capsule.
vrdPhysicsCapsuleColliderSettings	setAxisTranslation(translation)	method	v2		Set the axis translation for the capsule.
vrdPhysicsCapsuleColliderSettings	setCustomPrincipalAxis(axis)	method	v2		Set the custom principal axis for the capsule.
vrdPhysicsCapsuleColliderSettings	setLengthScale(scale)	method	v2		Set the length scaling factor for the capsule.
vrdPhysicsCapsuleColliderSettings	setRadiusScale(scale)	method	v2		Set the radius scaling factor for the capsule.
vrdPhysicsCapsuleConfig	getAxisTranslation()	method	v2	float	Get the axis translation for the capsule.
vrdPhysicsCapsuleConfig	getCustomPrincipalAxis()	method	v2	QVector3D	Get the custom principal axis for the capsule.
vrdPhysicsCapsuleConfig	getLengthScale()	method	v2	float	Get the length scaling factor for the capsule.
vrdPhysicsCapsuleConfig	getRadiusScale()	method	v2	float	Get the radius scaling factor for the capsule.
vrdPhysicsCapsuleConfig	setAxisTranslation(translation)	method	v2		Set the axis translation for the capsule.
vrdPhysicsCapsuleConfig	setCustomPrincipalAxis(axis)	method	v2		Set the custom principal axis for the capsule.
vrdPhysicsCapsuleConfig	setLengthScale(scale)	method	v2		Set the length scaling factor for the capsule.
vrdPhysicsCapsuleConfig	setRadiusScale(scale)	method	v2		Set the radius scaling factor for the capsule.
vrdPhysicsCapsuleConfig	vrdPhysicsCapsuleConfig()	method	v2		
vrdPhysicsCapsuleConfig	vrdPhysicsCapsuleConfig(other)	method	v2		
vrdPhysicsCapsuleConfig	~vrdPhysicsCapsuleConfig()	method	v2		
vrdPhysicsColliderSettings	getContactOffset()	method	v2	float	Get the contact offset.
vrdPhysicsColliderSettings	getRestOffset()	method	v2	float	Get the rest offset.
vrdPhysicsColliderSettings	isAllowInvisibleCollision()	method	v2	bool	Check if the object will collide with other objects while invisible.
vrdPhysicsColliderSettings	setAllowInvisibleCollision(state)	method	v2		Set whether the object will collide with other objects while invisible.
vrdPhysicsColliderSettings	setContactOffset(offset)	method	v2		Set the contact offset.
vrdPhysicsColliderSettings	setRestOffset(offset)	method	v2		Set the rest offset.
vrdPhysicsConfig	getContactOffset()	method	v2	float	Get the contact offset.
vrdPhysicsConfig	getRestOffset()	method	v2	float	Get the rest offset.
vrdPhysicsConfig	getShape()	method	v2	vrPhysicsTypes.ColliderShape	Get the collider shape of the physics object (ConvexHull, Triangles, ConvexDecomp).
vrdPhysicsConfig	getType()	method	v2	vrPhysicsTypes.ObjectType	Get the collider type of the physics object (ConvexHull, Triangles, ConvexDecomp).
vrdPhysicsConfig	isAllowInvisibleCollision()	method	v2	bool	Check if the object will collide with other objects while invisible.
vrdPhysicsConfig	isInternal()	method	v2	bool	Check if this physics object is marked as internal.
vrdPhysicsConfig	setAllowInvisibleCollision(state)	method	v2		Set whether the object will collide with other objects while invisible.
vrdPhysicsConfig	setContactOffset(offset)	method	v2		Set the contact offset.
vrdPhysicsConfig	setInternal(internal)	method	v2		Set whether this physics object is internal (system-created, temporary).
vrdPhysicsConfig	setRestOffset(offset)	method	v2		Set the rest offset.
vrdPhysicsConvexConfig	getAsync()	method	v2	bool	Check if running asynchronously is enabled.
vrdPhysicsConvexConfig	getFillMode()	method	v2	integer	Get the fill mode.
vrdPhysicsConvexConfig	getMaxNumberOfConvexHulls()	method	v2	integer	Get the maximum number of convex hulls allowed.
vrdPhysicsConvexConfig	getMaxNumVerticesPerHull()	method	v2	integer	Get the maximum number of vertices per convex hull.
vrdPhysicsConvexConfig	getMaxRecursionDepth()	method	v2	integer	Get the maximum recursion depth.
vrdPhysicsConvexConfig	getMinEdgeLength()	method	v2	integer	Get the minimum edge length.
vrdPhysicsConvexConfig	getMinimumVolumePercentErrorAllowed()	method	v2	float	Get the minimum volume percent error allowed.
vrdPhysicsConvexConfig	getResolution()	method	v2	integer	Get the voxel resolution.
vrdPhysicsConvexConfig	getShrinkWrap()	method	v2	bool	Check if shrinkwrapping is enabled.
vrdPhysicsConvexConfig	setAsync(mode)	method	v2		Set whether to run asynchronously.
vrdPhysicsConvexConfig	setFillMode(mode)	method	v2		Set the fill mode.
vrdPhysicsConvexConfig	setMaxNumberOfConvexHulls(numHulls)	method	v2		Set the maximum number of convex hulls that the algorithm will produce.
vrdPhysicsConvexConfig	setMaxNumVerticesPerHull(numVertices)	method	v2		Set the maximum number of vertices per convex hull.
vrdPhysicsConvexConfig	setMaxRecursionDepth(depth)	method	v2		Set the maximum recursion depth.
vrdPhysicsConvexConfig	setMinEdgeLength(length)	method	v2		Set the minimum edge length.
vrdPhysicsConvexConfig	setMinimumVolumePercentErrorAllowed(percent)	method	v2		Set the minimum volume percent error allowed.
vrdPhysicsConvexConfig	setResolution(resolution)	method	v2		Set the voxel resolution to use.
vrdPhysicsConvexConfig	setShrinkWrap(enable)	method	v2		Set whether to shrinkwrap the voxel positions to the source mesh.
vrdPhysicsConvexDecompositionColliderSettings	getAsync()	method	v2	bool	Get whether decomposition runs asynchronously.
vrdPhysicsConvexDecompositionColliderSettings	getFillMode()	method	v2	integer	Get the voxel fill algorithm.
vrdPhysicsConvexDecompositionColliderSettings	getMaxNumberOfConvexHulls()	method	v2	integer	Get the maximum number of convex hulls to generate.
vrdPhysicsConvexDecompositionColliderSettings	getMaxNumVerticesPerHull()	method	v2	integer	Get the maximum number of vertices per convex hull.
vrdPhysicsConvexDecompositionColliderSettings	getMaxRecursionDepth()	method	v2	integer	Get the maximum recursion depth.
vrdPhysicsConvexDecompositionColliderSettings	getMinEdgeLength()	method	v2	integer	Get the minimum edge length for recursion termination.
vrdPhysicsConvexDecompositionColliderSettings	getMinimumVolumePercentErrorAllowed()	method	v2	float	Get the minimum acceptable volume approximation error.
vrdPhysicsConvexDecompositionColliderSettings	getResolution()	method	v2	integer	Get the voxel resolution for convex decomposition.
vrdPhysicsConvexDecompositionColliderSettings	setAsync(mode)	method	v2		Set whether decomposition runs asynchronously.
vrdPhysicsConvexDecompositionColliderSettings	setFillMode(mode)	method	v2		Set the voxel fill algorithm for convex decomposition.
vrdPhysicsConvexDecompositionColliderSettings	setMaxNumberOfConvexHulls(numHulls)	method	v2		Set the maximum number of convex hulls to generate.
vrdPhysicsConvexDecompositionColliderSettings	setMaxNumVerticesPerHull(numVertices)	method	v2		Set the maximum number of vertices per convex hull.
vrdPhysicsConvexDecompositionColliderSettings	setMaxRecursionDepth(depth)	method	v2		Set the maximum recursion depth for decomposition.
vrdPhysicsConvexDecompositionColliderSettings	setMinEdgeLength(length)	method	v2		Set the minimum edge length for recursion termination.
vrdPhysicsConvexDecompositionColliderSettings	setMinimumVolumePercentErrorAllowed(percent)	method	v2		Set the minimum acceptable volume approximation error.
vrdPhysicsConvexDecompositionColliderSettings	setResolution(resolution)	method	v2		Set the voxel resolution for convex decomposition.
vrdPhysicsGroupNode	getDescription()	method	v2	string	Get the description of the physics group.
vrdPhysicsGroupNode	isActive()	method	v2	bool	Get whether the physics group is active.
vrdPhysicsGroupNode	setActive(active)	method	v2		Activate or deactivate the physics group.
vrdPhysicsGroupNode	setDescription(description)	method	v2		Set the description of the physics group.
vrdPhysicsHullColliderSettings	getMergeGeometries()	method	v2	bool	Check if geometries are merged before creating convex hulls.
vrdPhysicsHullColliderSettings	getPreprocessGeometry()	method	v2	bool	Check if the geometry is preprocessed before creating the convex hull.
vrdPhysicsHullColliderSettings	getUseBoundingBox()	method	v2	bool	Check if the bounding box of the geometry is used to create the convex hull.
vrdPhysicsHullColliderSettings	setMergeGeometries(enable)	method	v2		Set whether to merge geometries before creating hulls.
vrdPhysicsHullColliderSettings	setPreprocessGeometry(enable)	method	v2		Set whether to preprocess the geometry before creating the convex hull.
vrdPhysicsHullColliderSettings	setUseBoundingBox(enable)	method	v2		Set whether to use the bounding box of the geometry to create the convex hull.
vrdPhysicsHullConfig	getMergeGeometries()	method	v2	bool	Check if geometries are merged before creating convex hulls.
vrdPhysicsHullConfig	getPreprocessGeometry()	method	v2	bool	Check if the geometry is preprocessed before creating the convex hull.
vrdPhysicsHullConfig	getUseBoundingBox()	method	v2	bool	Check if the bounding box of the geometry is used to create the convex hull.
vrdPhysicsHullConfig	setMergeGeometries(enable)	method	v2		Set whether to merge geometries before creating hulls.
vrdPhysicsHullConfig	setPreprocessGeometry(enable)	method	v2		Set whether to preprocess the geometry before creating the convex hull.
vrdPhysicsHullConfig	setUseBoundingBox(enable)	method	v2		Set whether to use the bounding box of the geometry to create the convex hull.
vrdPhysicsInfo	getCollidingNode1()	method	v2	vrdNode	Returns the first colliding node.
vrdPhysicsInfo	getCollidingNode2()	method	v2	vrdNode	Returns the second colliding node.
vrdPhysicsInfo	getCollidingRootNode1()	method	v2	vrdNode	Returns the root node of the first colliding node.
vrdPhysicsInfo	getCollidingRootNode2()	method	v2	vrdNode	Returns the root node of the second colliding node.
vrdPhysicsInfo	getContactDistances()	method	v2	List[float]	Returns the contact distances of the collision.
vrdPhysicsInfo	getContactImpulses()	method	v2	List[QVector3D]	Returns the contact impulses of the collision.
vrdPhysicsInfo	getContactNormals()	method	v2	List[QVector3D]	Returns the contact normals of the collision.
vrdPhysicsInfo	getContactPoints()	method	v2	List[QVector3D]	Returns the contact points of the collision.
vrdPhysicsMaterial	getDynamicFriction()	method	v2	float	Get the dynamic friction coefficient.
vrdPhysicsMaterial	getRestitution()	method	v2	float	Get the restitution coefficient.
vrdPhysicsMaterial	getStaticFriction()	method	v2	float	Get the static friction coefficient.
vrdPhysicsMaterial	setDynamicFriction(dynamicFriction)	method	v2		Set the dynamic friction coefficient.
vrdPhysicsMaterial	setRestitution(restitution)	method	v2		Set the restitution coefficient (bounciness).
vrdPhysicsMaterial	setStaticFriction(staticFriction)	method	v2		Set the static friction coefficient.
vrdPhysicsObjectNode	getAngularDamping()	method	v2	float	Get the angular velocity damping factor.
vrdPhysicsObjectNode	getAutoCalculateCenterOfMass()	method	v2	bool	Get whether center of mass is automatically calculated from geometry.
vrdPhysicsObjectNode	getCcdEnabled()	method	v2	bool	Get whether Continuous Collision Detection (CCD) is enabled.
vrdPhysicsObjectNode	getCcdFrictionEnabled()	method	v2	bool	Get whether CCD friction is enabled.
vrdPhysicsObjectNode	getCenterOfMass()	method	v2	QVector3D	Get the local center of mass position.
vrdPhysicsObjectNode	getColliderSettings()	method	v2	vrdPhysicsColliderSettings	Get the collider settings for this physics object.
vrdPhysicsObjectNode	getColliderShape()	method	v2	vrPhysicsTypes.ColliderShape	Get the current collider shape type.
vrdPhysicsObjectNode	getColliderType()	method	v2	vrPhysicsTypes.ColliderType	Get the collider type of the physics object (Static, Dynamic, or Kinematic).
vrdPhysicsObjectNode	getContactReportThreshold()	method	v2	float	Get the contact report threshold.
vrdPhysicsObjectNode	getContactSlopCoefficient()	method	v2	float	Get the contact slop coefficient.
vrdPhysicsObjectNode	getDensity()	method	v2	float	Get the material density of the physics object.
vrdPhysicsObjectNode	getForce()	method	v2	QVector3D	Get the current force vector applied to the physics object.
vrdPhysicsObjectNode	getForceEnabled()	method	v2	bool	Get whether continuous force application is enabled.
vrdPhysicsObjectNode	getForceMode()	method	v2	vrPhysicsTypes.ForceMode	Get the current force application mode.
vrdPhysicsObjectNode	getForceWorldFrame()	method	v2	bool	Get whether forces are applied in world coordinates.
vrdPhysicsObjectNode	getGravityEnabled()	method	v2	bool	Get whether gravity is enabled for this physics object.
vrdPhysicsObjectNode	getHighlightEnabled()	method	v2	bool	Get whether collision highlighting is enabled for this physics object.
vrdPhysicsObjectNode	getLinearDamping()	method	v2	float	Get the linear velocity damping factor.
vrdPhysicsObjectNode	getLockAngularX()	method	v2	bool	Get whether angular motion around the X axis is locked.
vrdPhysicsObjectNode	getLockAngularY()	method	v2	bool	Get whether angular motion around the Y axis is locked.
vrdPhysicsObjectNode	getLockAngularZ()	method	v2	bool	Get whether angular motion around the Z axis is locked.
vrdPhysicsObjectNode	getLockLinearX()	method	v2	bool	Get whether linear motion along the X axis is locked.
vrdPhysicsObjectNode	getLockLinearY()	method	v2	bool	Get whether linear motion along the Y axis is locked.
vrdPhysicsObjectNode	getLockLinearZ()	method	v2	bool	Get whether linear motion along the Z axis is locked.
vrdPhysicsObjectNode	getMass()	method	v2	float	Get the total mass of the physics object.
vrdPhysicsObjectNode	getMaxAngularVelocity()	method	v2	float	Get the maximum angular velocity limit.
vrdPhysicsObjectNode	getMaxDepenetrationVelocity()	method	v2	float	Get the maximum depenetration velocity.
vrdPhysicsObjectNode	getMaxLinearVelocity()	method	v2	float	Get the maximum linear velocity limit.
vrdPhysicsObjectNode	getMinCCDAdvanceCoefficient()	method	v2	float	Get the minimum CCD advance coefficient.
vrdPhysicsObjectNode	getPhysicsMaterial()	method	v2	vrdPhysicsMaterial	Get the physics material of the physics object.
vrdPhysicsObjectNode	getSceneNode()	method	v2	vrdNode	Get the scene node associated with this physics object.
vrdPhysicsObjectNode	getSleepThreshold()	method	v2	float	Get the motion threshold below which objects go to sleep.
vrdPhysicsObjectNode	getSpeculativeCcdEnabled()	method	v2	bool	Get whether speculative CCD is enabled.
vrdPhysicsObjectNode	getStabilizationThreshold()	method	v2	float	Get the threshold for stabilization to prevent micro-oscillations.
vrdPhysicsObjectNode	getTorque()	method	v2	QVector3D	Get the current torque vector applied to the physics object.
vrdPhysicsObjectNode	getUseInfiniteLinearVelocity()	method	v2	bool	Get whether infinite linear velocity mode is enabled.
vrdPhysicsObjectNode	getWakeCounter()	method	v2	float	Get the wake counter value.
vrdPhysicsObjectNode	isActive()	method	v2	bool	Get whether the physics object is active in simulation.
vrdPhysicsObjectNode	isInternal()	method	v2	bool	Get whether this physics object is marked as internal (system-created, temporary).
vrdPhysicsObjectNode	rebuild()	method	v2		Rebuild the physics object's collider.
vrdPhysicsObjectNode	setActive(active)	method	v2		Activate or deactivate simulation for the physics object.
vrdPhysicsObjectNode	setAngularDamping(angularDamping)	method	v2		Set the angular velocity damping factor.
vrdPhysicsObjectNode	setAutoCalculateCenterOfMass(autoCalculate)	method	v2		Enable or disable automatic center of mass calculation.
vrdPhysicsObjectNode	setCcdEnabled(enabled)	method	v2		Enable or disable Continuous Collision Detection (CCD).
vrdPhysicsObjectNode	setCcdFrictionEnabled(enabled)	method	v2		Enable or disable CCD friction.
vrdPhysicsObjectNode	setCenterOfMass(centerOfMass)	method	v2		Set the local center of mass position.
vrdPhysicsObjectNode	setColliderShape(colliderShape)	method	v2		Set the collider shape type for this physics object.
vrdPhysicsObjectNode	setColliderType(colliderType)	method	v2		Set the collider type for this physics object.
vrdPhysicsObjectNode	setContactReportThreshold(threshold)	method	v2		Set the contact report threshold.
vrdPhysicsObjectNode	setContactSlopCoefficient(coefficient)	method	v2		Set the contact slop coefficient.
vrdPhysicsObjectNode	setDensity(density)	method	v2		Set the material density for mass and inertia calculation.
vrdPhysicsObjectNode	setForce(force)	method	v2		Set the force vector to apply to the physics object.
vrdPhysicsObjectNode	setForceEnabled(enabled)	method	v2		Enable or disable continuous force application.
vrdPhysicsObjectNode	setForceMode(mode)	method	v2		Set the force application mode.
vrdPhysicsObjectNode	setForceWorldFrame(worldFrame)	method	v2		Set whether forces are applied in world or local coordinates.
vrdPhysicsObjectNode	setGravityEnabled(gravityEnabled)	method	v2		Enable or disable gravity for this physics object.
vrdPhysicsObjectNode	setHighlightEnabled(highlightEnabled)	method	v2		Set whether collision highlighting should be enabled for this physics object.
vrdPhysicsObjectNode	setInternal(internal)	method	v2		Set whether this physics object is internal (system-created, temporary).
vrdPhysicsObjectNode	setLinearDamping(linearDamping)	method	v2		Set the linear velocity damping factor.
vrdPhysicsObjectNode	setLockAngularX(lockAngularX)	method	v2		Lock or unlock angular motion around the X axis.
vrdPhysicsObjectNode	setLockAngularY(lockAngularY)	method	v2		Lock or unlock angular motion around the Y axis.
vrdPhysicsObjectNode	setLockAngularZ(lockAngularZ)	method	v2		Lock or unlock angular motion around the Z axis.
vrdPhysicsObjectNode	setLockLinearX(lockLinearX)	method	v2		Lock or unlock linear motion along the X axis.
vrdPhysicsObjectNode	setLockLinearY(lockLinearY)	method	v2		Lock or unlock linear motion along the Y axis.
vrdPhysicsObjectNode	setLockLinearZ(lockLinearZ)	method	v2		Lock or unlock linear motion along the Z axis.
vrdPhysicsObjectNode	setMass(mass)	method	v2		Set the total mass of the physics object.
vrdPhysicsObjectNode	setMaxAngularVelocity(maxAngularVelocity)	method	v2		Set the maximum angular velocity limit.
vrdPhysicsObjectNode	setMaxDepenetrationVelocity(velocity)	method	v2		Set the maximum depenetration velocity.
vrdPhysicsObjectNode	setMaxLinearVelocity(maxLinearVelocity)	method	v2		Set the maximum linear velocity limit.
vrdPhysicsObjectNode	setMinCCDAdvanceCoefficient(threshold)	method	v2		Set the minimum CCD advance coefficient.
vrdPhysicsObjectNode	setSleepThreshold(sleepThreshold)	method	v2		Set the motion threshold below which objects go to sleep.
vrdPhysicsObjectNode	setSpeculativeCcdEnabled(enabled)	method	v2		Enable or disable speculative CCD.
vrdPhysicsObjectNode	setStabilizationThreshold(stabilizationThreshold)	method	v2		Set the threshold for stabilization to prevent micro-oscillations.
vrdPhysicsObjectNode	setTorque(torque)	method	v2		Set the torque vector to apply to the physics object.
vrdPhysicsObjectNode	setUseInfiniteLinearVelocity(useInfiniteLinearVelocity)	method	v2		Enable or disable infinite linear velocity mode.
vrdPhysicsObjectNode	setWakeCounter(wakeCounter)	method	v2		Set the wake counter value.
vrdPhysicsPlaneConfig	vrdPhysicsPlaneConfig()	method	v2		
vrdPhysicsPlaneConfig	vrdPhysicsPlaneConfig(other)	method	v2		
vrdPhysicsPlaneConfig	~vrdPhysicsPlaneConfig()	method	v2		
vrdPhysicsRubberBand	getAngularAcceleration()	method	v2	float	Get the maximum desired angular acceleration.
vrdPhysicsRubberBand	getCrossVisualizationEnabled()	method	v2	bool	Get whether cross visualization is enabled.
vrdPhysicsRubberBand	getDampingRatio()	method	v2	float	Get the damping ratio.
vrdPhysicsRubberBand	getDepthScale()	method	v2	float	Get the depth adjustment scale.
vrdPhysicsRubberBand	getInvertDepth()	method	v2	bool	Get whether depth adjustment direction is inverted.
vrdPhysicsRubberBand	getLinearAcceleration()	method	v2	float	Get the maximum desired linear acceleration.
vrdPhysicsRubberBand	getMouseCrossVisualizationEnabled()	method	v2	bool	Get whether mouse cross visualization is enabled.
vrdPhysicsRubberBand	setAngularAcceleration(acceleration)	method	v2		Set the maximum desired angular acceleration for rubber-band interaction.
vrdPhysicsRubberBand	setCrossVisualizationEnabled(enabled)	method	v2		Enable or disable cross visualization during rubber-band interaction.
vrdPhysicsRubberBand	setDampingRatio(ratio)	method	v2		Set the damping ratio for rubber-band interaction.
vrdPhysicsRubberBand	setDepthScale(scale)	method	v2		Set the depth adjustment scale/sensitivity multiplier.
vrdPhysicsRubberBand	setInvertDepth(invert)	method	v2		Set the depth adjustment direction when using A-key depth control.
vrdPhysicsRubberBand	setLinearAcceleration(acceleration)	method	v2		Set the maximum desired linear acceleration for rubber-band interaction.
vrdPhysicsRubberBand	setMouseCrossVisualizationEnabled(enabled)	method	v2		Enable or disable cross visualization during mouse interaction.
vrdPhysicsSDFColliderSettings	getResolution()	method	v2	integer	Get the SDF grid resolution.
vrdPhysicsSDFColliderSettings	setResolution(resolution)	method	v2		Set the SDF grid resolution.
vrdPhysicsSDFConfig	getResolution()	method	v2	integer	Get the SDF resolution.
vrdPhysicsSDFConfig	setResolution(resolution)	method	v2		Set the SDF resolution.
vrdPhysicsScene	getDefaultDynamicColliderShape()	method	v2	vrPhysicsTypes.ColliderShape	Gets the default dynamic collider shape for the physics simulation.
vrdPhysicsScene	getDefaultKinematicColliderShape()	method	v2	vrPhysicsTypes.ColliderShape	Gets the default kinematic collider shape for the physics simulation.
vrdPhysicsScene	getDefaultPositionIterations()	method	v2	integer	Gets the current default position iterations.
vrdPhysicsScene	getDefaultStaticColliderShape()	method	v2	vrPhysicsTypes.ColliderShape	Gets the default static collider shape for the physics simulation.
vrdPhysicsScene	getDefaultVelocityIterations()	method	v2	integer	Gets the current default velocity iterations.
vrdPhysicsScene	getDynamicManipulationAllowed()	method	v2	bool	Checks if dynamic object manipulation is currently allowed.
vrdPhysicsScene	getGravityVector()	method	v2	QVector3D	Gets the current gravity vector from the physics simulation.
vrdPhysicsScene	getSolverArticulationBatchSize()	method	v2	integer	Gets the current solver articulation batch size for the physics simulation.
vrdPhysicsScene	getSolverBatchSize()	method	v2	integer	Gets the current solver batch size for the physics simulation.
vrdPhysicsScene	getSolverType()	method	v2	vrPhysicsTypes.SolverType	Gets the current solver type for the physics simulation.
vrdPhysicsScene	getTimeMultiplier()	method	v2	float	Gets the current time multiplier for physics simulation.
vrdPhysicsScene	isCcdEnabled()	method	v2	bool	Checks if scene-level CCD is currently enabled in the physics simulation.
vrdPhysicsScene	isGravityEnabled()	method	v2	bool	Checks if gravity is currently enabled in the physics simulation.
vrdPhysicsScene	setCcdEnabled(enabled)	method	v2		Enables or disables CCD (Continuous Collision Detection) for the physics scene.
vrdPhysicsScene	setDefaultDynamicColliderShape(shape)	method	v2		Sets the default dynamic collider shape for the physics simulation.
vrdPhysicsScene	setDefaultKinematicColliderShape(shape)	method	v2		Sets the default kinematic collider shape for the physics simulation.
vrdPhysicsScene	setDefaultPositionIterations(positionIterations)	method	v2		Sets the default position iterations for the adaptive solver system.
vrdPhysicsScene	setDefaultStaticColliderShape(shape)	method	v2		Sets the default static collider shape for the physics simulation.
vrdPhysicsScene	setDefaultVelocityIterations(velocityIterations)	method	v2		Sets the default velocity iterations for the adaptive solver system.
vrdPhysicsScene	setDynamicManipulationAllowed(enabled)	method	v2		Enables or disables dynamic object manipulation during simulation.
vrdPhysicsScene	setGravityEnabled(enabled)	method	v2		Enables or disables gravity in the physics simulation.
vrdPhysicsScene	setGravityVector(gravityVector)	method	v2		Sets a custom gravity vector for the physics simulation.
vrdPhysicsScene	setSolverArticulationBatchSize(articulationBatchSize)	method	v2		Sets the solver articulation batch size for the physics simulation.
vrdPhysicsScene	setSolverBatchSize(batchSize)	method	v2		Sets the solver batch size for the physics simulation.
vrdPhysicsScene	setSolverType(solverType)	method	v2		Sets the solver type for the physics simulation.
vrdPhysicsScene	setTimeMultiplier(multiplier)	method	v2		Sets the time multiplier for physics simulation.
vrdPhysicsSphereColliderSettings	getScale()	method	v2	float	Get the scale of the sphere.
vrdPhysicsSphereColliderSettings	setScale(scale)	method	v2		Set the scale of the sphere.
vrdPhysicsSphereConfig	getScale()	method	v2	float	Get the scale of the sphere.
vrdPhysicsSphereConfig	setScale(scale)	method	v2		Set the scale of the sphere.
vrdPhysicsSphereConfig	vrdPhysicsSphereConfig()	method	v2		
vrdPhysicsSphereConfig	vrdPhysicsSphereConfig(other)	method	v2		
vrdPhysicsSphereConfig	~vrdPhysicsSphereConfig()	method	v2		
vrdPhysicsTrianglesColliderSettings	getEnableMeshReduction()	method	v2	bool	Get whether mesh reduction is enabled.
vrdPhysicsTrianglesColliderSettings	getMergeGeometries()	method	v2	bool	Get whether geometry merging is enabled.
vrdPhysicsTrianglesColliderSettings	getMinTriangles()	method	v2	integer	Get the minimum triangle count.
vrdPhysicsTrianglesColliderSettings	getReductionRatio()	method	v2	float	Get the target reduction ratio.
vrdPhysicsTrianglesColliderSettings	getReductionTolerance()	method	v2	float	Get the reduction tolerance.
vrdPhysicsTrianglesColliderSettings	setEnableMeshReduction(enable)	method	v2		Enable or disable mesh reduction for triangle meshes.
vrdPhysicsTrianglesColliderSettings	setMergeGeometries(merge)	method	v2		Enable or disable merging all geometry nodes into a single triangle mesh before reduction.
vrdPhysicsTrianglesColliderSettings	setMinTriangles(minTriangles)	method	v2		Set the minimum number of triangles to keep after reduction.
vrdPhysicsTrianglesColliderSettings	setReductionRatio(ratio)	method	v2		Set the target reduction ratio for mesh simplification.
vrdPhysicsTrianglesColliderSettings	setReductionTolerance(tolerance)	method	v2		Set the tolerance for mesh reduction quality.
vrdPhysicsTrianglesConfig	getEnableMeshReduction()	method	v2	bool	Get whether mesh reduction is enabled.
vrdPhysicsTrianglesConfig	getMergeGeometries()	method	v2	bool	Get whether geometry merging is enabled.
vrdPhysicsTrianglesConfig	getMinTriangles()	method	v2	integer	Get the minimum triangle count.
vrdPhysicsTrianglesConfig	getReductionRatio()	method	v2	float	Get the target reduction ratio.
vrdPhysicsTrianglesConfig	getReductionTolerance()	method	v2	float	Get the reduction tolerance.
vrdPhysicsTrianglesConfig	setEnableMeshReduction(enable)	method	v2		Enable or disable mesh reduction for triangle meshes.
vrdPhysicsTrianglesConfig	setMergeGeometries(merge)	method	v2		Enable or disable merging all geometry nodes into a single triangle mesh before reduction.
vrdPhysicsTrianglesConfig	setMinTriangles(minTriangles)	method	v2		Set the minimum number of triangles to keep after reduction.
vrdPhysicsTrianglesConfig	setReductionRatio(ratio)	method	v2		Set the target reduction ratio for mesh simplification.
vrdPhysicsTrianglesConfig	setReductionTolerance(tolerance)	method	v2		Set the tolerance for mesh reduction quality.
vrdPlasticMaterial	getBumpTexture()	method	v2	vrdBumpTexture	Gets access to all properties of the bump texture.
vrdPlasticMaterial	getClearcoat()	method	v2	vrdClearcoat	Gets access to all properties of vrdClearcoat.
vrdPlasticMaterial	getDiffuseColor()	method	v2	QVector3D	returns Current diffuse reflection color
vrdPlasticMaterial	getDiffuseColorSpectrum()	method	v2	vrSpectrum	Gets the diffuse color spectrum.
vrdPlasticMaterial	getDiffuseTexture()	method	v2	vrdTexture	Gets access to all properties of the diffuse texture.
vrdPlasticMaterial	getDisplacementTexture()	method	v2	vrdDisplacementTexture	Gets access to all properties of the displacement texture.
vrdPlasticMaterial	getGlossyColor()	method	v2	QVector3D	returns Current glossy reflection color
vrdPlasticMaterial	getGlossyColorSpectrum()	method	v2	vrSpectrum	returns The material's color spectrum for glossy reflections
vrdPlasticMaterial	getGlossyTexture()	method	v2	vrdTexture	Gets access to all properties of the glossy texture.
vrdPlasticMaterial	getIncandescence()	method	v2	vrdIncandescence	Gets access to all properties of vrdIncandescence.
vrdPlasticMaterial	getReflectivity()	method	v2	float	returns Current intensity of the reflection on the surface.
vrdPlasticMaterial	getRoughness()	method	v2	float	returns The current roughness value of this material.
vrdPlasticMaterial	getRoughnessTexture()	method	v2	vrdRoughnessTexture	Gets access to all properties of the roughness texture.
vrdPlasticMaterial	getSheen()	method	v2	vrdSheen	Gets access to all properties of vrdSheen.
vrdPlasticMaterial	getSubsurfaceScattering()	method	v2	vrdSubsurfaceScattering	Gets access to all properties of vrdSubsurfaceScattering.
vrdPlasticMaterial	getThinFilm()	method	v2	vrdThinFilm	Gets access to all properties of vrdThinFilm.
vrdPlasticMaterial	setDiffuseColor(value)	method	v2		Sets the diffuse reflection color of the material.
vrdPlasticMaterial	setDiffuseColorSpectrum(value)	method	v2		Sets the diffuse color spectrum.
vrdPlasticMaterial	setGlossyColor(value)	method	v2		Sets the glossy reflection color of the material.
vrdPlasticMaterial	setGlossyColorSpectrum(value)	method	v2		Sets the material's color spectrum for glossy reflections.
vrdPlasticMaterial	setReflectivity(v)	method	v2		Controls the intensity of the reflection on the surface. The higher the value, the more the influence from the environment and objects around.
vrdPlasticMaterial	setRoughness(roughness)	method	v2		Controls the sharpness of the glossy reflections. The higher the value, the rougher the microscopic structure of the surface and more diffuse the reflections. T
vrdPointCloudNode	getColors()	method	v2	List[float]	Gets the per-point colors.
vrdPointCloudNode	getNormals()	method	v2	List[float]	Gets the per-point normals.
vrdPointCloudNode	getOpacities()	method	v2	List[float]	Gets the per-point opacities.
vrdPointCloudNode	getPositions()	method	v2	List[float]	Gets the positions of the points.
vrdPointCloudNode	getRotations()	method	v2	List[float]	Gets the per-point rotations.
vrdPointCloudNode	getSizes()	method	v2	List[float]	Gets the per-point sizes/scales.
vrdPointCloudNode	getSphericalHarmonics()	method	v2	List[float]	Gets the per-point spherical harmonics coefficients.
vrdPointCloudNode	setColors(colors)	method	v2		Sets the per-point colors.
vrdPointCloudNode	setNormals(normals)	method	v2		Sets the per-point normals.
vrdPointCloudNode	setOpacities(opacities)	method	v2		Sets the per-point opacities.
vrdPointCloudNode	setPositions(positions)	method	v2		Sets the positions of the points.
vrdPointCloudNode	setRotations(rotations)	method	v2		Sets the per-point rotations.
vrdPointCloudNode	setSizes(sizes)	method	v2		Sets the per-point sizes/scales.
vrdPointCloudNode	setSphericalHarmonics(sphericalHarmonics)	method	v2		Sets the per-point spherical harmonics coefficients.
vrdPointLightNode	getAttenuation()	method	v2	vrLightTypes.Attenuation	Returns the falloff of the light intensity.
vrdPointLightNode	getLensFlareEffect()	method	v2	vrdLensFlareEffect	Returns the lens flare effect.
vrdPointLightNode	getLightProfile()	method	v2	vrdLightProfile	Returns the light profile.
vrdPointLightNode	getTexture()	method	v2	vrdLightTexture	Returns the light texture.
vrdPointLightNode	setAttenuation(attenuation)	method	v2		Sets the falloff of the light intensity.
vrdPolygonChunk.CullFace	None_	data	v2		
vrdPolygonChunk.CullFace	Front	data	v2		
vrdPolygonChunk.CullFace	Back	data	v2		
vrdPolygonChunk.CullFace	FrontAndBack	data	v2		
vrdPolygonChunk.FrontFace	Clockwise	data	v2		
vrdPolygonChunk.FrontFace	Counterclockwise	data	v2		
vrdPolygonChunk.FillMode	Point	data	v2		
vrdPolygonChunk.FillMode	Line	data	v2		
vrdPolygonChunk.FillMode	Filled	data	v2		
vrdPolygonChunk	getBackMode()	method	v2	vrdPolygonChunk.FillMode	Returns if polygon back sides are rendered filled (default), outlined or as points.
vrdPolygonChunk	getCullFace()	method	v2	vrdPolygonChunk.CullFace	Returns which side of the polygon is invisible. Set to None to not cull anything.
vrdPolygonChunk	getFrontFace()	method	v2	vrdPolygonChunk.FrontFace	Returns which side of the polygon is considered the front side, defaults to Counterclockwise.
vrdPolygonChunk	getFrontMode()	method	v2	vrdPolygonChunk.FillMode	returns The fill mode for polygon front sides.
vrdPolygonChunk	getOffsetBias()	method	v2	float	Defines the offset bias.
vrdPolygonChunk	getOffsetFactor()	method	v2	float	Returns the offset factor.
vrdPolygonChunk	getOffsetFill()	method	v2	bool	Returns if offsetting for polygons is enabled.
vrdPolygonChunk	getOffsetLine()	method	v2	bool	Returns if offsetting for lines is enabled.
vrdPolygonChunk	getOffsetPoint()	method	v2	bool	Returns if offsetting for points is enabled.
vrdPolygonChunk	getSmoothing()	method	v2	bool	Returns if polygon antialiasing is used.
vrdPolygonChunk	setBackMode(fillMode)	method	v2		Defines if polygon back sides are rendered filled (default), outlined or as points.
vrdPolygonChunk	setCullFace(cullFace)	method	v2		Defines which side of the polygon is invisible. Set to None to not cull anything.
vrdPolygonChunk	setFrontFace(frontFace)	method	v2		Defines which side of the polygon is considered the front side, defaults to Counterclockwise.
vrdPolygonChunk	setFrontMode(fillMode)	method	v2		Defines if polygon front sides are rendered filled (default), outlined or as points.
vrdPolygonChunk	setOffsetBias(offsetBias)	method	v2		Returns the offset bias.
vrdPolygonChunk	setOffsetFactor(offsetFactor)	method	v2		Defines the offset factor.
vrdPolygonChunk	setOffsetFill(offsetFill)	method	v2		Enables offsetting for polygons.
vrdPolygonChunk	setOffsetLine(offsetLine)	method	v2		Enables offsetting for lines.
vrdPolygonChunk	setOffsetPoint(offsetPoint)	method	v2		Enables offsetting for points.
vrdPolygonChunk	setSmoothing(smoothing)	method	v2		Defines if polygon antialiasing is used.
vrdPositionConstraintNode	getMaintainOffset()	method	v2	bool	Returns if the constraint maintains the offset to its sources. Deprecated, use vrdPositionConstraintObject.getMaintainOffset()
vrdPositionConstraintNode	setMaintainOffset(value)	method	v2		Sets if the constraint should maintain the offset to the sources when creating it. Deprecated, use vrdPositionConstraintObject.setMaintainOffset(maintain)
vrdPositionConstraintObject	getMaintainOffset()	method	v2	bool	Returns whether the current offset is maintained.
vrdPositionConstraintObject	getScalingFactor()	method	v2	QVector3D	Returns the scaling factors applied to the constraint computation.
vrdPositionConstraintObject	getTranslationOffset()	method	v2	QVector3D	Returns the translation offset applied to the constraint result. Only applied when maintain offset is disabled.
vrdPositionConstraintObject	getUseWorldSpaceConstrainedSystem()	method	v2	bool	Returns whether world space coordinate system is used for constrained nodes.
vrdPositionConstraintObject	getUseWorldSpaceTargetSystem()	method	v2	bool	Returns whether world space coordinate system is used for target nodes.
vrdPositionConstraintObject	setMaintainOffset(maintain)	method	v2		Sets whether to maintain the current offset when applying the constraint.
vrdPositionConstraintObject	setScalingFactor(scalingFactor)	method	v2		Sets scaling factors applied to the constraint computation.
vrdPositionConstraintObject	setTranslationOffset(translation)	method	v2		Sets additional translation offset applied to the constraint result. Only applied when maintain offset is disabled.
vrdPositionConstraintObject	setUseWorldSpaceConstrainedSystem(use)	method	v2		Sets whether to use world space coordinate system for constrained nodes.
vrdPositionConstraintObject	setUseWorldSpaceTargetSystem(use)	method	v2		Sets whether to use world space coordinate system for target nodes.
vrdProjectMergeSettings	getEnvironmentImportOption()	method	v2	integer	Returns environment merge behavior.
vrdProjectMergeSettings	getImportVredAnimationClips()	method	v2	bool	Queries if animation clips should be merged during file import.
vrdProjectMergeSettings	getImportVredAnimationCurves()	method	v2	bool	Queries if animation curves should be merged during file import.
vrdProjectMergeSettings	getImportVredAnnotations()	method	v2	bool	Queries if annotations clips should be merged during file import.
vrdProjectMergeSettings	getImportVredSequences()	method	v2	bool	Queries if sequences should be merged during file import.
vrdProjectMergeSettings	getImportVredTouchSensors()	method	v2	bool	Queries if touch sensors should be merged during file import.
vrdProjectMergeSettings	getImportVredVariants()	method	v2	bool	Queries if variants should be merged during file import.
vrdProjectMergeSettings	getMergeVredMaterials()	method	v2	bool	Queries if materials should be merged during file import.
vrdProjectMergeSettings	setEnvironmentImportOption(value)	method	v2		Sets environment merge behavior that should be used during file import
vrdProjectMergeSettings	setImportVredAnimationClips(value)	method	v2		Sets the flag indicating that animation clips should be merged during file import
vrdProjectMergeSettings	setImportVredAnimationCurves(value)	method	v2		Sets the flag indicating that animation curves should be merged during file import
vrdProjectMergeSettings	setImportVredAnnotations(value)	method	v2		Sets the flag indicating that annotations should be merged during file import
vrdProjectMergeSettings	setImportVredSequences(value)	method	v2		Sets the flag indicating that sequences should be merged during file import
vrdProjectMergeSettings	setImportVredTouchSensors(value)	method	v2		Sets the flag indicating that touch sensors should be merged during file import
vrdProjectMergeSettings	setImportVredVariants(value)	method	v2		Sets the flag indicating that variants should be merged during file import
vrdProjectMergeSettings	setMergeVredMaterials(value)	method	v2		Sets the flag indicating that materials should be merged during file import
vrdProjectMergeSettings	vrdProjectMergeSettings()	method	v2		
vrdRayFile	clear()	method	v2		Clears the loaded file.
vrdRayFile	getDirectEvaluationConeAngle()	method	v2	float	Returns the cone of valid directions used when directly looking into a ray file.
vrdRayFile	getDirectEvaluationOffset()	method	v2	float	Returns the offset along the surface normal to be used when directly looking into a ray file. Use this to fix lookup surfaces that are not exactly where the ray
vrdRayFile	getDirectEvaluationRadius()	method	v2	float	Returns the radius to be used for lookup when directly looking into a ray file.
vrdRayFile	getEmitterConeAngle()	method	v2	float	Returns the one around a ray direction used to generate photons.
vrdRayFile	getFileName()	method	v2	string	Returns the file name of the ray file.
vrdRayFile	getRayFileInfo()	method	v2	vrdRayFileInfo	Returns ray file information.
vrdRayFile	getUseLightSpectrum()	method	v2	bool	Returns true if only the light spectrum is used of a ray.
vrdRayFile	getUsePhotonsForDirectLighting()	method	v2	bool	Returns whether photon mapping for direct lighting is used or not. If disabled, ray lights can be used without photon mapping but it is necessary to define surf
vrdRayFile	getUseRandomSampling()	method	v2	bool	Returns true if random sampling of the rays is used.
vrdRayFile	getVisualizationRayCount()	method	v2	integer	Returns the number of rays used for the viewport visualization.
vrdRayFile	getVisualizationRayLength()	method	v2	float	Returns the length used for the viewport visualization of rays.
vrdRayFile	load(filename)	method	v2		Loads the given file.
vrdRayFile	reload()	method	v2		Reloads the current file.
vrdRayFile	setDirectEvaluationConeAngle(angle)	method	v2		Sets the cone of valid directions to be used when directly looking into a ray file.
vrdRayFile	setDirectEvaluationOffset(offset)	method	v2		Sets the offset along the surface normal to be used when directly looking into a ray file. Use this to fix lookup surfaces that are not exactly where the ray or
vrdRayFile	setDirectEvaluationRadius(radius)	method	v2		Sets the radius to be used for lookup when directly looking into a ray file.
vrdRayFile	setEmitterConeAngle(angle)	method	v2		Sets the cone around a ray direction used to generate photons.
vrdRayFile	setFileName(fileName)	method	v2		Loads the given ray file and sets the file name.
vrdRayFile	setTo(other)	method	v2		Shares data of ray file in order to reduce memory consumption. Note that when a ray file is no longer used by any light it will be removed and needs to be reloa
vrdRayFile	setUseLightSpectrum(use)	method	v2		Uses only the photometric value of a ray as a scaling factor for the light spectrum. Use this if you have a monochromatic ray file.
vrdRayFile	setUsePhotonsForDirectLighting(use)	method	v2		Toggles whether to use photon mapping for direct lighting or not. If disabled, ray lights can be used without photon mapping but it is necessary to define surfa
vrdRayFile	setUseRandomSampling(use)	method	v2		Uses random sampling of the rays. Use this if you have more than one luminaire in your ray file.
vrdRayFile	setVisualizationRayCount(count)	method	v2		Sets the number of rays used for the viewport visualization.
vrdRayFile	setVisualizationRayLength(length)	method	v2		Sets the length of used for the viewport visualization of rays.
vrdRayFileInfo	getLuminousPower()	method	v2	float	returns Luminous power
vrdRayFileInfo	getNumberOfRays()	method	v2	integer	returns Number of rays
vrdRayFileInfo	getScalingFactor()	method	v2	float	returns Scaling factor
vrdRayFileInfo	getSpectralInformationString()	method	v2	string	returns Spectral information string
vrdRayFileInfo	vrdRayFileInfo(luminousPower, numberOfRays, scalingFactor, spectralInformationString)	method	v2		Create a ray file information object. In general this is not created by the user but returned by a vrdRayFile to provide information about the used ray file.
vrdRayFileInfo	vrdRayFileInfo()	method	v2		
vrdRayFileInfo	vrdRayFileInfo(other)	method	v2		
vrdRayIntersection	getNode()	method	v2	vrdNode	Gets that node that has been hit.
vrdRayIntersection	getNormal()	method	v2	QVector3D	The hit normal.
vrdRayIntersection	getOrigin()	method	v2	QVector3D	Gets the origin of the ray that has used for the intersection test.
vrdRayIntersection	getPoint()	method	v2	QVector3D	Gets the point that has been hit.
vrdRayIntersection	getUV()	method	v2	QVector2D	Gets the uv coordinates of the texture where the hit occured.
vrdRayIntersection	hasHit()	method	v2	bool	Returns if an actual hit occured.
vrdRayIntersection	setHit(value)	method	v2		Sets if a hit occured.
vrdRayIntersection	setNode(value)	method	v2		Sets the node that has been hit.
vrdRayIntersection	setNormal(value)	method	v2		Sets the hit normal.
vrdRayIntersection	setOrigin(value)	method	v2		Sets the origin of the ray that has been used for the intersection test.
vrdRayIntersection	setPoint(value)	method	v2		Sets the point that has been hit.
vrdRayIntersection	setUV(value)	method	v2		Sets the uv coordinates of the texture where the hit occured.
vrdRayIntersection	vrdRayIntersection()	method	v2		Default constructor.
vrdRayIntersection	vrdRayIntersection(hasHit, node, origin, point, normal=QVector3D(1,0,0), uv=QVector2D(0,0))	method	v2		Constructor.
vrdRayLightNode	getRayFile()	method	v2	vrdRayFile	Provides access to the ray file. Ray light files contain the simulated spatial and angular distribution, as well as photometric or spectral information of emitt
vrdRaytracedAmbientOcclusionSettings	getDistance()	method	v2	float	Gets the maximum distance for the geometry to be considered as an occluder. Geometry beyond that distance does not occlude illumination.
vrdRaytracedAmbientOcclusionSettings	getIntensity()	method	v2	float	Gets the intensity of the shadow. The greater the value, the darker the shadows.
vrdRaytracedAmbientOcclusionSettings	getRaysPerPixel()	method	v2	integer	Gets the number of rays to trace per pixel.
vrdRaytracedAmbientOcclusionSettings	getUseBakedShadowsForShadowMaterial()	method	v2	bool	Sets if the baked shadows are used for the shadow material instead of the output of the RTAO.
vrdRaytracedAmbientOcclusionSettings	setDistance(value)	method	v2		Sets the maximum distance for the geometry to be considered as an occluder. Geometry beyond that distance does not occlude illumination.
vrdRaytracedAmbientOcclusionSettings	setIntensity(value)	method	v2		Sets the intensity of the shadow. The greater the value, the darker the shadows.
vrdRaytracedAmbientOcclusionSettings	setRaysPerPixel(value)	method	v2		Sets the number of rays to trace per pixel.
vrdRaytracedAmbientOcclusionSettings	setUseBakedShadowsForShadowMaterial(value)	method	v2		Sets if the baked shadows should be used for the shadow material instead of the output of the RTAO.
vrdRaytracedDiffuseGISettings	getTraceDepth()	method	v2	integer	returns The number of GI bounces.
vrdRaytracedDiffuseGISettings	setTraceDepth(value)	method	v2		Sets the number of GI bounces.
vrdRaytracedEnvironmentShadowsSettings	getDistance()	method	v2	float	Gets the maximum distance for the geometry to be considered as an occluder. Geometry beyond that distance does not occlude illumination.
vrdRaytracedEnvironmentShadowsSettings	getIntensity()	method	v2	float	Gets the intensity of the shadow. The greater the value, the darker the shadows.
vrdRaytracedEnvironmentShadowsSettings	getRaysPerPixel()	method	v2	integer	Gets the number of rays to trace per pixel.
vrdRaytracedEnvironmentShadowsSettings	getUseBakedShadowsForShadowMaterial()	method	v2	bool	Sets if the baked shadows are used for the shadow material instead of the output of the Raytraced Environment Shadows.
vrdRaytracedEnvironmentShadowsSettings	setDistance(value)	method	v2		Sets the maximum distance for the geometry to be considered as an occluder. Geometry beyond that distance does not occlude illumination.
vrdRaytracedEnvironmentShadowsSettings	setIntensity(value)	method	v2		Sets the intensity of the shadow. The greater the value, the darker the shadows.
vrdRaytracedEnvironmentShadowsSettings	setRaysPerPixel(value)	method	v2		Sets the number of rays to trace per pixel.
vrdRaytracedEnvironmentShadowsSettings	setUseBakedShadowsForShadowMaterial(value)	method	v2		Sets if the baked shadows should be used for the shadow material instead of the output of the Raytraced Environment Shadows.
vrdRaytracedReflectionsSettings	getReflectGaussianSplats()	method	v2	bool	returns True if the reflection of gaussian splats is enabled, false otherwise.
vrdRaytracedReflectionsSettings	getReflectVolumes()	method	v2	bool	returns True if the reflection of volumes is enabled, false otherwise.
vrdRaytracedReflectionsSettings	getTransparencyLayers()	method	v2	integer	returns The maximum number of transparent surfaces that can be intersected by a reflection ray.
vrdRaytracedReflectionsSettings	setReflectGaussianSplats(value)	method	v2		Enables/Disables the reflection of gaussian splats in the raytraced reflections.
vrdRaytracedReflectionsSettings	setReflectVolumes(value)	method	v2		Enables/Disables the reflection of volumes in the raytraced reflections.
vrdRaytracedReflectionsSettings	setTransparencyLayers(value)	method	v2		Sets the maximum number of transparent surfaces that can be intersected by a reflection ray, from front to back.
vrdRaytracingInfo	getDriverVersion()	method	v2	List[integer]	Gets the driver version of the GPU.
vrdRaytracingInfo	isGPURTSupported()	method	v2	bool	Determines if GPU raytracing is supported.
vrdRectangularLightNode	getAreaLightCone()	method	v2	vrdAreaLightCone	Returns the area light cone.
vrdReferenceNode	createSmartPath(location, customPath="")	method	v2	string	Constructs the path to the smart file.
vrdReferenceNode	createSmartReference(useSourcePath=False)	method	v2		Creates a smart file reference for this reference.
vrdReferenceNode	createSourceReference()	method	v2		Creates a source file reference for this reference.
vrdReferenceNode	getSmartCreationDate()	method	v2	QDateTime	returns The creation date of the smart file on disk
vrdReferenceNode	getSmartFileState()	method	v2	vrReferenceTypes.FileState	returns The status of the smart file
vrdReferenceNode	getSmartLastModified()	method	v2	QDateTime	returns The modification time of the smart file
vrdReferenceNode	getSmartOwner()	method	v2	string	returns The file owner of the smart file
vrdReferenceNode	getSmartPath()	method	v2	string	returns Path to the smart file
vrdReferenceNode	getSmartRevision()	method	v2	string	returns The current smart revision.
vrdReferenceNode	getSmartRevisionPath(revision)	method	v2	string	returns The path to the smart file with the given revision
vrdReferenceNode	getSmartRevisions()	method	v2	List[string]	returns A list of available smart revisions
vrdReferenceNode	getSourceFileState()	method	v2	vrReferenceTypes.FileState	returns The status of the sources file
vrdReferenceNode	getSourceImportDate()	method	v2	QDateTime	returns The time at which the file was imported
vrdReferenceNode	getSourceLastModified()	method	v2	QDateTime	returns The modification date of the sources file
vrdReferenceNode	getSourceOwner()	method	v2	string	returns The file owner of the sources file
vrdReferenceNode	getSourcePath()	method	v2	string	returns Path to the source file
vrdReferenceNode	getSourceRevision()	method	v2	string	returns The current source revision.
vrdReferenceNode	getSourceRevisionPath(revision)	method	v2	string	returns The path to the source file with the given revision
vrdReferenceNode	getSourceRevisions()	method	v2	List[string]	returns A list of available source revisions
vrdReferenceNode	getState()	method	v2	vrReferenceTypes.State	Get the current status of the reference node.
vrdReferenceNode	hasSmartReference()	method	v2	bool	returns True if this reference is dynamically loaded from a project file
vrdReferenceNode	hasSourceReference()	method	v2	bool	returns True if this reference points to a source file.
vrdReferenceNode	isChanged()	method	v2	bool	returns True if the content of the reference has been modified without saving
vrdReferenceNode	isLoaded()	method	v2	bool	returns True if this reference is loaded
vrdReferenceNode	isRootNode()	method	v2	bool	returns True if this reference is the scene root node
vrdReferenceNode	isSelfOrSubReferenceChanged()	method	v2	bool	returns True if vrdReferenceNode.isChanged() is true and vrdReferenceNode.isSubReferenceChanged() is true
vrdReferenceNode	isSubReferenceChanged()	method	v2	bool	returns True if one of the sub references has unsaved changes
vrdReferenceNode	load()	method	v2		Loads the reference content.
vrdReferenceNode	loadSmartReference()	method	v2		Loads the reference content, if this reference contains a source reference.
vrdReferenceNode	loadSourceReference()	method	v2		Loads the reference content, if this reference contains a smart reference.
vrdReferenceNode	removeSmartReference()	method	v2		Removes the smart reference information from this reference.
vrdReferenceNode	removeSourceReference()	method	v2		Removes the source reference information from this reference.
vrdReferenceNode	saveSmartReference()	method	v2		Save changes to the referenced project file.
vrdReferenceNode	saveSmartReferenceAs(path, unshare)	method	v2		Save content of the reference to a new project file.
vrdReferenceNode	setSmartPath(path)	method	v2		Change the path to the smart reference file.
vrdReferenceNode	setSourcePath(path)	method	v2		Change the path to the source file.
vrdReferenceNode	unload()	method	v2		Remove all children of this node and mark as not loaded.
vrdReflectivePlasticMaterial.FresnelQuality	Fast	data	v2		
vrdReflectivePlasticMaterial.FresnelQuality	Accurate	data	v2		
vrdReflectivePlasticMaterial	getBumpTexture()	method	v2	vrdBumpTexture	Gets access to all properties of vrdBumpTexture.
vrdReflectivePlasticMaterial	getDiffuseColor()	method	v2	QVector3D	returns Current diffuse reflection color
vrdReflectivePlasticMaterial	getDiffuseColorSpectrum()	method	v2	vrSpectrum	Gets the diffuse color spectrum.
vrdReflectivePlasticMaterial	getDiffuseTexture()	method	v2	vrdTexture	Gets access to all properties of the diffuse texture.
vrdReflectivePlasticMaterial	getDisplacementTexture()	method	v2	vrdDisplacementTexture	Gets access to all properties of vrdDisplacementTexture.
vrdReflectivePlasticMaterial	getFresnelQuality()	method	v2	vrdReflectivePlasticMaterial.FresnelQuality	Gets mode of the intensity of a reflection, based on the viewing angle.
vrdReflectivePlasticMaterial	getIncandescence()	method	v2	vrdIncandescence	Gets access to all properties of vrdIncandescence.
vrdReflectivePlasticMaterial	getReflectivity()	method	v2	float	Gets the intensity of the reflection on the surface.
vrdReflectivePlasticMaterial	getSpecularColor()	method	v2	QVector3D	Gets the current used surfaces specular reflection color.
vrdReflectivePlasticMaterial	getSpecularColorSpectrum()	method	v2	vrSpectrum	Get the current used material's color spectrum.
vrdReflectivePlasticMaterial	getSpecularTexture()	method	v2	vrdTexture	Gets access to all properties of the specular texture.
vrdReflectivePlasticMaterial	getSubsurfaceScattering()	method	v2	vrdSubsurfaceScattering	Gets access to all properties of vrdSubsurfaceScattering.
vrdReflectivePlasticMaterial	setDiffuseColor(value)	method	v2		Sets the diffuse reflection color of the material.
vrdReflectivePlasticMaterial	setDiffuseColorSpectrum(value)	method	v2		Sets the diffuse color spectrum.
vrdReflectivePlasticMaterial	setFresnelQuality(quality)	method	v2		Sets the intensity of a reflection, based on the viewing angle. The material reflectivity sets its intensity at normal incidence. Fast: Uses a fast, but less ac
vrdReflectivePlasticMaterial	setReflectivity(v)	method	v2		Controls the intensity of the reflection on the surface. The higher the value, the more the influence from the environment and objects around.
vrdReflectivePlasticMaterial	setSpecularColor(value)	method	v2		Sets the material's color for surfaces specular reflections, serving as a multiplier for your texture.
vrdReflectivePlasticMaterial	setSpecularColorSpectrum(value)	method	v2		Sets the material's color spectrum for surfaces specular reflections.
vrdRenderAnimationInfo	getAnimationId()	method	v2	integer	Gets the animation ID.
vrdRenderAnimationInfo	getEnd()	method	v2	integer	Gets the end frame of the animation.
vrdRenderAnimationInfo	getFrameStep()	method	v2	integer	Gets the frame step of the animation.
vrdRenderAnimationInfo	getStart()	method	v2	integer	Gets the start frame of the animation.
vrdRenderAutomationVariantSetGroup	addActiveVariantSetName(setName)	method	v2	bool	Adds a variant set name to the list of active variant sets.
vrdRenderAutomationVariantSetGroup	clearActiveVariantSetNames()	method	v2		Clears all active variant set names from the group.
vrdRenderAutomationVariantSetGroup	getActiveVariantSetCount()	method	v2	size_t	Gets the count of active variant sets in the group.
vrdRenderAutomationVariantSetGroup	getActiveVariantSetNames()	method	v2	List[string]	Gets the list of active variant set names in the group.
vrdRenderAutomationVariantSetGroup	getGroupName()	method	v2	string	Gets the name of the group.
vrdRenderAutomationVariantSetGroup	hasActiveVariantSetName(setName)	method	v2	bool	Checks if the group has an active variant set with the specified name.
vrdRenderAutomationVariantSetGroup	hasActiveVariantSets()	method	v2	bool	Checks if the group has any active variant sets.
vrdRenderAutomationVariantSetGroup	removeActiveVariantSetName(setName)	method	v2	bool	Removes a variant set name from the list of active variant sets.
vrdRenderAutomationVariantSetGroup	setActiveVariantSetNames(variantSets)	method	v2		Sets the list of active variant set names in the group.
vrdRenderAutomationVariantSetGroup	setGroupName(groupName)	method	v2		Sets the name of the group.
vrdRenderPasses	clearPasses()	method	v2		Disables all render passes by setting each pass to false.
vrdRenderPasses	getAlbedoPass()	method	v2	bool	Gets the status of the albedo pass.
vrdRenderPasses	getBackgroundColorPass()	method	v2	bool	Gets the status of the background color pass.
vrdRenderPasses	getBackplatePass()	method	v2	bool	Gets the status of the backplate pass.
vrdRenderPasses	getBeautyPass()	method	v2	bool	Gets the status of the beauty pass.
vrdRenderPasses	getCameraNormalPass()	method	v2	bool	Gets the status of the camera normal pass.
vrdRenderPasses	getCryptoMaterialPass()	method	v2	bool	Gets the status of the crypto material pass.
vrdRenderPasses	getCryptoObjectPass()	method	v2	bool	Gets the status of the crypto object pass.
vrdRenderPasses	getDepthMode()	method	v2	vrRenderSettingsTypes.DepthMode	Gets the mode for the depth pass calculation.
vrdRenderPasses	getDepthPass()	method	v2	bool	Gets the status of the depth pass.
vrdRenderPasses	getDepthRange()	method	v2	QVector2D	Gets the depth range.
vrdRenderPasses	getDiffuseColorPass()	method	v2	bool	Gets the status of the diffuse color pass.
vrdRenderPasses	getDiffuseIblIlluminationPass()	method	v2	bool	Gets the status of the diffuse IBL illumination pass.
vrdRenderPasses	getDiffuseIblPass()	method	v2	bool	Gets the status of the diffuse IBL pass.
vrdRenderPasses	getDiffuseIndirectIlluminationPass()	method	v2	bool	Gets the status of the diffuse indirect illumination pass.
vrdRenderPasses	getDiffuseIndirectPass()	method	v2	bool	Gets the status of the diffuse indirect pass.
vrdRenderPasses	getDiffuseLightIlluminationPass()	method	v2	bool	Gets the status of the diffuse light illumination pass.
vrdRenderPasses	getDiffuseLightPass()	method	v2	bool	Gets the status of the diffuse light pass.
vrdRenderPasses	getExportRenderpasses()	method	v2	bool	Returns if rendering with renderpasses is activated. All activated renderpasses are rendered and saved at a time.
vrdRenderPasses	getExportRenderpassesInVulkan()	method	v2	bool	returns Additional flag to export supported render passes in Vulkan. See vrdRenderPasses.setExportRenderpassesInVulkan(enabled) for more information.
vrdRenderPasses	getFogPass()	method	v2	bool	Gets the status of the fog pass.
vrdRenderPasses	getFrontplatePass()	method	v2	bool	Gets the status of the frontplate pass.
vrdRenderPasses	getGlossyColorPass()	method	v2	bool	Gets the status of the glossy color pass.
vrdRenderPasses	getGlossyIblIlluminationPass()	method	v2	bool	Gets the status of the glossy IBL illumination pass.
vrdRenderPasses	getGlossyIblPass()	method	v2	bool	Gets the status of the glossy IBL pass.
vrdRenderPasses	getGlossyIndirectIlluminationPass()	method	v2	bool	Gets the status of the glossy indirect illumination pass.
vrdRenderPasses	getGlossyIndirectPass()	method	v2	bool	Gets the status of the glossy indirect pass.
vrdRenderPasses	getGlossyLightIlluminationPass()	method	v2	bool	Gets the status of the glossy light illumination pass.
vrdRenderPasses	getGlossyLightPass()	method	v2	bool	Gets the status of the glossy light pass.
vrdRenderPasses	getIncandescencePass()	method	v2	bool	Gets the status of the incandescence pass.
vrdRenderPasses	getLensFlarePass()	method	v2	bool	Gets the status of the lens flare pass.
vrdRenderPasses	getMaskPass()	method	v2	bool	Gets the status of the mask pass.
vrdRenderPasses	getMaterialIdPass()	method	v2	bool	Gets the status of the material ID pass.
vrdRenderPasses	getNormalPass()	method	v2	bool	Gets the status of the normal pass.
vrdRenderPasses	getOcclusionPass()	method	v2	bool	Gets the status of the occlusion pass.
vrdRenderPasses	getOcclusionRange()	method	v2	QVector2D	Gets the occlusion range.
vrdRenderPasses	getPositionPass()	method	v2	bool	Gets the status of the position pass.
vrdRenderPasses	getSheenColorPass()	method	v2	bool	Gets the status of the sheen color pass.
vrdRenderPasses	getSheenIlluminationPass()	method	v2	bool	Gets the status of the sheen illumination pass.
vrdRenderPasses	getSheenPass()	method	v2	bool	Gets the status of the sheen pass.
vrdRenderPasses	getSpecularColorPass()	method	v2	bool	Gets the status of the specular color pass.
vrdRenderPasses	getSpecularIndirectIlluminationPass()	method	v2	bool	Gets the status of the specular indirect illumination pass.
vrdRenderPasses	getSpecularReflectionPass()	method	v2	bool	Gets the status of the specular reflection pass.
vrdRenderPasses	getTranslucencyColorPass()	method	v2	bool	Gets the status of the translucency color pass.
vrdRenderPasses	getTranslucencyIblIlluminationPass()	method	v2	bool	Gets the status of the translucency IBL illumination pass.
vrdRenderPasses	getTranslucencyIndirectIlluminationPass()	method	v2	bool	Gets the status of the translucency indirect illumination pass.
vrdRenderPasses	getTranslucencyLightIlluminationPass()	method	v2	bool	Gets the status of the translucency light illumination pass.
vrdRenderPasses	getTranslucencyPass()	method	v2	bool	Gets the status of the translucency pass.
vrdRenderPasses	getTransparencyColorPass()	method	v2	bool	Gets the status of the transparency color pass.
vrdRenderPasses	getViewVectorPass()	method	v2	bool	Gets the status of the view vector pass.
vrdRenderPasses	getVolumeColorPass()	method	v2	bool	Gets the status of the volume color pass.
vrdRenderPasses	setAlbedoPass(albedoPass)	method	v2		Sets the status of the albedo pass.
vrdRenderPasses	setBackgroundColorPass(backgroundColorPass)	method	v2		Sets the status of the background color pass.
vrdRenderPasses	setBackplatePass(backplatePass)	method	v2		Sets the status of the backplate pass.
vrdRenderPasses	setBeautyPass(beautyPass)	method	v2		Sets the status of the beauty pass.
vrdRenderPasses	setCameraNormalPass(cameraNormalPass)	method	v2		Sets the status of the camera normal pass.
vrdRenderPasses	setCryptoMaterialPass(cryptoMaterialPass)	method	v2		Sets the status of the crypto material pass.
vrdRenderPasses	setCryptoObjectPass(cryptoObjectPass)	method	v2		Sets the status of the crypto object pass.
vrdRenderPasses	setDepthMode(depthMode)	method	v2		Sets the mode for the depth pass calculation.
vrdRenderPasses	setDepthPass(depthPass)	method	v2		Sets the status of the depth pass.
vrdRenderPasses	setDepthRange(depthRange)	method	v2		Sets the depth range.
vrdRenderPasses	setDiffuseColorPass(diffuseColorPass)	method	v2		Sets the status of the diffuse color pass.
vrdRenderPasses	setDiffuseIblIlluminationPass(diffuseIblIlluminationPass)	method	v2		Sets the status of the diffuse IBL illumination pass.
vrdRenderPasses	setDiffuseIblPass(diffuseIblPass)	method	v2		Sets the status of the diffuse IBL pass.
vrdRenderPasses	setDiffuseIndirectIlluminationPass(diffuseIndirectIlluminationPass)	method	v2		Sets the status of the diffuse indirect illumination pass.
vrdRenderPasses	setDiffuseIndirectPass(diffuseIndirectPass)	method	v2		Sets the status of the diffuse indirect pass.
vrdRenderPasses	setDiffuseLightIlluminationPass(diffuseLightIlluminationPass)	method	v2		Sets the status of the diffuse light illumination pass.
vrdRenderPasses	setDiffuseLightPass(diffuseLightPass)	method	v2		Sets the status of the diffuse light pass.
vrdRenderPasses	setExportRenderpasses(exportRenderPasses)	method	v2		Activates rendering with renderpasses. All activated renderpasses are rendered and saved at a time.
vrdRenderPasses	setExportRenderpassesInVulkan(enabled)	method	v2		The Vulkan renderer supports a subset of the render passes for offline rendering. This flag allows to export these passes in Vulkan. By default, it is disabled.
vrdRenderPasses	setFogPass(fogPass)	method	v2		Sets the status of the fog pass.
vrdRenderPasses	setFrontplatePass(frontplatePass)	method	v2		Sets the status of the frontplate pass.
vrdRenderPasses	setGlossyColorPass(glossyColorPass)	method	v2		Sets the status of the glossy color pass.
vrdRenderPasses	setGlossyIblIlluminationPass(glossyIblIlluminationPass)	method	v2		Sets the status of the glossy IBL illumination pass.
vrdRenderPasses	setGlossyIblPass(glossyIblPass)	method	v2		Sets the status of the glossy IBL pass.
vrdRenderPasses	setGlossyIndirectIlluminationPass(glossyIndirectIlluminationPass)	method	v2		Sets the status of the glossy indirect illumination pass.
vrdRenderPasses	setGlossyIndirectPass(glossyIndirectPass)	method	v2		Sets the status of the glossy indirect pass.
vrdRenderPasses	setGlossyLightIlluminationPass(glossyLightIlluminationPass)	method	v2		Sets the status of the glossy light illumination pass.
vrdRenderPasses	setGlossyLightPass(glossyLightPass)	method	v2		Sets the status of the glossy light pass.
vrdRenderPasses	setIncandescencePass(incandescencePass)	method	v2		Sets the status of the incandescence pass.
vrdRenderPasses	setLensFlarePass(lensFlarePass)	method	v2		Sets the status of the lens flare pass.
vrdRenderPasses	setMaskPass(maskPass)	method	v2		Sets the status of the mask pass.
vrdRenderPasses	setMaterialIdPass(materialIdPass)	method	v2		Sets the status of the material ID pass.
vrdRenderPasses	setNormalPass(normalPass)	method	v2		Sets the status of the normal pass.
vrdRenderPasses	setOcclusionPass(occlusionPass)	method	v2		Sets the status of the occlusion pass.
vrdRenderPasses	setOcclusionRange(occlusionRange)	method	v2		Sets the occlusion range.
vrdRenderPasses	setPositionPass(positionPass)	method	v2		Sets the status of the position pass.
vrdRenderPasses	setSheenColorPass(sheenColorPass)	method	v2		Sets the status of the sheen color pass.
vrdRenderPasses	setSheenIlluminationPass(sheenIlluminationPass)	method	v2		Sets the status of the sheen illumination pass.
vrdRenderPasses	setSheenPass(sheenPass)	method	v2		Sets the status of the sheen pass.
vrdRenderPasses	setSpecularColorPass(specularColorPass)	method	v2		Sets the status of the specular color pass.
vrdRenderPasses	setSpecularIndirectIlluminationPass(specularIndirectIlluminationPass)	method	v2		Sets the status of the specular indirect illumination pass.
vrdRenderPasses	setSpecularReflectionPass(specularReflectionPass)	method	v2		Sets the status of the specular reflection pass.
vrdRenderPasses	setTranslucencyColorPass(translucencyColorPass)	method	v2		Sets the status of the translucency color pass.
vrdRenderPasses	setTranslucencyIblIlluminationPass(translucencyIblIlluminationPass)	method	v2		Sets the status of the translucency IBL illumination pass.
vrdRenderPasses	setTranslucencyIndirectIlluminationPass(translucencyIndirectIlluminationPass)	method	v2		Sets the status of the translucency indirect illumination pass.
vrdRenderPasses	setTranslucencyLightIlluminationPass(translucencyLightIlluminationPass)	method	v2		Sets the status of the translucency light illumination pass.
vrdRenderPasses	setTranslucencyPass(translucencyPass)	method	v2		Sets the status of the translucency pass.
vrdRenderPasses	setTransparencyColorPass(transparencyColorPass)	method	v2		Sets the status of the transparency color pass.
vrdRenderPasses	setViewVectorPass(viewVectorPass)	method	v2		Sets the status of the view vector pass.
vrdRenderPasses	setVolumeColorPass(volumeColorPass)	method	v2		Sets the status of the volume color pass.
vrdRenderSettings	addVariantSetGroup(groupName)	method	v2	vrdRenderAutomationVariantSetGroup	Adds a variant set group.
vrdRenderSettings	canVariantSetViewpointBeUsed()	method	v2	bool	Checks if the viewpoints defined in variant sets can be used. If variant sets are not used, their viewpoints will not be used. If a camera track is used, the ca
vrdRenderSettings	clearVariantSetGroups()	method	v2		Clears all variant set groups.
vrdRenderSettings	findVariantSetGroup(name)	method	v2	vrdRenderAutomationVariantSetGroup	Finds a variant set group by name.
vrdRenderSettings	getAaThresholdQuality()	method	v2	vrRenderSettingsTypes.AAthresholdQuality	Gets the AA threshold quality. The "Highest Quality" disables adaptive antialiasing and delivers the highest quality but might waste computations of regions of 
vrdRenderSettings	getAllowShaderExecutionReordering()	method	v2	bool	Gets whether shader execution reordering is allowed. If enabled, the GPU raytracer is permitted to reorder shader executions to improve performance on supported
vrdRenderSettings	getAnimationClip()	method	v2	string	Gets the clip.
vrdRenderSettings	getAnimationFormat()	method	v2	vrRenderSettingsTypes.AnimationFormat	Gets the animation format.
vrdRenderSettings	getAnimationFps()	method	v2	integer	Returns the frame rate for the output movie. This option is available when the Movie format is selected, see vrdRenderSettings.getAnimationFormat() and vrdRende
vrdRenderSettings	getAnimationFrameStep()	method	v2	integer	Gets the step frame value. Frame step skips the set value of frames, when rendering out an animation, to reduce the render time when testing a rendered sequence
vrdRenderSettings	getAnimationInfo()	method	v2	vrdRenderAnimationInfo	Gets the animation settings.
vrdRenderSettings	getAnimationStartFrame()	method	v2	integer	Gets the first frame of the animation.
vrdRenderSettings	getAnimationStopFrame()	method	v2	integer	Gets the last frame of the animation.
vrdRenderSettings	getAnimationType()	method	v2	vrRenderSettingsTypes.AnimationType	Gets the animation type.
vrdRenderSettings	getAutomaticPhotonMapUpdate()	method	v2	bool	Returns if automatic updating of the photon map is enabled.
vrdRenderSettings	getBackgroundColor()	method	v2	QVector3D	Gets the background color.
vrdRenderSettings	getBrdfMode()	method	v2	vrRenderSettingsTypes.BRDFMode	Gets the BRDF mode. (Deprecated, this method is still here for backward compatibility only).
vrdRenderSettings	getClampValue()	method	v2	float	Gets the clamp value. Clamping value is only taken into account if vrdRenderSettings.getUseClamping() is set to True.
vrdRenderSettings	getDenoiseAlpha()	method	v2	bool	Returns if denoising of the alpha channel is enabled.
vrdRenderSettings	getDenoiserInput()	method	v2	vrRenderSettingsTypes.DenoiserInput	Gets the denoiser input type.
vrdRenderSettings	getDenoiserMode()	method	v2	vrRenderSettingsTypes.DenoiserMode	Gets the denoiser mode.
vrdRenderSettings	getDenoiserType()	method	v2	vrRenderSettingsTypes.DenoiserType	Gets the denoiser type.
vrdRenderSettings	getDisplayLuminance()	method	v2	float	Gets the display luminance.
vrdRenderSettings	getEnableCostVisualization()	method	v2	bool	Enables a visualization of the costs per traced pixel block for the raytracer. Black to blue colors represent a lower cost (fast to compute) while red to white 
vrdRenderSettings	getEnableNURBSRaytracing()	method	v2	bool	Get the NURBS raytracing state.
vrdRenderSettings	getEnablePhotometricParameters()	method	v2	bool	Gets the photometric parameters status.
vrdRenderSettings	getEnableSpectralRaytracing()	method	v2	bool	Gets the spectral raytracing status.
vrdRenderSettings	getExportAlphaChannel()	method	v2	bool	Gets the alpha channel status.
vrdRenderSettings	getExportExrHalf()	method	v2	bool	Gets the EXR half status. If set to true, EXR files are written in 16 bit format. If photometric parameters are chosen 32 bit floating point will always be used
vrdRenderSettings	getExportMultiLayerImageForRenderpasses()	method	v2	bool	Gets the multi-layer status for renderpasses.
vrdRenderSettings	getExportTiffInHDR()	method	v2	bool	Gets the TIFF HDR status.
vrdRenderSettings	getFilename()	method	v2	string	Returns the path and name of the image file to save the rendering to.
vrdRenderSettings	getFinalGatherRadius()	method	v2	float	Gets the initial search radius for the lookup into the indirect illumination photon map.
vrdRenderSettings	getGlobalVolumeMaxQuality()	method	v2	integer	Gets the global volume quality.
vrdRenderSettings	getHeight()	method	v2	integer	Gets the height of the render.
vrdRenderSettings	getIccProfile()	method	v2	vrRenderSettingsTypes.ICCProfile	Gets the ICC Profile for the rendering.
vrdRenderSettings	getIgnoreOverrideIblSampling()	method	v2	bool	Gets the ignore override IBL sampling status. Each material can bring its own IBL sampling quality. That means, you can use different render settings for each m
vrdRenderSettings	getIgnoreOverrideIllumination()	method	v2	bool	Gets the ignore override illumination status. Each material can bring its own illumination mode. That means, you can use different render settings for each mate
vrdRenderSettings	getIgnoreOverrideReflectionSampling()	method	v2	bool	Gets the ignore override reflection sampling status. Each material can bring its own reflection/refraction quality. That means, you can use different render set
vrdRenderSettings	getIgnoreOverrideTraceDepth()	method	v2	bool	Gets the ignore override trace depth status. Each material can bring its own trace depth. That means, you can use different render settings for each material. T
vrdRenderSettings	getIlluminant()	method	v2	vrRenderSettingsTypes.Illuminant	Returns the illuminant to be considered as white.
vrdRenderSettings	getImageSamples()	method	v2	integer	Gets the number of image samples taken during stillframe antialiasing for the calculation of an image. The image samples are taken into account if vrdRenderSett
vrdRenderSettings	getImageSamplingMode()	method	v2	vrRenderSettingsTypes.ImageSamplingMode	Return the image sampling mode. See also vrdRenderSettings.getImageSamples() and vrdRenderSettings.getRenderTimeLimit().
vrdRenderSettings	getIndirectPhotonRadius()	method	v2	float	Gets the indirect photon radius.
vrdRenderSettings	getInteractiveFinalGatherQuality()	method	v2	integer	Gets the interactive final gather quality.
vrdRenderSettings	getInteractiveIblSamplingQuality()	method	v2	integer	Gets the interactive IBL sampling quality.
vrdRenderSettings	getInteractiveIlluminationMode()	method	v2	vrRenderSettingsTypes.IlluminationMode	Returns the Illumination mode during interactive rendering.
vrdRenderSettings	getInteractivePhotonCount()	method	v2	integer	Returns the number of photons emitted per image sample.
vrdRenderSettings	getInteractiveReflectionSamplingQuality()	method	v2	integer	Gets the reflection/refraction quality for interactive rendering.
vrdRenderSettings	getInteractiveTextureSharpness()	method	v2	float	Gets the interactive texture sharpness.
vrdRenderSettings	getInteractiveTraceDepth()	method	v2	integer	Returns the maximum raytrace depth during interactive rendering. No more bounces are performed after reaching this limit.
vrdRenderSettings	getInteractiveVolumeScatterDepth()	method	v2	integer	Gets the interactive volume scatter depth.
vrdRenderSettings	getKeepUndenoisedImage()	method	v2	bool	Gets the keep undenoised image status.
vrdRenderSettings	getLightOptimizationMode()	method	v2	bool	Returns if optimizations for scenes with many light sources is enabled. While this gives massive speed improvements, it might fail in some situations.
vrdRenderSettings	getMetaDataFlags()	method	v2	vrRenderSettingsTypes.MetaDataFlags	Gets the meta data flags. This feature embeds certain scene settings in the rendered output. Later, you can import the rendering into VRED, using File > Import 
vrdRenderSettings	getPhotonLookupCount()	method	v2	integer	Gets the photon lookup count.
vrdRenderSettings	getPhotonMapRefreshMode()	method	v2	vrRenderSettingsTypes.PhotonMapRefreshMode	Returns how often the photon map is rebuilt if final gathering is turned on.
vrdRenderSettings	getPhotonMode()	method	v2	vrRenderSettingsTypes.PhotonMode	Gets the photon mode.
vrdRenderSettings	getPhotonTraceDepth()	method	v2	integer	Gets the photon trace depth.
vrdRenderSettings	getPixelFilterHeight()	method	v2	float	Gets the filter height.
vrdRenderSettings	getPixelFilterType()	method	v2	vrRenderSettingsTypes.PixelFilterType	Gets the filter type.
vrdRenderSettings	getPixelFilterWidth()	method	v2	float	Gets the filter width.
vrdRenderSettings	getPixelHeight()	method	v2	float	Gets the pixel height.
vrdRenderSettings	getPixelWidth()	method	v2	float	Gets the pixel width.
vrdRenderSettings	getPremultiplyAlpha()	method	v2	bool	Gets the premultiply alpha status.
vrdRenderSettings	getPrintingHeight()	method	v2	float	Gets the print height.
vrdRenderSettings	getPrintingResolution()	method	v2	float	Gets the printing resolution.
vrdRenderSettings	getPrintingWidth()	method	v2	float	Gets the printing width.
vrdRenderSettings	getRaytracedAmbientOcclusionSettings()	method	v2	vrdRaytracedAmbientOcclusionSettings	Access the settings for Ray Traced Ambient Occlusion for the Vulkan renderer.
vrdRenderSettings	getRaytracedDiffuseGISettings()	method	v2	vrdRaytracedDiffuseGISettings	Access the settings for Raytraced Diffuse GI for the Vulkan renderer.
vrdRenderSettings	getRaytracedEnvironmentShadowsSettings()	method	v2	vrdRaytracedEnvironmentShadowsSettings	Access the settings for Ray Traced Environment Shadows for the Vulkan renderer.
vrdRenderSettings	getRaytracedReflectionsSettings()	method	v2	vrdRaytracedReflectionsSettings	Access the settings for Ray Traced Reflections for the Vulkan renderer.
vrdRenderSettings	getRealtimeEnvironmentShadowsMode()	method	v2	vrRenderSettingsTypes.RealtimeEnvironmentShadowsMode	Gets the mode of the real-time environment shadows to use in rasterization, if enabled.
vrdRenderSettings	getRegionEndX()	method	v2	integer	Gets the region end X coordinate.
vrdRenderSettings	getRegionEndY()	method	v2	integer	Gets the region end Y coordinate.
vrdRenderSettings	getRegionStartX()	method	v2	integer	Gets the region start X coordinate.
vrdRenderSettings	getRegionStartY()	method	v2	integer	Gets the region start Y coordinate.
vrdRenderSettings	getRenderAnimation()	method	v2	bool	Gets the render animation status.
vrdRenderSettings	getRenderingColorspace()	method	v2	vrRenderSettingsTypes.RenderingColorSpace	Gets the rendering colorspace.
vrdRenderSettings	getRenderPasses()	method	v2	vrdRenderPasses	Gets the render passes.
vrdRenderSettings	getRenderTimeLimit()	method	v2	integer	Gets the render time limit in seconds. This value is only used if vrdRenderSettings.getImageSamplingMode() is set to vrRenderSettingsTypes.ImageSamplingMode.Tim
vrdRenderSettings	getSampleOffset()	method	v2	integer	Gets the sample offset value.
vrdRenderSettings	getScreenSpaceAmbientOcclusionSettings()	method	v2	vrdScreenSpaceAmbientOcclusionSettings	Access the settings for Screen Space Ambient Occlusion for Rasterization.
vrdRenderSettings	getStillFrameFinalGatherQuality()	method	v2	integer	Gets the still frame final gather quality.
vrdRenderSettings	getStillFrameIblSamplingQuality()	method	v2	integer	Gets the still frame IBL sampling quality.
vrdRenderSettings	getStillFrameIlluminationMode()	method	v2	vrRenderSettingsTypes.IlluminationMode	Gets the Illumination mode during still frame rendering.
vrdRenderSettings	getStillFramePhotonCount()	method	v2	integer	Returns the number of photons emitted per image sample.
vrdRenderSettings	getStillFrameReflectionSamplingQuality()	method	v2	integer	Gets the reflection/refraction quality for still frame rendering.
vrdRenderSettings	getStillFrameTextureSharpness()	method	v2	float	Gets the still frame texture sharpness.
vrdRenderSettings	getStillFrameTraceDepth()	method	v2	integer	Gets the maximum raytrace depth during still frame rendering. No more bounces are performed after reaching this limit.
vrdRenderSettings	getStillFrameVolumeScatterDepth()	method	v2	integer	Gets the still frame volume scatter depth.
vrdRenderSettings	getTonemapHDR()	method	v2	bool	Return true if tone mapping is applied to the high dynamic range image rendering.
vrdRenderSettings	getTransparencyMode()	method	v2	vrRenderSettingsTypes.TransparencyMode	Returns current transparency mode in rasterization.
vrdRenderSettings	getUpdateRenderSamplesThreshold()	method	v2	integer	Gets the update samples threshold.
vrdRenderSettings	getUseAnimationClipRange()	method	v2	bool	Gets the use clip range status.
vrdRenderSettings	getUseAutomaticPhotonRadius()	method	v2	bool	Gets the status of using automatic radius for photons. If enabled, a preprocess is doing a lookup of the 16 closest photons for each photon in the scene and cal
vrdRenderSettings	getUseClamping()	method	v2	bool	Gets the clamping status. This might help in filtering out single bright spots but limiting the maximum value a pixel can take the the given value.
vrdRenderSettings	getUseCurrentView()	method	v2	bool	Checks if the current view is used.
vrdRenderSettings	getUseFinalGatherForGlossy()	method	v2	bool	Gets the status of using final gather for glossy. If activated, glossy reflections are not evaluated by path tracing but use the final gather map instead. This 
vrdRenderSettings	getUseInfiniteRendering()	method	v2	bool	Returns if the calculation of the image samples is set as endless. If set to False, there are as many image samples calculated as set in vrdRenderSettings.getIm
vrdRenderSettings	getUseRaySplitting()	method	v2	bool	Gets the ray splitting status. If enabled a ray hitting a glass material for the first time will be split into following the reflection and refraction direction
vrdRenderSettings	getUseRaytracedReflections()	method	v2	bool	Gets if the raytraced reflections are enabled in the Vulkan renderer.
vrdRenderSettings	getUseRealtimeEnvironmentShadows()	method	v2	bool	Gets if real-time environment shadows are used in rasterization. When real-time environment shadows are used, baked shadows are ignored.
vrdRenderSettings	getUseRenderRegion()	method	v2	bool	Gets the use render region status.
vrdRenderSettings	getUseRenderTimeLimit()	method	v2	bool	Convenience method to check if a render time limit is used for rendering. This is equivalent to vrdRenderSettings.getImageSamplingMode() == vrRenderSettingsType
vrdRenderSettings	getUseScreenSpaceRefractions()	method	v2	bool	Gets if screen space refractions are used (only supported in Vulkan rendering mode).
vrdRenderSettings	getUseSupersampling()	method	v2	bool	Returns if supersampling for the rendering.
vrdRenderSettings	getUseTimeStamp()	method	v2	bool	Gets the use timestamp status.
vrdRenderSettings	getUseTwoSampleImportanceSampling()	method	v2	bool	Gets the status of using two-sample importance sampling. If enabled two samples will be evaluated for IBL importance sampling. If disabled one sample will be us
vrdRenderSettings	getUseVariantSets()	method	v2	bool	Gets the status of variant sets usage. Use the Variant Sets section to easily render multiple versions of a model in VRED. Render a red car in a garage, yellow 
vrdRenderSettings	getUseVariantSetViewpoints()	method	v2	bool	Returns true if the set viewpoint is ignored and viewpoints set in variant sets are used.
vrdRenderSettings	getVariantSetGroups()	method	v2	List[vrdRenderAutomationVariantSetGroup]	Gets the list of variant set groups.
vrdRenderSettings	getView()	method	v2	vrdNode	Gets the view.
vrdRenderSettings	getVolumeEvaluationMode()	method	v2	vrRenderSettingsTypes.VolumeEvaluationMode	Gets the volume evaluation mode.
vrdRenderSettings	getWidth()	method	v2	integer	Gets the width of the render.
vrdRenderSettings	isCameraTrackUsed()	method	v2	bool	Checks if a camera track is being exported. This is equivalent to checking if vrdRenderSettings.getView().dynamicCast<vrdCameraTrack>().isValid().
vrdRenderSettings	isExportingToCameraTrackDirectory()	method	v2	bool	If a camera track is used (see vrdRenderSettings.getView()) and no animation is rendered (see vrdRenderSettings.getRenderAnimation()), an image is rendered for 
vrdRenderSettings	isExportingVariantSetViewpoints()	method	v2	bool	Checks if the viewpoints from variant sets are used for export. To use the viewpoints from variant sets, ensure that variant sets are added, and the use of vari
vrdRenderSettings	isMovie()	method	v2	bool	Checks if a movie is being exported. This method verifies if animations are enabled and if the output is a movie rather than a sequence of images. See vrRenderS
vrdRenderSettings	removeVariantSetGroup(groupName)	method	v2	bool	Removes a variant set group.
vrdRenderSettings	reorderVariantSetGroups(groupNames)	method	v2	bool	Reorders the variant set groups.
vrdRenderSettings	setAaThresholdQuality(aaThresholdQuality)	method	v2		Sets the quality level for the adaptive antialiasing. Settings the quality level to "Highest Quality" disables adaptive antialiasing and delivers the highest qu
vrdRenderSettings	setAllowShaderExecutionReordering(allowShaderExecutionReordering)	method	v2		Sets whether shader execution reordering is allowed. If enabled, the GPU raytracer is permitted to reorder shader executions to improve performance on supported
vrdRenderSettings	setAnimationClip(clip)	method	v2		Sets the clip. The clip is only used when no camera track animation or variant is set, see vrdRenderSettings.getView() and vrdRenderSettings.getUseVariantSets()
vrdRenderSettings	setAnimationFormat(animationFormat)	method	v2		Sets the animation format.
vrdRenderSettings	setAnimationFps(fps)	method	v2		Defines the frame rate for the output movie. This option is available when the Movie format is selected, see vrdRenderSettings.getAnimationFormat() and vrdRende
vrdRenderSettings	setAnimationFrameStep(stepFrame)	method	v2		Sets the step frame value. Frame step skips the set value of frames, when rendering out an animation, to reduce the render time when testing a rendered sequence
vrdRenderSettings	setAnimationStartFrame(startFrame)	method	v2		Sets the first frame of the animation.
vrdRenderSettings	setAnimationStopFrame(stopFrame)	method	v2		Sets the last frame of the animation.
vrdRenderSettings	setAnimationType(animationType)	method	v2		Sets the animation type.
vrdRenderSettings	setAutomaticPhotonMapUpdate(autoUpdate)	method	v2		Enables automatic updating of the photon map.
vrdRenderSettings	setBackgroundColor(backgroundColor)	method	v2		Sets the background color.
vrdRenderSettings	setBrdfMode(brdfMode)	method	v2		Sets the BRDF mode. (Deprecated, this method is still here for backward compatibility only).
vrdRenderSettings	setClampValue(clampValue)	method	v2		Sets the clamp value. Clamping value is only taken into account if vrdRenderSettings.getUseClamping() is set to True.
vrdRenderSettings	setDenoiseAlpha(denoiseAlpha)	method	v2		Enables/Disables denoising of the alpha channel.
vrdRenderSettings	setDenoiserInput(denoiserInput)	method	v2		Sets the denoiser input type.
vrdRenderSettings	setDenoiserMode(denoiseFilter)	method	v2		Sets the denoiser mode.
vrdRenderSettings	setDenoiserType(denoiserType)	method	v2		Sets the denoiser type.
vrdRenderSettings	setDisplayLuminance(displayLuminance)	method	v2		Sets the display luminance.
vrdRenderSettings	setEnableCostVisualization(enableCostVisualization)	method	v2		Enables a visualization of the costs per traced pixel block for the raytracer. Black to blue colors represent a lower cost (fast to compute) while red to white 
vrdRenderSettings	setEnableNURBSRaytracing(nurbsMode)	method	v2		Enables/Disables direct NURBS raytracing.
vrdRenderSettings	setEnablePhotometricParameters(enablePhotometricParameters)	method	v2		Sets the photometric parameters status. Enables photometric parameters for all the light sources, materials, environment maps, cameras, the display, and the cla
vrdRenderSettings	setEnablePhotometricParametersWithoutValueAdjustment(enablePhotometricParameters)	method	v2		Sets the photometric parameters status. Enables photometric parameters for all the light sources, materials, environment maps, cameras, the display, and the cla
vrdRenderSettings	setEnableSpectralRaytracing(enableSpectralRaytracing)	method	v2		Sets the spectral raytracing status.
vrdRenderSettings	setExportAlphaChannel(alpha)	method	v2		Sets the alpha channel status.
vrdRenderSettings	setExportExrHalf(exrHalf)	method	v2		Sets the EXR half status. If set to true, EXR files are written in 16 bit format. If photometric parameters are chosen 32 bit floating point will always be used
vrdRenderSettings	setExportMultiLayerImageForRenderpasses(multiLayer)	method	v2		Sets the multi-layer status.
vrdRenderSettings	setExportTiffInHDR(tiffHDR)	method	v2		Sets the TIFF HDR status.
vrdRenderSettings	setFilename(filename)	method	v2		Sets the path and name of the image file to save the rendering to.
vrdRenderSettings	setFinalGatherRadius(finalGatherRadius)	method	v2		Sets the initial search radius for the lookup into the indirect illumination photon map.
vrdRenderSettings	setGlobalVolumeMaxQuality(globalVolumeQuality)	method	v2		Sets the global volume quality.
vrdRenderSettings	setIccProfile(iccProfile)	method	v2		Sets the ICC Profile for the rendering.
vrdRenderSettings	setIgnoreOverrideIblSampling(ignoreOverrideIblSampling)	method	v2		Sets the ignore override IBL sampling status. Each material can bring its own IBL sampling quality.` That means, you can use different render settings for each 
vrdRenderSettings	setIgnoreOverrideIllumination(ignoreOverrideIllumination)	method	v2		Sets the ignore override illumination mode status. Each material can bring its own illumination mode. That means, you can use different render settings for each
vrdRenderSettings	setIgnoreOverrideReflectionSampling(ignoreOverrideReflectionSampling)	method	v2		Sets the ignore override reflection quality status. Each material can bring its own reflection/refraction quality. That means, you can use different render sett
vrdRenderSettings	setIgnoreOverrideTraceDepth(ignoreOverrideTraceDepth)	method	v2		Sets the ignore override trace depth status. Each material can bring its own trace depth. That means, you can use different render settings for each material. T
vrdRenderSettings	setIlluminant(illuminant)	method	v2		Sets the illuminant to be considered as white.
vrdRenderSettings	setImageSamples(imageSamples)	method	v2		Sets the number of image samples taken during stillframe antialiasing for the calculation of an image. The image samples are taken into account if vrdRenderSett
vrdRenderSettings	setImageSamplingMode(imageSamplingMode)	method	v2		Sets whether to use fixed image sample count or time limit.
vrdRenderSettings	setIndirectPhotonRadius(indirectPhotonRadius)	method	v2		Sets the indirect photon radius.
vrdRenderSettings	setInteractiveFinalGatherQuality(interactiveFinalGatherQuality)	method	v2		Sets the interactive final gather quality.
vrdRenderSettings	setInteractiveIblSamplingQuality(samplingQuality)	method	v2		Sets the interactive IBL sampling quality.
vrdRenderSettings	setInteractiveIlluminationMode(interactiveIlluminationMode)	method	v2		Sets the Illumination mode during interactive rendering.
vrdRenderSettings	setInteractivePhotonCount(interactivePhotonCount)	method	v2		Sets the number of photons to emit per image sample.
vrdRenderSettings	setInteractiveReflectionSamplingQuality(interactiveQuality)	method	v2		Sets the reflection/refraction quality for interactive rendering.
vrdRenderSettings	setInteractiveTextureSharpness(interactiveTextureSharpness)	method	v2		Sets the interactive texture sharpness.
vrdRenderSettings	setInteractiveTraceDepth(traceDepth)	method	v2		Sets the maximum raytrace depth during interactive rendering. No more bounces are performed after reaching this limit.
vrdRenderSettings	setInteractiveVolumeScatterDepth(interactiveVolumeScatterDepth)	method	v2		Sets the interactive volume scatter depth.
vrdRenderSettings	setKeepUndenoisedImage(keepUndenoisedImage)	method	v2		Sets the keep undenoised image status.
vrdRenderSettings	setLightOptimizationMode(lightOptimizationMode)	method	v2		Enables/Disables optimizations for scenes with many light sources. While this gives massive speed improvements, it might fail in some situations.
vrdRenderSettings	setMetaDataFlags(metaDataFlags)	method	v2		Sets the meta data flags. This feature embeds certain scene settings in the rendered output. Later, you can import the rendering into VRED, using File > Import 
vrdRenderSettings	setPhotonLookupCount(photonLookupCount)	method	v2		Sets the photon lookup count.
vrdRenderSettings	setPhotonMapRefreshMode(photonMapRefreshMode)	method	v2		Sets how often the photon map is rebuilt if final gathering is turned on.
vrdRenderSettings	setPhotonMode(photonMode)	method	v2		Sets the photon mode.
vrdRenderSettings	setPhotonTraceDepth(photonTraceDepth)	method	v2		Sets the photon trace depth.
vrdRenderSettings	setPixelFilterHeight(filterHeight)	method	v2		Sets the filter height.
vrdRenderSettings	setPixelFilterType(filterType)	method	v2		Sets the filter type.
vrdRenderSettings	setPixelFilterWidth(filterWidth)	method	v2		Sets the filter width.
vrdRenderSettings	setPixelHeight(pixelHeight)	method	v2		Sets the pixel height.
vrdRenderSettings	setPixelWidth(pixelWidth)	method	v2		Sets the pixel width.
vrdRenderSettings	setPremultiplyAlpha(premultiplyAlpha)	method	v2		Sets the premultiply alpha status.
vrdRenderSettings	setPrintingHeight(printHeight)	method	v2		Sets the print height.
vrdRenderSettings	setPrintingResolution(ppi)	method	v2		Gets the printing resolution.
vrdRenderSettings	setPrintingWidth(printingWidth)	method	v2		Sets the printing width.
vrdRenderSettings	setRealtimeEnvironmentShadowsMode(mode)	method	v2		Sets the mode of the real-time environment shadows to use in rasterization, if enabled.
vrdRenderSettings	setRegionEndX(regionEndX)	method	v2		Sets the region end X coordinate.
vrdRenderSettings	setRegionEndY(regionEndY)	method	v2		Sets the region end Y coordinate.
vrdRenderSettings	setRegionStartX(regionStartX)	method	v2		Sets the region start X coordinate.
vrdRenderSettings	setRegionStartY(regionStartY)	method	v2		Sets the region start Y coordinate.
vrdRenderSettings	setRenderAnimation(renderAnimation)	method	v2		Sets the render animation status.
vrdRenderSettings	setRenderingColorspace(renderingColorspace)	method	v2		Sets the rendering colorspace.
vrdRenderSettings	setRenderPasses(renderPasses)	method	v2		Sets the render passes.
vrdRenderSettings	setRenderTimeLimit(timeLimit)	method	v2		Sets the maximum duration for creating a single image (in seconds), This value is only used if vrdRenderSettings.getImageSamplingMode() is set to vrRenderSettin
vrdRenderSettings	setSampleOffset(sampleOffset)	method	v2		Sets the sample offset value.
vrdRenderSettings	setStillFrameFinalGatherQuality(stillFrameFinalGatherQuality)	method	v2		Sets the still frame final gather quality.
vrdRenderSettings	setStillFrameIblSamplingQuality(samplingQuality)	method	v2		Sets the still frame IBL sampling quality.
vrdRenderSettings	setStillFrameIlluminationMode(stillFrameIlluminationMode)	method	v2		Sets the Illumination mode during still frame rendering.
vrdRenderSettings	setStillFramePhotonCount(stillFramePhotonCount)	method	v2		Sets the number of photons to emit per image sample.
vrdRenderSettings	setStillFrameReflectionSamplingQuality(stillFrameQuality)	method	v2		Sets the reflection/refraction quality for still frame rendering.
vrdRenderSettings	setStillFrameTextureSharpness(stillFrameTextureSharpness)	method	v2		Sets the still frame texture sharpness.
vrdRenderSettings	setStillFrameTraceDepth(traceDepth)	method	v2		Sets the maximum raytrace depth during still frame rendering. No more bounces are performed after reaching this limit.
vrdRenderSettings	setStillFrameVolumeScatterDepth(stillFrameVolumeScatterDepth)	method	v2		Sets the still frame volume scatter depth.
vrdRenderSettings	setTonemapHDR(tonemapHdr)	method	v2		Applies tone mapping to the high dynamic range image rendering.
vrdRenderSettings	setTransparencyMode(mode)	method	v2		
vrdRenderSettings	setUpdateRenderSamplesThreshold(samplesThreshold)	method	v2		Sets the update samples threshold.
vrdRenderSettings	setUseAnimationClipRange(useClipRange)	method	v2		Sets the use clip range status.
vrdRenderSettings	setUseAutomaticPhotonRadius(photonUseAutomaticRadius)	method	v2		Sets the status of using automatic radius for photons. If enabled, a preprocess is doing a lookup of the 16 closest photons for each photon in the scene and cal
vrdRenderSettings	setUseClamping(useClamping)	method	v2		Sets the clamping status. This might help in filtering out single bright spots but limiting the maximum value a pixel can take the the given value.
vrdRenderSettings	setUseCurrentView()	method	v2		Sets that the current view (currently active camera) should be used for exporting images.
vrdRenderSettings	setUseFinalGatherForGlossy(useFinalGatherForGlossy)	method	v2		Sets the status of using final gather for glossy. If activated, glossy reflections are not evaluated by path tracing but use the final gather map instead. This 
vrdRenderSettings	setUseInfiniteRendering(useInfiniteRendering)	method	v2		Sets the calculation of the image samples as endless. If set to False, there are as many image samples calculated as set in vrdRenderSettings.getImageSamples() 
vrdRenderSettings	setUseRaySplitting(useRaySplitting)	method	v2		Sets the ray splitting status. If enabled a ray hitting a glass material for the first time will be split into following the reflection and refraction direction
vrdRenderSettings	setUseRaytracedReflections(b)	method	v2		Enable or disable raytraced reflections in the Vulkan renderer.
vrdRenderSettings	setUseRealtimeEnvironmentShadows(b)	method	v2		Sets if real-time environment shadows should be used in rasterization.
vrdRenderSettings	setUseRenderRegion(useRenderRegion)	method	v2		Sets the use render region status.
vrdRenderSettings	setUseRenderTimeLimit(useRenderTimeLimit)	method	v2		Convenience method to use a render time limit for rendering. This is equivalent to setting vrdRenderSettings.setImageSamplingMode(imageSamplingMode) to vrRender
vrdRenderSettings	setUseScreenSpaceRefractions(b)	method	v2		Sets if screen space refractions should be used (only supported in Vulkan rendering mode).
vrdRenderSettings	setUseSupersampling(supersampling)	method	v2		Enables supersampling for the rendering.
vrdRenderSettings	setUseTimeStamp(useTimeStamp)	method	v2		Sets the use timestamp status.
vrdRenderSettings	setUseTwoSampleImportanceSampling(useTwoSampleImportanceSampling)	method	v2		Sets the status of using two-sample importance sampling. If enabled two samples will be evaluated for IBL importance sampling. If disabled one sample will be us
vrdRenderSettings	setUseVariantSets(variantSetsUsed)	method	v2		Sets the status of variant sets usage. Use the Variant Sets section to easily render multiple versions of a model in VRED. Render a red car in a garage, yellow 
vrdRenderSettings	setUseVariantSetViewpoints(variantSetViewpointsUsed)	method	v2		Setting this to true will ignore the set viewpoint and uses what is set in the variant sets.
vrdRenderSettings	setVariantSetGroups(variantSetGroups)	method	v2		Sets the list of variant set groups.
vrdRenderSettings	setView(view)	method	v2		Sets the view.
vrdRenderSettings	setVolumeEvaluationMode(volumeEvaluationMode)	method	v2		Sets the volume evaluation mode.
vrdRenderStatistic	getAnimationFramesCount()	method	v2	integer	Gets the count of animation frames.
vrdRenderStatistic	getRenderPassesCount()	method	v2	integer	Gets the count of render passes.
vrdRenderStatistic	getRenderPassesImagesCount()	method	v2	integer	Gets the count of render pass images.
vrdRenderStatistic	getStereoImagesCount()	method	v2	integer	Gets the count of stereo images.
vrdRenderStatistic	getTotalFilesCount()	method	v2	integer	Gets the total count of files.
vrdRenderStatistic	getTotalRendersCount()	method	v2	integer	Gets the total count of renders.
vrdRenderStatistic	getVariantSetRendersCount()	method	v2	integer	Gets the count of variant set renders.
vrdRenderStatistic	getVariantSetsCount()	method	v2	integer	Gets the count of variant sets.
vrdRenderStatistic	getViewpointsCount()	method	v2	integer	Gets the count of viewpoints.
vrdRoughnessTexture	getMaximumRoughness()	method	v2	float	Gets the roughness value in U direction to which a texture value of 1 is mapped. Note: this function does the same as calling vrdRoughnessTexture.getMaximumRoug
vrdRoughnessTexture	getMaximumRoughnessU()	method	v2	float	Gets the roughness value in U direction to which a texture value of 1 is mapped.
vrdRoughnessTexture	getMaximumRoughnessV()	method	v2	float	Gets the roughness value in V direction to which a texture value of 1 is mapped. If the material does not support this setting, it returns vrdRoughnessTexture.g
vrdRoughnessTexture	getMinimumRoughness()	method	v2	float	Gets the roughness value in U direction to which a texture value of 0 is mapped. Note: this function does the same as calling vrdRoughnessTexture.getMinimumRoug
vrdRoughnessTexture	getMinimumRoughnessU()	method	v2	float	Gets the roughness value in U direction to which a texture value of 0 is mapped.
vrdRoughnessTexture	getMinimumRoughnessV()	method	v2	float	Gets the roughness value in V direction to which a texture value of 0 is mapped. If the material does not support this setting, it returns vrdRoughnessTexture.g
vrdRoughnessTexture	getRoughnessMapType()	method	v2	vrRoughnessTextureTypes.ValueMapping	Returns the current roughness texture value map type.
vrdRoughnessTexture	setMaximumRoughness(maximumRoughness)	method	v2		Sets the roughness value in U direction to which a texture value of 1 is mapped. Note: this function does the same as calling vrdRoughnessTexture.setMaximumRoug
vrdRoughnessTexture	setMaximumRoughnessU(maximumRoughness)	method	v2		Sets the roughness value in U direction to which a texture value of 1 is mapped.
vrdRoughnessTexture	setMaximumRoughnessV(maximumRoughness)	method	v2		Sets the roughness value in V direction to which a texture value of 1 is mapped. Call vrdRoughnessTexture.supportsMaximumRoughnessV() to query if this material 
vrdRoughnessTexture	setMinimumRoughness(minimumRoughness)	method	v2		Sets the roughness value in U direction to which a texture value of 0 is mapped. Note: this function does the same as calling vrdRoughnessTexture.setMinimumRoug
vrdRoughnessTexture	setMinimumRoughnessU(minimumRoughness)	method	v2		Sets the roughness value in U direction to which a texture value of 0 is mapped.
vrdRoughnessTexture	setMinimumRoughnessV(minimumRoughness)	method	v2		Sets the roughness value in V direction to which a texture value of 0 is mapped. Call vrdRoughnessTexture.supportsMinimumRoughnessV() to query if this material 
vrdRoughnessTexture	setRoughnessMapType(mapping)	method	v2		Sets the mapping of the texture values to roughness values.
vrdRoughnessTexture	supportsMaximumRoughnessV()	method	v2	bool	returns True if maximum roughness V can be changed for this texture, False otherwise
vrdRoughnessTexture	supportsMinimumRoughnessV()	method	v2	bool	returns True if minimum roughness V can be changed for this texture, False otherwise
vrdRoundedEdges.EdgeMode	Off	data	v2		
vrdRoundedEdges.EdgeMode	SameGeometry	data	v2		
vrdRoundedEdges.EdgeMode	SameMaterial	data	v2		
vrdRoundedEdges.EdgeMode	SameGroup	data	v2		
vrdRoundedEdges.EdgeType	ConvexAndConcave	data	v2		
vrdRoundedEdges.EdgeType	ConvexOnly	data	v2		
vrdRoundedEdges.EdgeType	ConcaveOnly	data	v2		
vrdRoundedEdges	getAngleLimit()	method	v2	float	Gets the angle limit.
vrdRoundedEdges	getChamfer()	method	v2	float	Gets the chamfer.
vrdRoundedEdges	getEdgeType()	method	v2	vrdRoundedEdges.EdgeType	Gets the edge type.
vrdRoundedEdges	getGroupId()	method	v2	integer	Gets the group id.
vrdRoundedEdges	getMode()	method	v2	vrdRoundedEdges.EdgeMode	Gets the current edge mode.
vrdRoundedEdges	getQuality()	method	v2	integer	Gets the quality level.
vrdRoundedEdges	getRadius()	method	v2	float	Gets the radius.
vrdRoundedEdges	setAngleLimit(value)	method	v2		Sets the angle limit. It limits the rounding effect to edges with an angle above the limit. If the angle between the current shading normal and the shading norm
vrdRoundedEdges	setChamfer(value)	method	v2		Sets the chamfer value. It gives the edge a more chamfered appearance, instead of a perfectly round shape.
vrdRoundedEdges	setEdgeType(mode)	method	v2		Sets the type of edges that will be rounded. By default, convex and concave edges will be rounded. Choosing either convex or concave edges only can improve the 
vrdRoundedEdges	setGroupId(value)	method	v2		Sets the groupID for the rounded edge effect. Only objects with the same groupID will be considered for rounded edge smoothing.
vrdRoundedEdges	setMode(mode)	method	v2		Sets whether edges should appear rounded in raytracing or not. Various options can be chosen: Off: Does not calculate the appearance of rounded edges. Same Geom
vrdRoundedEdges	setQuality(value)	method	v2		Sets the quality level used to evaluate the nearest edges. Each quality level represents a multiple of 4 samples for estimating either convex or concave edges. 
vrdRoundedEdges	setRadius(value)	method	v2		Sets the radius of rounded edge in world space.
vrdSVBRDFMaterial	getBumpTexture()	method	v2	vrdBumpTexture	Gets access to all properties of vrdBumpTexture.
vrdSVBRDFMaterial	getColorCorrection()	method	v2	vrdColorCorrection	Gets access to all properties of vrdColorCorrection.
vrdSVBRDFMaterial	getDisplacementTexture()	method	v2	vrdDisplacementTexture	Gets access to all properties of vrdDisplacementTexture.
vrdSVBRDFMaterial	getExposure()	method	v2	float	returns Current exposure value.
vrdSVBRDFMaterial	getIncandescence()	method	v2	vrdIncandescence	Gets access to all properties of vrdIncandescence.
vrdSVBRDFMaterial	getSubsurfaceScattering()	method	v2	vrdSubsurfaceScattering	Gets access to all properties of vrdSubsurfaceScattering.
vrdSVBRDFMaterial	setExposure(exposure)	method	v2		Controls the intensity of the material colors. The default value 1.0 keeps colors unchanged.
vrdSceneImportSettings	getApplyMaterialsFromAssetManager()	method	v2	bool	Returns if materials from the asset manager are applied.
vrdSceneImportSettings	getCenterInOrigin()	method	v2	bool	Queries if the imported geometry will be centered into origin.
vrdSceneImportSettings	getCreateReferences()	method	v2	bool	Returns if reference nodes are created during import.
vrdSceneImportSettings	getImportAnimations()	method	v2	bool	Queries if animations should be imported.
vrdSceneImportSettings	getMergeMaterials()	method	v2	bool	Returns if materials are merged during source import.
vrdSceneImportSettings	getPreserveAnimations()	method	v2	bool	Returns if animations are tried to preserve during source re-import.
vrdSceneImportSettings	getPreserveRenderLayerSettings()	method	v2	bool	Returns if render layer settings are tried to preserve during source re-import.
vrdSceneImportSettings	getPreserveTouchSensors()	method	v2	bool	Returns if touch sensors are tried to preserve during source re-import.
vrdSceneImportSettings	getPreserveTransformations()	method	v2	bool	Returns if transformations are tried to preserve during source re-import.
vrdSceneImportSettings	getPutOnGround()	method	v2	bool	Queries if the imported geometry will be placed onto the ground (zero-plane).
vrdSceneImportSettings	setApplyMaterialsFromAssetManager(value)	method	v2		Sets if materials from asset manager should be applied.
vrdSceneImportSettings	setCenterInOrigin(value)	method	v2		The center of the imported geometry will be placed into the scene origin.
vrdSceneImportSettings	setCreateReferences(value)	method	v2		Sets if reference nodes are created during import.
vrdSceneImportSettings	setImportAnimations(value)	method	v2		Determines if animations will be imported.
vrdSceneImportSettings	setMergeMaterials(value)	method	v2		Sets if materials are merged during source import.
vrdSceneImportSettings	setPreserveAnimations(value)	method	v2		Sets if animations are tried to preserve during source re-import.
vrdSceneImportSettings	setPreserveRenderLayerSettings(value)	method	v2		Sets if render layer settings are tried to preserve during source re-import.
vrdSceneImportSettings	setPreserveTouchSensors(value)	method	v2		Sets if touch sensors are tried to preserve during source re-import.
vrdSceneImportSettings	setPreserveTransformations(value)	method	v2		Sets if transformations are tried to preserve during source re-import.
vrdSceneImportSettings	setPutOnGround(value)	method	v2		Determines that the imported geometry will be put on the ground (zero-plane).
vrdSceneImportSettings	vrdSceneImportSettings()	method	v2		
vrdSceneItemInfo.Flags	HasMetadata	data	v2		
vrdSceneItemInfo.Flags	HasAnimation	data	v2		
vrdSceneItemInfo.Flags	HasTransformVariant	data	v2		
vrdSceneItemInfo.Flags	HasTouchSensor	data	v2		
vrdSceneItemInfo.Flags	HasAnnotation	data	v2		
vrdSceneItemInfo.Flags	HasLiveReference	data	v2		
vrdSceneItemInfo.Flags	HasConstraint	data	v2		
vrdSceneItemInfo.Flags	HasLimits	data	v2		
vrdSceneItemInfo.Flags	HasPhysics	data	v2		
vrdSceneItemInfo	getDisplayText()	method	v2	string	returns The node text
vrdSceneItemInfo	getFlags()	method	v2	Flags	returns Flags shown in the column extension view
vrdSceneItemInfo	getHasFileInfo()	method	v2	bool	returns True, if node has a file info attached
vrdSceneItemInfo	getIcon()	method	v2	QIcon	returns The node icon
vrdSceneItemInfo	getIsChecked()	method	v2	bool	returns True, if item's checkbox is checked
vrdSceneItemInfo	getIsEditable()	method	v2	bool	returns True, if node is editable
vrdSceneItemInfo	getIsImplicitShared()	method	v2	bool	returns True, if child of a shared node
vrdSceneItemInfo	getIsShared()	method	v2	bool	returns True, if node is shared
vrdSceneItemInfo	getIsSynchronized()	method	v2	bool	returns True, if synchronized root of a shared tree
vrdSceneItemInfo	getIsVisible()	method	v2	bool	returns True, if node and all its parents are visible
vrdSceneItemInfo	getNode()	method	v2	vrdNode	returns The node
vrdSceneItemInfo	setDisplayText(displayText)	method	v2		Sets the display text.
vrdSceneItemInfo	setFlags(value)	method	v2		Sets the flags for the column extension.
vrdSceneItemInfo	setHasFileInfo(value)	method	v2		Sets the file info state.
vrdSceneItemInfo	setIcon(icon)	method	v2		Sets the icon.
vrdSceneItemInfo	setIsChecked(checked)	method	v2		Sets the checked state.
vrdSceneItemInfo	setIsEditable(value)	method	v2		Sets the nodes editable state.
vrdSceneItemInfo	setIsImplicitShared(value)	method	v2		Sets the implicit shared state.
vrdSceneItemInfo	setIsShared(value)	method	v2		Sets the shared state.
vrdSceneItemInfo	setIsSynchronized(value)	method	v2		Sets the synchronized state.
vrdSceneItemInfo	setIsVisible(visible)	method	v2		Sets the visible state.
vrdSceneItemInfo	setNode(node)	method	v2		Sets the node.
vrdSceneObject	assignUuid()	method	v2	QUuid	Assigns a unique identifier to the object.
vrdSceneObject	getUuid()	method	v2	QUuid	Returns a unique identifier for the object.
vrdSceneObject	isValid()	method	v2	bool	Determines if the object is valid.
vrdSceneObject	removeUuid()	method	v2		Removes the UUID of the object.
vrdSceneplateNode	getBackgroundColor()	method	v2	QVector3D	Returns the text background color.
vrdSceneplateNode	getBackgroundTransparency()	method	v2	float	Returns the transparency of the text background.
vrdSceneplateNode	getBrightness()	method	v2	float	Returns brightness from color correction.
vrdSceneplateNode	getClickThrough()	method	v2	float	Returns the transparency limit for content to be unnoticeable to mouse clicks.
vrdSceneplateNode	getContentType()	method	v2	vrSceneplateTypes.ContentType	Returns the type of content to be displayed on the plate.
vrdSceneplateNode	getContrast()	method	v2	float	Returns contrast from color correction.
vrdSceneplateNode	getFont()	method	v2	string	Returns font name.
vrdSceneplateNode	getFontColor()	method	v2	QVector3D	Returns the font color.
vrdSceneplateNode	getFontHeight()	method	v2	integer	Returns the vertical resolution in pixels per text line.
vrdSceneplateNode	getFontStyle()	method	v2	string	Returns text font style.
vrdSceneplateNode	getFrameOffset()	method	v2	integer	Returns offset to the image number when using an image sequence.
vrdSceneplateNode	getHeight()	method	v2	integer	Returns the height of the canvas in pixels for HTML content.
vrdSceneplateNode	getHueShift()	method	v2	float	Returns hue shift from color correction.
vrdSceneplateNode	getImage()	method	v2	vrdImage	Returns the image object.
vrdSceneplateNode	getImageNumber()	method	v2	integer	Returns image number in current image sequence.
vrdSceneplateNode	getInlineImageSequence()	method	v2	bool	Returns if image sequence is inlined into the vpb file.
vrdSceneplateNode	getNodeType()	method	v2	vrSceneplateTypes.NodeType	Returns the node type.
vrdSceneplateNode	getOffset()	method	v2	QVector2D	Returns the offset of the plate to its anchor point.
vrdSceneplateNode	getOffsetMode()	method	v2	vrSceneplateTypes.SizeType	Returns how offset should be interpreted. Absolute means the offset is in pixels. Relative means the offset is given as a fraction of the viewport extents.
vrdSceneplateNode	getPosition()	method	v2	vrSceneplateTypes.Position	Returns the anchor point of the plate within the viewport.
vrdSceneplateNode	getRepeatMode()	method	v2	vrSceneplateTypes.RepeatMode	Returns the repeat mode of the plate image within the viewport.
vrdSceneplateNode	getRotation()	method	v2	float	Returns the amount the plate is rotated clockwise in degrees around its center.
vrdSceneplateNode	getSaturation()	method	v2	float	Returns saturation from color correction.
vrdSceneplateNode	getSize()	method	v2	float	Returns the height of the plate if camera field of view mode is vertical, otherwise the width.
vrdSceneplateNode	getSizeMode()	method	v2	vrSceneplateTypes.SizeType	Returns how size is interpreted. Absolute means the size is in pixels. Relative means the size is a fraction of the viewport height.
vrdSceneplateNode	getText()	method	v2	string	Returns the text.
vrdSceneplateNode	getTransparency()	method	v2	float	Returns the overall transparency of the plate.
vrdSceneplateNode	getUrl()	method	v2	string	Returns the url or the content of a web site.
vrdSceneplateNode	getUseImageSequence()	method	v2	bool	Returns if image sequences is used.
vrdSceneplateNode	getWebStreamActive()	method	v2	bool	Returns active state of the web-engine stream.
vrdSceneplateNode	getWhiteBalance()	method	v2	integer	Returns white balance from color correction.
vrdSceneplateNode	getWidth()	method	v2	integer	Returns the width of the canvas in pixels for HTML content.
vrdSceneplateNode	setBackgroundColor(color)	method	v2		Sets the text background color.
vrdSceneplateNode	setBackgroundTransparency(transparency)	method	v2		Sets the transparency of the text background.
vrdSceneplateNode	setBrightness(brightness)	method	v2		Shifts the content's blacks, grays, and whites. Higher values increase the perceived luminance of the content.
vrdSceneplateNode	setClickThrough(clickThrough)	method	v2		Sets the transparency limit for content to be unnoticeable to mouse clicks.
vrdSceneplateNode	setContentType(contentType)	method	v2		Sets the type of content to be displayed on the plate.
vrdSceneplateNode	setContrast(contrast)	method	v2		Shifts the content's light and dark color values. Higher values create brighter highlights and darker shadows.
vrdSceneplateNode	setFont(fontName)	method	v2		Sets the text font.
vrdSceneplateNode	setFontColor(color)	method	v2		Sets the text color.
vrdSceneplateNode	setFontHeight(fontHeight)	method	v2		Sets the vertical resolution in pixels per text line.
vrdSceneplateNode	setFontStyle(style)	method	v2		Sets text font style.
vrdSceneplateNode	setFrameOffset(frameOffset)	method	v2		Sets an offset to the image number when using an image sequence.
vrdSceneplateNode	setHeight(height)	method	v2		Sets the height of the canvas in pixels for HTML content.
vrdSceneplateNode	setHueShift(value)	method	v2		Shifts all content colors uniformly through the hue color range.
vrdSceneplateNode	setImage(img)	method	v2		Sets image object.
vrdSceneplateNode	setImageNumber(imageNumber)	method	v2		Sets the image number in current image sequence.
vrdSceneplateNode	setInlineImageSequence(inlineImageSequence)	method	v2		Inlines the image sequence into the vpb file.
vrdSceneplateNode	setNodeType(nodeType)	method	v2		Sets the sceneplate type. Frontplates appear on top of the scene and backplates behind.
vrdSceneplateNode	setOffset(offset)	method	v2		Sets the offset of the plate to its anchor point.
vrdSceneplateNode	setOffsetMode(offsetMode)	method	v2		Sets how offset should be interpreted. Absolute means the offset is in pixels. Relative means the offset is given as a fraction of the viewport extents.
vrdSceneplateNode	setPosition(position)	method	v2		Sets the anchor point of the plate within the viewport.
vrdSceneplateNode	setRepeatMode(repeatMode)	method	v2		Sets the repeat mode of the plate image within the viewport.
vrdSceneplateNode	setRotation(rotation)	method	v2		Sets the amount the plate is rotated clockwise in degrees around its center.
vrdSceneplateNode	setSaturation(saturation)	method	v2		Shifts the content's color intensity. Higher values produce vivid colors. Lower values produce dull grayer colors.
vrdSceneplateNode	setSize(size)	method	v2		Sets the height of the plate if camera field of view mode is vertical, otherwise sets the width. Width or height is set accordingly to maintain the aspect ratio
vrdSceneplateNode	setSizeMode(sizeMode)	method	v2		Sets how size is interpreted. Absolute means the size is in pixels. Relative means the size is a fraction of the viewport height.
vrdSceneplateNode	setText(text)	method	v2		Sets the text.
vrdSceneplateNode	setTransparency(transparency)	method	v2		Sets the overall transparency of the plate.
vrdSceneplateNode	setUrl(url)	method	v2		The url can contain a valid URL to a website (' http://www.autodesk.com') or the html content of a website as a string.
vrdSceneplateNode	setUseImageSequence(useImageSequence)	method	v2		Use an image sequence.
vrdSceneplateNode	setWebStreamActive(value)	method	v2		Activates/Deactivates the stream of the web-engine.
vrdSceneplateNode	setWhiteBalance(whiteBalance)	method	v2		Shifts the content's white balance to match the color temperature of the scene in Kelvin. Lower values produce cooler (bluish) colors. Higher values produce war
vrdSceneplateNode	setWidth(width)	method	v2		Sets the width of the canvas in pixels for HTML content.
vrdScreenSpaceAmbientOcclusionSettings	getBlurAmount()	method	v2	integer	Sets the amount of blur passes.
vrdScreenSpaceAmbientOcclusionSettings	getCutoffAngle()	method	v2	float	Gets the cutoff angle. Directions outside of the cutoff angle are not considered.
vrdScreenSpaceAmbientOcclusionSettings	getEdgePreservation()	method	v2	float	Gets the edge preservation factor for the blur passes. The edge preservation is based on the continuity of the depth of adjacent pixels. A value of 0 will filte
vrdScreenSpaceAmbientOcclusionSettings	getIntensity()	method	v2	float	Gets the intensity of the SSAO effect. The greater the value, the darker the shadows.
vrdScreenSpaceAmbientOcclusionSettings	getRadius()	method	v2	float	Gets the radius of effect of the SSAO, in scene units. Geometry beyond that distance does not occlude illumination.
vrdScreenSpaceAmbientOcclusionSettings	getSampleQuality()	method	v2	integer	Gets the sample quality of the SSAO.
vrdScreenSpaceAmbientOcclusionSettings	getUseBakedShadowsForShadowMaterial()	method	v2	bool	Gets if the baked shadows are used for the shadow material instead of the output of the SSAO.
vrdScreenSpaceAmbientOcclusionSettings	setBlurAmount(value)	method	v2		Sets the amount of blur passes. More blur passes produces a softer output, but increases the execution time.
vrdScreenSpaceAmbientOcclusionSettings	setCutoffAngle(value)	method	v2		Sets the cutoff angle. Directions outside of the cutoff angle are not considered.
vrdScreenSpaceAmbientOcclusionSettings	setEdgePreservation(value)	method	v2		Sets the edge preservation factor for the blur passes. The edge preservation is based on the continuity of the depth of adjacent pixels. A value of 0 will filte
vrdScreenSpaceAmbientOcclusionSettings	setIntensity(value)	method	v2		Sets the intensity of the SSAO effect. The greater the value, the darker the shadows.
vrdScreenSpaceAmbientOcclusionSettings	setRadius(value)	method	v2		Sets the radius of effect of the SSAO, in scene units. Geometry beyond that distance does not occlude illumination.
vrdScreenSpaceAmbientOcclusionSettings	setSampleQuality(value)	method	v2		Sets the sample quality of the SSAO. More samples produces better results, but it is also slower.
vrdScreenSpaceAmbientOcclusionSettings	setUseBakedShadowsForShadowMaterial(value)	method	v2		Sets if the baked shadows should be used for the shadow material instead of the output of the SSAO.
vrdScriptPluginInfo	getAuthor()	method	v2	string	Get the author of the script plugin.
vrdScriptPluginInfo	getPluginName()	method	v2	string	Get the name of the script plugin.
vrdScriptPluginInfo	getScriptFile()	method	v2	string	Get the script file name.
vrdScriptPluginInfo	setAuthor(author)	method	v2		Set the author of the script plugin.
vrdScriptPluginInfo	setPluginName(name)	method	v2		Set the name of the script plugin.
vrdScriptPluginInfo	setScriptFile(file)	method	v2		Set the script file name.
vrdSessionUser	getBillboardNode()	method	v2	vrdNode	returns A node pointer for the billboard transformation
vrdSessionUser	getCameraMatrix()	method	v2	QMatrix4x4	returns A matrix representing the users camera position.
vrdSessionUser	getDeviceImage()	method	v2	QImage	returns An icon for the VR device.
vrdSessionUser	getDeviceName()	method	v2	string	returns The name of the VR device.
vrdSessionUser	getHasLeftHand()	method	v2	bool	returns True, if left hand is tracked.
vrdSessionUser	getHasRightHand()	method	v2	bool	returns True, if right hand is tracked.
vrdSessionUser	getHeadNode()	method	v2	vrdNode	returns A node pointer for the head transformation.
vrdSessionUser	getHeadTrackingMatrix()	method	v2	QMatrix4x4	returns A matrix representing the users head tracking position.
vrdSessionUser	getIsHmd()	method	v2	bool	returns True, if a head mounted display is used
vrdSessionUser	getIsRemote()	method	v2	bool	returns True, if this is a remote user
vrdSessionUser	getLeftHandNode()	method	v2	vrdNode	returns A node pointer for the left hand transformation.
vrdSessionUser	getLeftHandTrackingMatrix()	method	v2	QMatrix4x4	returns A matrix representing the users left hand tracking position.
vrdSessionUser	getProjectCRC()	method	v2	integer	returns The current project checksum.
vrdSessionUser	getProjectName()	method	v2	string	returns The current project file name.
vrdSessionUser	getRightHandNode()	method	v2	vrdNode	returns A node pointer for the right hand transformation.
vrdSessionUser	getRightHandTrackingMatrix()	method	v2	QMatrix4x4	returns A matrix representing the users right hand tracking position.
vrdSessionUser	getRoom()	method	v2	string	returns Current room name.
vrdSessionUser	getSpectatorCount()	method	v2	integer	returns Number of spectators for this user.
vrdSessionUser	getTorsoNode()	method	v2	vrdNode	returns A node pointer for the torso transformation.
vrdSessionUser	getUserColor()	method	v2	QColor	returns The user color.
vrdSessionUser	getUserIcon()	method	v2	QImage	returns An icon based on the device icon colored in user color.
vrdSessionUser	getUserId()	method	v2	integer	returns The user id.
vrdSessionUser	getUserName()	method	v2	string	returns The user name.
vrdSessionUser	sendPython(command, commandId="")	method	v2		Sends a python command to this users.
vrdSessionUser	setAvatarVisible(visible)	method	v2		Sets the head, torso and hand nodes visbility.
vrdShadowMap	getFilterRadius()	method	v2	float	Returns the radius used for shadow map filtering.
vrdShadowMap	getResolution()	method	v2	integer	Returns the resolution of the shadow map.
vrdShadowMap	setFilterRadius(radius)	method	v2		Sets the radius for shadow map filtering.
vrdShadowMap	setResolution(resolution)	method	v2		Sets the resolution of the shadow map.
vrdShadowMaterial.OpacityMode	Transparent	data	v2		
vrdShadowMaterial.OpacityMode	Solid	data	v2		
vrdShadowMaterial.ReflectionMode	Off	data	v2		
vrdShadowMaterial.ReflectionMode	DiffuseOnly	data	v2		
vrdShadowMaterial.ReflectionMode	GlossyOnly	data	v2		
vrdShadowMaterial.ReflectionMode	DiffuseGlossy	data	v2		
vrdShadowMaterial	getDiffuseColor()	method	v2	QVector3D	returns Current diffuse reflection color
vrdShadowMaterial	getDiffuseColorSpectrum()	method	v2	vrSpectrum	Gets the diffuse color spectrum.
vrdShadowMaterial	getGlossyColor()	method	v2	QVector3D	Gets the current glossy reflection color.
vrdShadowMaterial	getGlossyColorSpectrum()	method	v2	vrSpectrum	Get the current material's color spectrum for glossy reflections.
vrdShadowMaterial	getOcclusionColor()	method	v2	QVector3D	Gets the color of the pre-calculated ambient occlusion or environment shadows.
vrdShadowMaterial	getOcclusionColorSpectrum()	method	v2	vrSpectrum	Gets the color spectrum of the pre-calculated ambient occlusion or environment shadows.
vrdShadowMaterial	getOcclusionIntensity()	method	v2	float	Gets the intensity of shadowed areas.
vrdShadowMaterial	getOpacityMode()	method	v2	vrdShadowMaterial.OpacityMode	Gets the mode used for opacity. Choose from Transparent or Solid.
vrdShadowMaterial	getRaytracing()	method	v2	vrdMaterialRaytracingSettings	Gets access to raytracing settings of this material.
vrdShadowMaterial	getReflectionMode()	method	v2	vrdShadowMaterial.ReflectionMode	Gets the reflection mode.
vrdShadowMaterial	getReflectivity()	method	v2	float	Gets the intensity of the reflection on the surface.
vrdShadowMaterial	getRoughness()	method	v2	float	returns The current roughness value for glossy reflections on this material.
vrdShadowMaterial	getShadowColor()	method	v2	QVector3D	Gets the color for shadows from light sources.
vrdShadowMaterial	getShadowColorSpectrum()	method	v2	vrSpectrum	Gets the color spectrum for shadows from light sources.
vrdShadowMaterial	getSortKey()	method	v2	integer	returns Current sort key of the shadow material for OpenGL.
vrdShadowMaterial	getUseBakedShadows()	method	v2	bool	Gets if the shadow material should use baked shadows instead of the output of real-time environment shadows (SSAO, RTAO, RT Environment Shadows) in rasterizatio
vrdShadowMaterial	isVisibleInScreenSpaceRefractions()	method	v2	bool	returns If shadow material is visible in screen space refractions.
vrdShadowMaterial	setDiffuseColor(value)	method	v2		Sets the diffuse reflection color. Only has an effect if current ReflectionMode is set to a mode supporting diffuse.
vrdShadowMaterial	setDiffuseColorSpectrum(value)	method	v2		Sets the diffuse color spectrum.
vrdShadowMaterial	setGlossyColor(value)	method	v2		Sets the color for glossy reflections. Only has an effect if current ReflectionMode is set to a mode supporting glossy.
vrdShadowMaterial	setGlossyColorSpectrum(value)	method	v2		Sets the material's color spectrum for glossy reflections.
vrdShadowMaterial	setOcclusionColor(color)	method	v2		Sets the color of the pre-calculated ambient occlusion or environment shadows.
vrdShadowMaterial	setOcclusionColorSpectrum(value)	method	v2		Sets the color spectrum of the pre-calculated ambient occlusion or environment shadows.
vrdShadowMaterial	setOcclusionIntensity(v)	method	v2		Sets the intensity of shadowed areas.
vrdShadowMaterial	setOpacityMode(mode)	method	v2		Sets the mode used for opacity. Choose from Transparent or Solid.
vrdShadowMaterial	setReflectionMode(mode)	method	v2		Sets the reflection mode. Choose from glossy, diffuse, or a mix of both.
vrdShadowMaterial	setReflectivity(v)	method	v2		Controls the intensity of the reflection on the surface. The higher the value, the more the influence from the environment and objects around.
vrdShadowMaterial	setRoughness(roughness)	method	v2		Controls the sharpness of the glossy reflections. The higher the value, the rougher the microscopic structure of the surface and more diffuse the reflections.
vrdShadowMaterial	setShadowColor(color)	method	v2		Sets the color for shadows from light sources.
vrdShadowMaterial	setShadowColorSpectrum(value)	method	v2		Sets the color spectrum for shadows from light sources.
vrdShadowMaterial	setSortKey(value)	method	v2		Changes the order in which transparent materials are rendered in OpenGL when the Transparency Mode is set to Object Sorting. Transparent surfaces with the same 
vrdShadowMaterial	setUseBakedShadows(bakedShadows)	method	v2		Sets if the shadow material should use baked shadows instead of the output of real-time environment shadows (SSAO, RTAO, RT Environment Shadows) in rasterizatio
vrdShadowMaterial	setVisibleInScreenSpaceRefractions(value)	method	v2		Allows to control if the material is visible in screen space refractions. If turned on, the shadow material will be visible in screen space refractions but tran
vrdSheen	getColor()	method	v2	QVector3D	Gets the color of the sheen.
vrdSheen	getColorSpectrum()	method	v2	vrSpectrum	Gets the spectrum of the sheen color.
vrdSheen	getEnabled()	method	v2	bool	Returns the current sheen state.
vrdSheen	getRoughness()	method	v2	float	Gets value of sheen roughness.
vrdSheen	getTexture()	method	v2	vrdTexture	Gets access to all properties of vrdTexture for the sheen color texture.
vrdSheen	getWeight()	method	v2	float	Gets the weight of the sheen layer.
vrdSheen	setColor(value)	method	v2		Sets the color of the sheen.
vrdSheen	setColorSpectrum(value)	method	v2		Sets the spectrum of the sheen color.
vrdSheen	setEnabled(enabled)	method	v2		Enables / disables sheen.
vrdSheen	setRoughness(value)	method	v2		Controls the variations of the sheen fibers. The higher the value, the more random the micro fibers of the microscopic structure of the surface. The lower the v
vrdSheen	setWeight(value)	method	v2		Sets the weight of the sheen layer.
vrdSkylightLocation	calculateSunPosition(date, time)	method	v2	QVector2D	Calulcate the sun position at a given time for this location.
vrdSkylightLocation	getClosestCity()	method	v2	string	Gets the name the city closest to the given geographic coordinates and uses this city's current time zone.
vrdSkylightLocation	getLatitude()	method	v2	float	returns The current geographic latitudinal coordinate in decimal degrees.
vrdSkylightLocation	getLongitude()	method	v2	float	returns The current geographic longitudinal coordinate in decimal degrees.
vrdSkylightLocation	getTimeZone()	method	v2	float	Gets the time zone as time difference to UTC (Coordinated Universal Time) in decimal hours. It is estimated automatically from the given geographic coordinates.
vrdSkylightLocation	getUseDaylightSavingTime()	method	v2	bool	Queries daylight saving time state.
vrdSkylightLocation	setLatitude(value)	method	v2		Sets the location to the geographic latitudinal coordinate in decimal degrees.
vrdSkylightLocation	setLongitude(value)	method	v2		Sets the location to the geographic longitudinal coordinate in decimal degrees.
vrdSkylightLocation	setTimeZone(value)	method	v2		Sets the time zone using the time difference to UTC (Coordinated Universal Time) in decimal hours. Please note, changing longitude, latitude or daylight saving 
vrdSkylightLocation	setUseDaylightSavingTime(value)	method	v2		Enables/disables daylight saving time. Specify whether there is daylight saving time at the current location on the current date because this information is not
vrdSkylightMaterial	getDate()	method	v2	QDate	Gets the date used to compute the sun position.
vrdSkylightMaterial	getEnvironmentWithSun()	method	v2	vrdImage	Gets skylight environment image including a rasterized sun. Please note, for vrdSkylightMaterial, vrdEnvironmentMaterial.getEnvironment() returns an image of th
vrdSkylightMaterial	getLocation()	method	v2	vrdSkylightLocation	Gets access to all properties of the embedded vrdSkylightLocation object.
vrdSkylightMaterial	getResolution()	method	v2	integer	Gets the resolution of the procedural environment texture.
vrdSkylightMaterial	getShowCompass()	method	v2	bool	Gets the current compass state.
vrdSkylightMaterial	getSkyAndSun()	method	v2	vrdSkylightSkyAndSun	Gets access to all properties of the embedded vrdSkylightSkyAndSun object.
vrdSkylightMaterial	getTime()	method	v2	QTime	Gets the local time used to compute the sun position.
vrdSkylightMaterial	setDate(value)	method	v2		Sets the date used to compute the sun position. The sun position is computed from Local Time, Date, and Location.
vrdSkylightMaterial	setResolution(value)	method	v2		Sets the resolution of the procedural environment texture. A higher quality yields higher generation time for the environment, but might be necessary in precomp
vrdSkylightMaterial	setShowCompass(value)	method	v2		Displays a compass in the render window for the currently selected skylight material. The compass is positioned at the environment's center and oriented accordi
vrdSkylightMaterial	setTime(value)	method	v2		Sets the local time used to compute the sun position. The sun position is computed from Local Time, Date, and Location. Time zone is controlled by vrdSkylightLo
vrdSkylightSkyAndSun.SkyModel	Artistic	data	v2		
vrdSkylightSkyAndSun.SkyModel	Realistic	data	v2		
vrdSkylightSkyAndSun	getGroundColor()	method	v2	QVector3D	Gets the color for the single-colored ground in the lower hemisphere if Use Mirrored Sky as Ground is not active.
vrdSkylightSkyAndSun	getSkyModel()	method	v2	vrdSkylightSkyAndSun.SkyModel	Queries the used sky model.
vrdSkylightSkyAndSun	getSkyTurbidity()	method	v2	float	Gets the amount of haze in the atmosphere.
vrdSkylightSkyAndSun	getSunScale()	method	v2	float	Gets the size of the sun.
vrdSkylightSkyAndSun	getSunVisibleInSpecularReflections()	method	v2	bool	Queries whether the sun of this skylight material is visible in all specular reflections in the scene.
vrdSkylightSkyAndSun	getUseMirroredSkyAsGround()	method	v2	bool	Queries if the upper hemisphere is mirrored.
vrdSkylightSkyAndSun	setGroundColor(value)	method	v2		Sets the color for the single-colored ground in the lower hemisphere if Use Mirrored Sky as Ground is not active.
vrdSkylightSkyAndSun	setSkyModel(value)	method	v2		Choose between two different sky models: Realistic and Artistic. The artistic sky model produces more reddish and colorful skies, especially for sunrise/sunsets
vrdSkylightSkyAndSun	setSkyTurbidity(value)	method	v2		Controls the amount of haze in the atmosphere. Low values correspond to a clear sky. The default value of 3.0 is a clear sky in a temperate climate. The maximum
vrdSkylightSkyAndSun	setSunScale(value)	method	v2		Controls the size of the sun. The default value 1.0 corresponds to the actual size of the sun, seen from the earth. The sun is drawn as a filled circle within t
vrdSkylightSkyAndSun	setSunVisibleInSpecularReflections(value)	method	v2		Defines whether the sun of this skylight material is visible in all specular reflections in the scene, for example, on clear coat.
vrdSkylightSkyAndSun	setUseMirroredSkyAsGround(value)	method	v2		Uses the mirrored upper hemisphere (sky without sun) as the lower hemisphere (ground). If disabled, a uniform colored ground is used, see vrdSkylightSkyAndSun.s
vrdSoundNode.SpatializeSourceMode	SpatializeSourceOff	data	v2		
vrdSoundNode.SpatializeSourceMode	SpatializeSourceOn	data	v2		
vrdSoundNode.SpatializeSourceMode	SpatializeSourceAuto	data	v2		
vrdSoundNode.ReverbEffect	NoReverb	data	v2		
vrdSoundNode.ReverbEffect	GenericReverb	data	v2		
vrdSoundNode.ReverbEffect	PaddedCellReverb	data	v2		
vrdSoundNode.ReverbEffect	RoomReverb	data	v2		
vrdSoundNode.ReverbEffect	BathRoomReverb	data	v2		
vrdSoundNode.ReverbEffect	LivingRoomReverb	data	v2		
vrdSoundNode.ReverbEffect	StoneRoomReverb	data	v2		
vrdSoundNode.ReverbEffect	AuditoriumReverb	data	v2		
vrdSoundNode.ReverbEffect	ConcertHallReverb	data	v2		
vrdSoundNode.ReverbEffect	CaveReverb	data	v2		
vrdSoundNode.ReverbEffect	ArenaReverb	data	v2		
vrdSoundNode.ReverbEffect	HangarReverb	data	v2		
vrdSoundNode.ReverbEffect	CarpetedHallwayReverb	data	v2		
vrdSoundNode.ReverbEffect	HallwayReverb	data	v2		
vrdSoundNode.ReverbEffect	StoneCorridorReverb	data	v2		
vrdSoundNode.ReverbEffect	AlleyReverb	data	v2		
vrdSoundNode.ReverbEffect	ForestReverb	data	v2		
vrdSoundNode.ReverbEffect	CityReverb	data	v2		
vrdSoundNode.ReverbEffect	MountainsReverb	data	v2		
vrdSoundNode.ReverbEffect	QuarryReverb	data	v2		
vrdSoundNode.ReverbEffect	PlainReverb	data	v2		
vrdSoundNode	getConeInnerAngle()	method	v2	float	returns Get the inner angle of the sound cone
vrdSoundNode	getConeOuterAngle()	method	v2	float	returns Get the outer angle of the sound cone
vrdSoundNode	getConeOuterGain()	method	v2	float	returns Get the cone outer gain
vrdSoundNode	getGain()	method	v2	float	returns Get the scalar amplitude multiplier
vrdSoundNode	getLoop()	method	v2	bool	returns True, if the sound is looped
vrdSoundNode	getMaxDistance()	method	v2	float	returns Get the maximum distance for gain calculation
vrdSoundNode	getMaxGain()	method	v2	float	returns Get the maximum gain
vrdSoundNode	getMinGain()	method	v2	float	returns Get the minimum gain
vrdSoundNode	getPitch()	method	v2	float	returns Get the frequence shift value
vrdSoundNode	getPlay()	method	v2	bool	returns True, if sound is playing
vrdSoundNode	getReferenceDistance()	method	v2	float	returns Get the distance at which the listener will experience the volume defined by the gain parameter
vrdSoundNode	getReverbEffect()	method	v2	vrdSoundNode.ReverbEffect	returns The current reverb effect
vrdSoundNode	getRolloffFactor()	method	v2	float	returns Get the roll off factor
vrdSoundNode	getSoundData()	method	v2	QByteArray	returns Get the sound data
vrdSoundNode	getSoundFile()	method	v2	string	returns Get the path to the sound file
vrdSoundNode	getSourceRadius()	method	v2	float	returns The radius of the sound source
vrdSoundNode	getSpatializeSource()	method	v2	vrdSoundNode.SpatializeSourceMode	returns The spatialize sound mode
vrdSoundNode	setConeInnerAngle(value)	method	v2		Sets the inner angle of the sound cone.
vrdSoundNode	setConeOuterAngle(value)	method	v2		Sets the outer angle of the sound cone.
vrdSoundNode	setConeOuterGain(value)	method	v2		Sets the cone outer gain that defines the attenuation depending on the angle to a listener.
vrdSoundNode	setGain(value)	method	v2		Sets the scalar amplitude multiplier.
vrdSoundNode	setLoop(value)	method	v2		Enables or disables playing the sound in a loop.
vrdSoundNode	setMaxDistance(value)	method	v2		Sets the maximum distance for gain calculation.
vrdSoundNode	setMaxGain(value)	method	v2		Sets the maximum gain.
vrdSoundNode	setMinGain(value)	method	v2		Sets the minimum gain.
vrdSoundNode	setPitch(value)	method	v2		Sets a frequence shift.
vrdSoundNode	setPlay(value)	method	v2		Starts or stops the sound.
vrdSoundNode	setReferenceDistance(value)	method	v2		Sets the distance at which the listener will experience the volume defined by the gain parameter.
vrdSoundNode	setReverbEffect(value)	method	v2		Changes the reverb effect.
vrdSoundNode	setRolloffFactor(value)	method	v2		The roll off parameter increases or decreases the attenuation.
vrdSoundNode	setSoundData(value)	method	v2		Sets the sound data.
vrdSoundNode	setSoundFile(value)	method	v2		Sets a sound file to play.
vrdSoundNode	setSourceRadius(value)	method	v2		Changes the radius of the sound source.
vrdSoundNode	setSpatializeSource(value)	method	v2		Changes the spatialize source mode.
vrdSoundNode	start()	method	v2		Start playing.
vrdSoundNode	stop()	method	v2		Stop playing.
vrdSphereEnvironmentMaterial	boostEnvironmentBrightness(factor, threshold)	method	v2	bool	Boosts brightness in the environment image for all pixels with luminance brighter than the given threshold. Changes the image pixel data.
vrdSphereEnvironmentMaterial	createLightSources(lightSources)	method	v2		Creates the lights for the given list of light sources.
vrdSphereEnvironmentMaterial	findLightSources(numLights)	method	v2	List[vrdEnvironmentLightSource]	Calculate light sources for this environment.
vrdSphereEnvironmentMaterial	getFrameOffset()	method	v2	integer	returns Offset to the image number when using an image sequence.
vrdSphereEnvironmentMaterial	getHDRLightStudio()	method	v2	vrdHDRLightStudio	Gets access to HDR Light Studio connection.
vrdSphereEnvironmentMaterial	getImageNumber()	method	v2	integer	Returns image number in current image sequence.
vrdSphereEnvironmentMaterial	getInlineImageSequence()	method	v2	bool	Returns if image sequence is inlined into the vpb file.
vrdSphereEnvironmentMaterial	getUseImageSequence()	method	v2	bool	returns True if image sequence is used
vrdSphereEnvironmentMaterial	setEnvironment(image)	method	v2		Sets the environment image.
vrdSphereEnvironmentMaterial	setFrameOffset(frameOffset)	method	v2		Sets an offset to the image number when using an image sequence.
vrdSphereEnvironmentMaterial	setImageNumber(imageNumber)	method	v2		Sets the image number in current image sequence.
vrdSphereEnvironmentMaterial	setInlineImageSequence(inlineImageSequence)	method	v2		Inlines the image sequence into the vpb file.
vrdSphereEnvironmentMaterial	setUseImageSequence(useImageSequence)	method	v2		Use an image sequence.
vrdSpotLightNode	getConeAngle()	method	v2	float	Returns the light beam's angle from center to the edge, measured in degrees.
vrdSpotLightNode	getPenumbraAngle()	method	v2	float	Returns the light edge's falloff in degrees.
vrdSpotLightNode	setConeAngle(angle)	method	v2		Sets the light beam's angle from center to the edge, measured in degrees.
vrdSpotLightNode	setPenumbraAngle(angle)	method	v2		Sets the light edge's falloff in degrees.
vrdSubstanceEnvironmentMaterial	getTextureGeneratorMaterial()	method	v2	vrdSubstanceMaterial	Gets access to all properties of the substance material used to generate the environment image.
vrdSubstanceMaterial	applyPreset(index, applyMode=vrSubstanceTypes.PresetApplyMode.UsePreference, setDefaultOutputSize=False)	method	v2		Applies a preset.
vrdSubstanceMaterial	clearPresets()	method	v2		Remove all presets from material.
vrdSubstanceMaterial	createPreset(name)	method	v2	vrdSubstancePreset	Creates a preset from material.
vrdSubstanceMaterial	exportPresets(indexes, path)	method	v2	bool	Export presets from material.
vrdSubstanceMaterial	getActiveAttributeGroups()	method	v2	List[vrdAttributeGroup]	Gets access to all vrdAttributeGroup objects.
vrdSubstanceMaterial	getActiveGraphIndex()	method	v2	integer	Gets the index of the active graph.
vrdSubstanceMaterial	getActiveGraphName()	method	v2	string	Gets the name of the active graph.
vrdSubstanceMaterial	getActiveGraphProperty(parameterId)	method	v2	QVariant	Query the value of a substance property in the active graph.
vrdSubstanceMaterial	getArchivePath()	method	v2	string	Get the path of the underlying substance archive file.
vrdSubstanceMaterial	getGraphCount()	method	v2	integer	Gets the number of graphs in this material.
vrdSubstanceMaterial	getGraphName(index)	method	v2	string	Gets the name of a graph.
vrdSubstanceMaterial	getPreset(index)	method	v2	vrdSubstancePreset	Gets a preset by index.
vrdSubstanceMaterial	getPresetCount()	method	v2	integer	Get the number of presets.
vrdSubstanceMaterial	getPresets()	method	v2	List[vrdSubstancePreset]	Returns a list of all child nodes.
vrdSubstanceMaterial	getProperties()	method	v2	vrdSubstanceProperties	Returns a list of all properties.
vrdSubstanceMaterial	getProperty(graphName, parameterId)	method	v2	QVariant	Query the value of a substance property.
vrdSubstanceMaterial	getSyncOutputSize()	method	v2	bool	Returns the GUI hint, if the output size (width and height) should be synchronized.
vrdSubstanceMaterial	hasArchiveData()	method	v2	bool	Check if a substance archive file was successfully loaded.
vrdSubstanceMaterial	hasImage(name)	method	v2	bool	Check if a substance archive contain an image with a given name.
vrdSubstanceMaterial	importPresets(pathList, importForOtherGraphs)	method	v2	bool	Add presets for the given material.
vrdSubstanceMaterial	isArchiveValid()	method	v2	bool	Check if a substance archive file is valid.
vrdSubstanceMaterial	isInputVisible(dependency)	method	v2	bool	Check if input is visible.
vrdSubstanceMaterial	loadArchive(path)	method	v2	bool	Load a substance archive to this material.
vrdSubstanceMaterial	recapturePreset(index)	method	v2		Recaptures the preset.
vrdSubstanceMaterial	removePresets(indexes)	method	v2	bool	Remove presets from material.
vrdSubstanceMaterial	reorderPresets(indexes)	method	v2		Reorders the presets of a material.
vrdSubstanceMaterial	resetGraph()	method	v2		Resets a graph to its default state.
vrdSubstanceMaterial	setActiveGraphIndex(index)	method	v2		Sets the index of the active graph.
vrdSubstanceMaterial	setActiveGraphProperty(parameterId, value)	method	v2		Sets a substance property for the active graph.
vrdSubstanceMaterial	setProperty(graphName, parameterId, value)	method	v2		Sets a substance property.
vrdSubstanceMaterial	setSyncOutputSize(syncOutputSize)	method	v2		Sets the GUI hint, if the output size (width and height) should be synchronized.
vrdSubstancePreset	getImportPath()	method	v2	string	Gets the preset XML path.
vrdSubstancePreset	getName()	method	v2	string	Gets the preset name.
vrdSubstancePreset	setName(name)	method	v2		Sets the preset name.
vrdSubstanceProperties	update(obj, envMatObjectId)	method	v2		Fill a QObject with dynamic properties. The dynamic properties of the object correspond to the Substance attributes. All property IDs can be determined via the 
vrdSubsurfaceScattering.Mode	Off	data	v2		
vrdSubsurfaceScattering.Mode	ThinWalledTranslucency	data	v2		
vrdSubsurfaceScattering.Mode	VolumeScattering	data	v2		
vrdSubsurfaceScattering.MediumType	Custom	data	v2		
vrdSubsurfaceScattering.MediumType	Diamond	data	v2		
vrdSubsurfaceScattering.MediumType	Polysilicon	data	v2		
vrdSubsurfaceScattering.MediumType	AcrylicGlass	data	v2		
vrdSubsurfaceScattering.MediumType	PlasticPolystyrene	data	v2		
vrdSubsurfaceScattering.MediumType	PlasticPolycarbonates	data	v2		
vrdSubsurfaceScattering.MediumType	Ethanol	data	v2		
vrdSubsurfaceScattering.MediumType	Methanol	data	v2		
vrdSubsurfaceScattering.MediumType	Water19degrees	data	v2		
vrdSubsurfaceScattering.MediumType	Water24degrees	data	v2		
vrdSubsurfaceScattering.MediumType	CrownGlassBorosilicateGlass	data	v2		
vrdSubsurfaceScattering.MediumType	GlassLanthanumDenseFlint	data	v2		
vrdSubsurfaceScattering.MediumType	GlassBariumFlint	data	v2		
vrdSubsurfaceScattering.MediumType	GlassDenseFlint	data	v2		
vrdSubsurfaceScattering.MediumType	QuartzFusedSilica	data	v2		
vrdSubsurfaceScattering.MediumType	FusedGermania	data	v2		
vrdSubsurfaceScattering	getAsymmetry()	method	v2	float	Gets the value of the directional characteristic of scattering events.
vrdSubsurfaceScattering	getAttenuation()	method	v2	float	Gets how deep light penetrates a surface.
vrdSubsurfaceScattering	getColor()	method	v2	QVector3D	Gets the color of the scattering/translucent light.
vrdSubsurfaceScattering	getColorSpectrum()	method	v2	vrSpectrum	Gets the scatter color spectrum.
vrdSubsurfaceScattering	getDepth()	method	v2	integer	Gets the maximum number of scatter events that can happen before a ray leaves the volume.
vrdSubsurfaceScattering	getMediumType()	method	v2	vrdSubsurfaceScattering.MediumType	Gets the type of common index refraction values.
vrdSubsurfaceScattering	getMode()	method	v2	vrdSubsurfaceScattering.Mode	Gets the currently active subsurface scattering mode.
vrdSubsurfaceScattering	getRadius()	method	v2	QVector3D	Gets the maximum distance a ray can travel before hitting a particle.
vrdSubsurfaceScattering	getRadiusSpectrum()	method	v2	vrSpectrum	Gets the scatter radius spectrum.
vrdSubsurfaceScattering	getRefractionIndex()	method	v2	float	Get the index of refraction of the material.
vrdSubsurfaceScattering	getRoughness()	method	v2	float	Gets the amount of diffusion of a material.
vrdSubsurfaceScattering	getTexture()	method	v2	vrdTexture	Gets access to all properties of vrdTexture.
vrdSubsurfaceScattering	getUseRoughness()	method	v2	bool	Query whether surface roughness should be considered when entering or leaving the medium or not.
vrdSubsurfaceScattering	getWeight()	method	v2	float	Gets the blending factor between diffuse reflections and subsurface scattering.
vrdSubsurfaceScattering	setAsymmetry(asymmetry)	method	v2		Sets the directional characteristic of scattering events. The asymmetry sets the Henyey-Greenstein anisotropy coefficient between -1 (full back-scatter) and 1 (
vrdSubsurfaceScattering	setAttenuation(attenuation)	method	v2		Sets how deep light penetrates a surface. It calculates a scaling factor that multiplies the Radius Color to adjust the density of particles inside the volume. 
vrdSubsurfaceScattering	setColor(color)	method	v2		Sets the color of the scattering/translucent light.
vrdSubsurfaceScattering	setColorSpectrum(value)	method	v2		Sets the scatter color spectrum.
vrdSubsurfaceScattering	setDepth(depth)	method	v2		Sets the maximum number of scatter events that can happen before a ray leaves the volume.
vrdSubsurfaceScattering	setMediumType(type)	method	v2		Provides a large collection of common index refraction values.
vrdSubsurfaceScattering	setMode(mode)	method	v2		Sets the subsurface scattering mode to use. The subsurface scattering mode specifies the algorithm used to calculate subsurface scattering effects. Two modes ar
vrdSubsurfaceScattering	setRadius(radius)	method	v2		Sets the maximum distance light can travel inside the volume before hitting a particle. The higher the value the smoother the appearance of the subsurface scatt
vrdSubsurfaceScattering	setRadiusSpectrum(value)	method	v2		Sets the scatter radius spectrum.
vrdSubsurfaceScattering	setRefractionIndex(indexOfRefraction)	method	v2		Sets the index of refraction of the material. It defines how light is refracted when entering or leaving a volume of a different density.
vrdSubsurfaceScattering	setRoughness(roughness)	method	v2		Defines the amount of diffusion that is applied to translucent light.
vrdSubsurfaceScattering	setUseRoughness(useRoughness)	method	v2		Sets whether the surface roughness should be considered when entering or leaving the medium.
vrdSubsurfaceScattering	setWeight(weight)	method	v2		Sets the blending factor between diffuse reflections and subsurface scattering. When set to 1.0, there is only subsurface scattering, and when set to 0 it is on
vrdSwitchMaterial	getChoice()	method	v2	integer	Gets which entry of the materials in the list is set to active.
vrdSwitchMaterial	getStateNames()	method	v2	List[string]	Returns a list with all states of the switch.
vrdSwitchMaterial	setChoice(index)	method	v2		Defines which entry of the sub materials is set to active.
vrdSwitchNode	getChoice()	method	v2	integer	Returns the current choice
vrdSwitchNode	setChoice(choice)	method	v2		Set the choice.
vrdTessellationSettings	getChordDeviation()	method	v2	float	Returns the chord deviation.
vrdTessellationSettings	getFaceterVersion()	method	v2	integer	returns  
vrdTessellationSettings	getGridMode()	method	v2	integer	returns  
vrdTessellationSettings	getMaxChordLength()	method	v2	float	Returns the maximum chord length.
vrdTessellationSettings	getNormalTolerance()	method	v2	float	Returns the normal tolerance.
vrdTessellationSettings	getStitchingTolerance()	method	v2	float	Returns the stitching tolerance.
vrdTessellationSettings	getUseStitching()	method	v2	bool	Returns whether stitching is enabled or disabled.
vrdTessellationSettings	setChordDeviation(value)	method	v2		Sets the maximum deviation between the NURBS surface and the tessellated surface. A low value results in a more accurate polygon model but also increases the nu
vrdTessellationSettings	setFaceterVersion(value)	method	v2		
vrdTessellationSettings	setGridMode(value)	method	v2		
vrdTessellationSettings	setMaxChordLength(value)	method	v2		Sets the maximum edge length of the generated polygons. A low value results in a more accurate polygon model but also increases the number of triangles.
vrdTessellationSettings	setNormalTolerance(value)	method	v2		Sets the the allowed normal deviation between the normals on the ends of a tessellated edge. A low value results in a more accurate polygon model but also incre
vrdTessellationSettings	setStitchingTolerance(value)	method	v2		Sets the tolerance where two adjacent edges are considered to be touching and where they should be stitched together.
vrdTessellationSettings	setUseStitching(value)	method	v2		Enables or disables stitching of adjacent edges.
vrdTessellationSettings	vrdTessellationSettings()	method	v2		
vrdTessellationSettings	~vrdTessellationSettings()	method	v2		
vrdTexture	getAnisotropy()	method	v2	float	Returns the current anisotropy value.
vrdTexture	getComponentName()	method	v2	string	returns The name of the component, this texture belongs to
vrdTexture	getConnectRepeatModes()	method	v2	bool	Returns whether the U and V repeat modes are linked.
vrdTexture	getFrameOffset()	method	v2	integer	Returns the current frame offset.
vrdTexture	getGamma()	method	v2	float	Returns the texture image gamma correction.
vrdTexture	getImage()	method	v2	vrdImage	Returns the image used by the texture.
vrdTexture	getImageNumber()	method	v2	integer	Returns the current frame number of the image sequence.
vrdTexture	getInfiniteTilingContrast()	method	v2	float	Returns the contrast adjustment of the blending region between tiles when using infinite tiling.
vrdTexture	getInfiniteTilingGridSize()	method	v2	integer	Returns the base grid size of the infinite tiling.
vrdTexture	getInfiniteTilingHueWeight()	method	v2	float	Returns the weight of the random hue offset for each tile when using infinite tiling.
vrdTexture	getInfiniteTilingMaxRotation()	method	v2	float	Returns the maximum rotation applied to a single tile when using infinite tiling.
vrdTexture	getInfiniteTilingSaturationWeight()	method	v2	float	Returns the weight of the random saturation offset for each tile when using infinite tiling.
vrdTexture	getInfiniteTilingValueWeight()	method	v2	float	Returns the weight of the random value offset for each tile when using infinite tiling.
vrdTexture	getInlineImageSequence()	method	v2	bool	Returns whether the image sequence is embedded to the file or not.
vrdTexture	getInvertTexture()	method	v2	bool	Returns whether in texture inversion is enabled or not.
vrdTexture	getLinkTextureSettings()	method	v2	bool	Returns the current state of the texture link option.
vrdTexture	getManipulate()	method	v2	bool	Returns whether the texture manipulator is active or not.
vrdTexture	getMappingType()	method	v2	vrTextureTypes.MappingType	Returns the texture mapping type currently used for this texture.
vrdTexture	getOffset()	method	v2	QVector2D	Returns the current UV texture coordinate offset.
vrdTexture	getPlanarProjectionCenter()	method	v2	QVector3D	Returns the planar projection center in object space.
vrdTexture	getPlanarProjectionKeepAspectRatio()	method	v2	bool	Returns whether the aspect ratio of the texture is to be preserved.
vrdTexture	getPlanarProjectionOrientation()	method	v2	QVector2D	Returns the planar projection orientation.
vrdTexture	getPlanarProjectionSingleSided()	method	v2	bool	Returns whether the planar projection is single sided or not.
vrdTexture	getPlanarProjectionSize()	method	v2	QVector3D	Returns the planar projection size.
vrdTexture	getRepeat()	method	v2	QVector2D	Returns the UV texture repeat factor.
vrdTexture	getRepeatModeU()	method	v2	vrTextureTypes.RepeatMode	Returns the current texture repeat mode along the U axis.
vrdTexture	getRepeatModeV()	method	v2	vrTextureTypes.RepeatMode	Returns the current texture repeat mode along the V axis.
vrdTexture	getRotate()	method	v2	float	Returns the current UV texture coordinate rotation.
vrdTexture	getTextureSize()	method	v2	QVector2D	Returns the size of the texture in scene units.
vrdTexture	getTriplanarBlend()	method	v2	float	Returns the edge blending factor for the triplanar texture projection.
vrdTexture	getTriplanarXOffset()	method	v2	QVector2D	Returns the UV offset for the x-axis of the triplanar texture projection.
vrdTexture	getTriplanarXRepeat()	method	v2	QVector2D	Returns the UV repeat factors of the x-axis of the triplanar texture projection.
vrdTexture	getTriplanarXRotation()	method	v2	float	Returns the rotation value of the x-axis texture coordinates of the triplanar texture projection.
vrdTexture	getTriplanarYOffset()	method	v2	QVector2D	Returns the UV offset for the y-axis of the triplanar texture projection.
vrdTexture	getTriplanarYRepeat()	method	v2	QVector2D	Returns the UV repeat factors of the y-axis of the triplanar texture projection.
vrdTexture	getTriplanarYRotation()	method	v2	float	Returns the rotation value of the y-axis texture coordinates of the triplanar texture projection.
vrdTexture	getTriplanarZOffset()	method	v2	QVector2D	Returns the UV offset for the z-axis of the triplanar texture projection.
vrdTexture	getTriplanarZRepeat()	method	v2	QVector2D	Returns the UV repeat factors of the z-axis of the triplanar texture projection.
vrdTexture	getTriplanarZRotation()	method	v2	float	Returns the rotation value of the z-axis texture coordinates of the triplanar texture projection.
vrdTexture	getUniformRepeat()	method	v2	bool	Returns whether the repeat factors for the triplanar texture projection are linked or not.
vrdTexture	getUseAlpha()	method	v2	bool	Returns whehter the texture image's alpha channel is use for transparency or not.
vrdTexture	getUseCutout()	method	v2	bool	Returns whether cutout transparency is used or not.
vrdTexture	getUseImageSequence()	method	v2	bool	Returns the current image sequence usage state.
vrdTexture	getUseInfiniteTiling()	method	v2	bool	Returns whether infinite tiling is used for the texture or not.
vrdTexture	getUseTexture()	method	v2	bool	Returns the current texture usage state.
vrdTexture	getUseTextureSize()	method	v2	bool	Returns whether real world texture size should be used or not.
vrdTexture	setAnisotropy(anisotropy)	method	v2		Sets the anisotropy value for texture filtering. The ranges are defined as A value of 0.0 reverts to bilinear filtering A value in the (0.0, 1.0] range uses sim
vrdTexture	setConnectRepeatModes(s)	method	v2		If enabled the U repeat mode will be used for the V direction as well.
vrdTexture	setFrameOffset(frameOffset)	method	v2		Sets an offset to be added to the current frame number of the image sequence.
vrdTexture	setGamma(gamma)	method	v2		Sets the texture image gamma correction. For a value of 0.0 an sRGB gamma is used on LDR textures. For HDR textures the gamma is ignored, these are always assum
vrdTexture	setImage(img)	method	v2		Sets an image to the texture.
vrdTexture	setImageNumber(imageNumber)	method	v2		When an image sequence is used this sets the current frame used as a texture.
vrdTexture	setInfiniteTilingContrast(contrast)	method	v2		Sets the contrast adjustment of the blending region between tiles when using infinite tiling.
vrdTexture	setInfiniteTilingGridSize(gridSize)	method	v2		Sets the base grid size to use for infinite tiling.
vrdTexture	setInfiniteTilingHueWeight(hueWeight)	method	v2		Sets the weight of the random hue offset for each tile when using infinite tiling.
vrdTexture	setInfiniteTilingMaxRotation(maxRotation)	method	v2		Sets the maximum rotation applied to a single tile when using infinite tiling.
vrdTexture	setInfiniteTilingSaturationWeight(saturationWeight)	method	v2		Sets the weight of the random saturation offset for each tile when using infinite tiling.
vrdTexture	setInfiniteTilingValueWeight(valueWeight)	method	v2		Sets the weight of the random value offset for each tile when using infinite tiling.
vrdTexture	setInlineImageSequence(s)	method	v2		If enabled the image sequence will be embedded in the file instead of being read from disk for each frame.
vrdTexture	setInvertTexture(invertTexture)	method	v2		When enabled the values of the texture are inverted. Call supportsInvertTexture to query if texture inversion is supported for this texture.
vrdTexture	setLinkTextureSettings(s)	method	v2		Links the settings for this texture to the settings of other linked textures in this material.
vrdTexture	setManipulate(s)	method	v2		Set to True to enable the texture manipulator.
vrdTexture	setMappingType(type)	method	v2		Sets the type of the texture projection to use for this texture. Call vrdTexture.supportsMappingType() to check if mapping types are supported for this texture.
vrdTexture	setOffset(offset)	method	v2		Sets an offset added to the UV texture coordinates.
vrdTexture	setPlanarProjectionCenter(center)	method	v2		Sets the projection center for planar texture projection in object space.
vrdTexture	setPlanarProjectionFitSize()	method	v2		Automatically adjusts the size of the planar projection based on the selected geometries.
vrdTexture	setPlanarProjectionKeepAspectRatio(s)	method	v2		Sets whether the aspect ratio of the texture should be preserved for the projection or not.
vrdTexture	setPlanarProjectionObjectCenter()	method	v2		Automatically adjusts the planar projection center based on the selected geometries.
vrdTexture	setPlanarProjectionOrientation(orientation)	method	v2		Sets the projection orientation for planar texture projection in object space.
vrdTexture	setPlanarProjectionPlane(center, direction)	method	v2		Sets the center and orientation of the planar projection.
vrdTexture	setPlanarProjectionSingleSided(s)	method	v2		Sets whether the planar projection should be for one side of the geometry or both. Only available with repeat mode Decal.
vrdTexture	setPlanarProjectionSize(size)	method	v2		Sets the size of the planar texture projection in object space. The z-Coordinate of the size can be used limit the projection to depth range.
vrdTexture	setRepeat(repeat)	method	v2		Sets the UV texture repeat factor.
vrdTexture	setRepeatModeU(mode)	method	v2		Sets the texture repeat mode along the U axis.
vrdTexture	setRepeatModeV(mode)	method	v2		Sets the texture repeat mode along the V axis.
vrdTexture	setRotate(rotate)	method	v2		Sets a rotation value for the UV-texture coordinates.
vrdTexture	setTextureSize(size)	method	v2		Sets the size of the texture in scene units.
vrdTexture	setTriplanarBlend(blend)	method	v2		Sets the edge blending factor for the triplanar texture projection.
vrdTexture	setTriplanarXOffset(offset)	method	v2		Sets the UV offset for the x-axis of the triplanar texture projection.
vrdTexture	setTriplanarXRepeat(repeat)	method	v2		Sets the UV repeat factors for the x-axis of the triplanar texture projection.
vrdTexture	setTriplanarXRotation(rotation)	method	v2		Sets the rotation value for the x-axis texture coordinates of the triplanar texture projection.
vrdTexture	setTriplanarYOffset(offset)	method	v2		Sets the UV offset for the y-axis of the triplanar texture projection.
vrdTexture	setTriplanarYRepeat(repeat)	method	v2		Sets the UV repeat factors for the y-axis of the triplanar texture projection.
vrdTexture	setTriplanarYRotation(rotation)	method	v2		Sets the rotation value for the y-axis texture coordinates of the triplanar texture projection.
vrdTexture	setTriplanarZOffset(offset)	method	v2		Sets the UV offset for the z-axis of the triplanar texture projection.
vrdTexture	setTriplanarZRepeat(repeat)	method	v2		Sets the UV repeat factors for the z-axis of the triplanar texture projection.
vrdTexture	setTriplanarZRotation(rotation)	method	v2		Sets the rotation value for the z-axis texture coordinates of the triplanar texture projection.
vrdTexture	setUniformRepeat(s)	method	v2		If set to True the repeat factors of the xyz axes of the triplanar texture projection are linked.
vrdTexture	setUseAlpha(s)	method	v2		When set to True and the texture image has an alpha channel embedded it is used to make parts of the texture transparent. Call supportsUseAlpha to query if the 
vrdTexture	setUseCutout(s)	method	v2		When set to True the transparency if interpreted as either True or False. Values below 0.5 are considered to be transparent while values above 0.5 are opaque. E
vrdTexture	setUseImageSequence(s)	method	v2		When set to True an image sequence can be used as a texture.
vrdTexture	setUseInfiniteTiling(s)	method	v2		Set whether to use infinite tiling on the texture to hide visible repeats.
vrdTexture	setUseTexture(s)	method	v2		When set to True an image can be used as a texture.
vrdTexture	setUseTextureSize(s)	method	v2		If enabled, the texture size property is used instead of repeat values when using UV mapping, see vrdTexture.getTextureSize(), vrdTexture.setTextureSize(size).
vrdTexture	supportsGamma()	method	v2	bool	returns True if gamma correction is supported, False otherwise
vrdTexture	supportsInvertTexture()	method	v2	bool	returns True if texture inversion is supported, False otherwise
vrdTexture	supportsMappingType()	method	v2	bool	returns True if mapping type can be changed for this texture, False otherwise
vrdTexture	supportsUseAlpha()	method	v2	bool	returns True if alpha channel of this texture can be used, False otherwise
vrdTexture	supportsUseCutout()	method	v2	bool	returns True if cutout transparency is supported, False otherwise
vrdTextureBake	clearBake()	method	v2		Deletes the texture bake image(s) of this node.
vrdTextureBake	createBaseLightmap()	method	v2	vrdLightmap	returns Creates an empty base lightmap object or returns the existing object if there is already one. It can be used for loading lightmap images.
vrdTextureBake	createSeparateLightmap()	method	v2	vrdLightmap	returns Creates an empty separate lightmap object or returns the existing object if there is already one. It can be used for loading lightmap images.
vrdTextureBake	deleteBaseLightmap()	method	v2		Deletes the base lightmap of this node.
vrdTextureBake	deleteSeparateLightmap()	method	v2		Deletes the separate lightmap of this node.
vrdTextureBake	getBaseLightmap()	method	v2	vrdLightmap	returns Returns the base lightmap.
vrdTextureBake	getLightmap()	method	v2	vrdLightmap	returns The first existing lightmap object. Invalid if none existing.
vrdTextureBake	getLightmaps()	method	v2	List[vrdLightmap]	returns List of lightmaps on this node. The base lightmap is stored at index 0, the separate lightmap at index 1 of the list.
vrdTextureBake	getSeparateLightmap()	method	v2	vrdLightmap	returns Returns the separate lightmap.
vrdTextureBakeSettings	getDenoiserType()	method	v2	vrBakeTypes.DenoiserType	returns The used denoiserType.
vrdTextureBakeSettings	getEdgeDilation()	method	v2	integer	returns The edge dilation in pixels.
vrdTextureBakeSettings	getExternalReferenceLocation()	method	v2	string	returns The external reference location path.
vrdTextureBakeSettings	getHideTransparentObjects()	method	v2	bool	returns True if transparent objects should be hidden, False otherwise.
vrdTextureBakeSettings	getMaximumResolution()	method	v2	integer	returns The maximum resolution in pixels.
vrdTextureBakeSettings	getMinimumResolution()	method	v2	integer	returns The minimum resolution in pixels.
vrdTextureBakeSettings	getRenderer()	method	v2	vrBakeTypes.Renderer	returns The used raytracing renderer.
vrdTextureBakeSettings	getSamples()	method	v2	integer	returns The number of samples.
vrdTextureBakeSettings	getShareLightmapsForClones()	method	v2	bool	returns True if lightmaps should be shared, False otherwise
vrdTextureBakeSettings	getTexelDensity()	method	v2	float	returns The texel density.
vrdTextureBakeSettings	getUseDenoising()	method	v2	bool	returns True if denoising is used, False otherwise.
vrdTextureBakeSettings	getUseExistingResolution()	method	v2	bool	returns True if an existing resolution should be used, False otherwise.
vrdTextureBakeSettings	setDenoiserType(denoiserType)	method	v2		Sets which denoiser type is used to denoise the lightmaps.
vrdTextureBakeSettings	setEdgeDilation(value)	method	v2		Sets the edge dilation in pixels.
vrdTextureBakeSettings	setExternalReferenceLocation(value)	method	v2		Sets an external reference location.
vrdTextureBakeSettings	setHideTransparentObjects(value)	method	v2		Sets if transparent objects should be hidden.
vrdTextureBakeSettings	setMaximumResolution(value)	method	v2		Sets the maximum resolution for the lightmap.
vrdTextureBakeSettings	setMinimumResolution(value)	method	v2		Sets the minimum resolution for the lightmap.
vrdTextureBakeSettings	setRenderer(renderer)	method	v2		Sets which raytracing renderer is used to generate the lightmaps.
vrdTextureBakeSettings	setSamples(value)	method	v2		Sets the number of samples.
vrdTextureBakeSettings	setShareLightmapsForClones(shareLightmaps)	method	v2		Sets if given clones will share the same lightmap or if separate lightmaps will be created for each clone.
vrdTextureBakeSettings	setTexelDensity(value)	method	v2		Sets the texel density in pixels per meter.
vrdTextureBakeSettings	setUseDenoising(value)	method	v2		Sets if denoising should be used or not.
vrdTextureBakeSettings	setUseExistingResolution(value)	method	v2		Sets if an existing lightmap resolution should be kept.
vrdTextureBakeSettings	vrdTextureBakeSettings()	method	v2		Default constructor.
vrdTextureChunk.MinFilter	Fastest	data	v2		
vrdTextureChunk.MinFilter	Fast	data	v2		
vrdTextureChunk.MinFilter	Medium	data	v2		
vrdTextureChunk.MinFilter	Nice	data	v2		
vrdTextureChunk.MinFilter	Nicer	data	v2		
vrdTextureChunk.MinFilter	Nicest	data	v2		
vrdTextureChunk.MagFilter	Fast	data	v2		
vrdTextureChunk.MagFilter	Nice	data	v2		
vrdTextureChunk.WrapMode	Clamp	data	v2		
vrdTextureChunk.WrapMode	ClampToEdge	data	v2		
vrdTextureChunk.WrapMode	ClampToBorder	data	v2		
vrdTextureChunk.WrapMode	Repeat	data	v2		
vrdTextureChunk.WrapMode	MirroredRepeat	data	v2		
vrdTextureChunk.InternalFormat	GetFromLoadedTexture	data	v2		
vrdTextureChunk.InternalFormat	R8	data	v2		
vrdTextureChunk.InternalFormat	RG8	data	v2		
vrdTextureChunk.InternalFormat	RGB8	data	v2		
vrdTextureChunk.InternalFormat	RGBA8	data	v2		
vrdTextureChunk.InternalFormat	R16	data	v2		
vrdTextureChunk.InternalFormat	RG16	data	v2		
vrdTextureChunk.InternalFormat	RGB16	data	v2		
vrdTextureChunk.InternalFormat	RGBA16	data	v2		
vrdTextureChunk.InternalFormat	R16F	data	v2		
vrdTextureChunk.InternalFormat	RG16F	data	v2		
vrdTextureChunk.InternalFormat	RGB16F	data	v2		
vrdTextureChunk.InternalFormat	RGBA16F	data	v2		
vrdTextureChunk.InternalFormat	R32F	data	v2		
vrdTextureChunk.InternalFormat	RG32F	data	v2		
vrdTextureChunk.InternalFormat	RGB32F	data	v2		
vrdTextureChunk.InternalFormat	RGBA32F	data	v2		
vrdTextureChunk.InternalFormat	SRGB8	data	v2		
vrdTextureChunk.InternalFormat	SRGB8ALPHA8	data	v2		
vrdTextureChunk	getAnisotropy()	method	v2	float	Returns texture anisotropy filtering.
vrdTextureChunk	getImage()	method	v2	vrdImage	Returns the texture.
vrdTextureChunk	getInternalFormat()	method	v2	vrdTextureChunk.InternalFormat	Returns the internal texture format.
vrdTextureChunk	getLodBias()	method	v2	float	Bias of LOD calculation for texture access.
vrdTextureChunk	getMagFilter()	method	v2	vrdTextureChunk.MagFilter	Returns the magnification filter, default GL_LINEAR (Nice)
vrdTextureChunk	getMinFilter()	method	v2	vrdTextureChunk.MinFilter	Returns the minimization filter, default GL_LINEAR_MIPMAP_LINEAR (Nicest)
vrdTextureChunk	getWrapModeR()	method	v2	vrdTextureChunk.WrapMode	Returns texture coordinate R wrapping, default GL_REPEAT (Repeat).
vrdTextureChunk	getWrapModeS()	method	v2	vrdTextureChunk.WrapMode	Returns texture coordinate S wrapping, default GL_REPEAT (Repeat).
vrdTextureChunk	getWrapModeT()	method	v2	vrdTextureChunk.WrapMode	Returns texture coordinate T wrapping, default GL_REPEAT (Repeat).
vrdTextureChunk	setAnisotropy(anisotropy)	method	v2		Sets texture anisotropy filtering.
vrdTextureChunk	setImage(img)	method	v2		Sets the texture.
vrdTextureChunk	setInternalFormat(format)	method	v2		Sets the internal texture format.
vrdTextureChunk	setLodBias(bias)	method	v2		Set bias of LOD calculation for texture access.
vrdTextureChunk	setMagFilter(minFilter)	method	v2		Sets the magnification filter, default GL_LINEAR (Nice)
vrdTextureChunk	setMinFilter(minFilter)	method	v2		Sets the minimization filter, default GL_LINEAR_MIPMAP_LINEAR (Nicest)
vrdTextureChunk	setWrapModeR(mode)	method	v2		Sets texture coordinate R wrapping, default GL_REPEAT (Repeat).
vrdTextureChunk	setWrapModeS(mode)	method	v2		Sets texture coordinate S wrapping, default GL_REPEAT (Repeat).
vrdTextureChunk	setWrapModeT(mode)	method	v2		Sets texture coordinate T wrapping, default GL_REPEAT (Repeat).
vrdTextureSettings	getMappingType()	method	v2	vrTextureTypes.MappingType	Gets mapping type.
vrdTextureSettings	getRepeat()	method	v2	QVector2D	Returns the UV texture repeat factor.
vrdTextureSettings	getRotation()	method	v2	float	Returns the current UV texture coordinate rotation.
vrdTextureSettings	getTextureSize()	method	v2	QVector2D	Gets texture size in millimeter.
vrdTextureSettings	getTriplanarBlend()	method	v2	float	Gets the range for overlapping areas of the planar projection.
vrdTextureSettings	getTriplanarBlendMode()	method	v2	vrTextureTypes.TriplanarBlendMode	Gets blend mode.
vrdTextureSettings	getTriplanarXOffset()	method	v2	QVector2D	Gets the position of the texture's pattern by the set value in the U and V for X projection direction.
vrdTextureSettings	getTriplanarXRepeat()	method	v2	QVector2D	Gets how many times the texture is repeated in U and V for the X projection direction.
vrdTextureSettings	getTriplanarXRotation()	method	v2	float	Gets the projection orientation in the U and V for X projection direction.
vrdTextureSettings	getTriplanarYOffset()	method	v2	QVector2D	Gets the position of the texture's pattern by the set value in the U and V for Y projection direction.
vrdTextureSettings	getTriplanarYRepeat()	method	v2	QVector2D	Gets how many times the texture is repeated in U and V for the Y projection direction.
vrdTextureSettings	getTriplanarYRotation()	method	v2	float	Gets the projection orientation in the U and V for Y projection direction.
vrdTextureSettings	getTriplanarZOffset()	method	v2	QVector2D	Gets the position of the texture's pattern by the set value in the U and V for Z projection direction.
vrdTextureSettings	getTriplanarZRepeat()	method	v2	QVector2D	Gets how many times the texture is repeated in U and V for the Z projection direction.
vrdTextureSettings	getTriplanarZRotation()	method	v2	float	Gets the projection orientation in the U and V for Z projection direction.
vrdTextureSettings	getUniformRepeat()	method	v2	bool	Sets if the texture is repeated in U and V equal for each projection direction.
vrdTextureSettings	setMappingType(type)	method	v2		Sets mapping type.
vrdTextureSettings	setRepeat(repeat)	method	v2		Sets the UV texture repeat factor.
vrdTextureSettings	setRotation(rotation)	method	v2		Sets a rotation value for the UV-texture coordinates.
vrdTextureSettings	setTextureSize(size)	method	v2		Sets texture size in millimeter.
vrdTextureSettings	setTriplanarBlend(blend)	method	v2		Sets the range for overlapping areas of the planar projection.
vrdTextureSettings	setTriplanarBlendMode(mode)	method	v2		Sets blend mode.
vrdTextureSettings	setTriplanarXOffset(offset)	method	v2		Moves the position of the texture's pattern by the set value in the U and V for X projection direction.
vrdTextureSettings	setTriplanarXRepeat(repeat)	method	v2		Sets how many times the texture is repeated in U and V for the X projection direction.
vrdTextureSettings	setTriplanarXRotation(rotation)	method	v2		Sets the projection orientation in the U and V for X projection direction.
vrdTextureSettings	setTriplanarYOffset(offset)	method	v2		Moves the position of the texture's pattern by the set value in the U and V for Y projection direction.
vrdTextureSettings	setTriplanarYRepeat(repeat)	method	v2		Sets how many times the texture is repeated in U and V for the Y projection direction.
vrdTextureSettings	setTriplanarYRotation(rotation)	method	v2		Sets the projection orientation in the U and V for Y projection direction.
vrdTextureSettings	setTriplanarZOffset(offset)	method	v2		Moves the position of the texture's pattern by the set value in the U and V for Z projection direction.
vrdTextureSettings	setTriplanarZRepeat(repeat)	method	v2		Sets how many times the texture is repeated in U and V for the Z projection direction.
vrdTextureSettings	setTriplanarZRotation(rotation)	method	v2		Sets the projection orientation in the U and V for Z projection direction.
vrdTextureSettings	setUniformRepeat(s)	method	v2		Sets if the texture is repeated in U and V equal for each projection direction.
vrdThinFilm	getIor()	method	v2	float	Gets the index of refraction of the thin film.
vrdThinFilm	getThickness()	method	v2	float	Gets the thickness of the thin film.
vrdThinFilm	getWeight()	method	v2	float	Gets the weight of the thin film.
vrdThinFilm	setIor(value)	method	v2		Sets the index of refraction of the thin film.
vrdThinFilm	setThickness(value)	method	v2		Sets the thickness of the thin film layer.
vrdThinFilm	setWeight(value)	method	v2		Sets the weight of the thin film.
vrdTireMaterial	getBumpFlipU()	method	v2	bool	Returns the U tangent direction of the bump map.
vrdTireMaterial	getBumpFlipV()	method	v2	bool	Returns the V tangent direction of the bump map.
vrdTireMaterial	getBumpIntensity()	method	v2	float	Gets bump intensity value.
vrdTireMaterial	getBumpMarkings()	method	v2	vrdImage	Gets bump markings image.
vrdTireMaterial	getBumpProfile()	method	v2	vrdImage	Gets the bump profile image.
vrdTireMaterial	getDiffuseColor()	method	v2	QVector3D	returns Current diffuse reflection color
vrdTireMaterial	getDiffuseColorSpectrum()	method	v2	vrSpectrum	Gets the diffuse color spectrum.
vrdTireMaterial	getDiffuseInputGamma()	method	v2	float	Gets diffuse input gamma value.
vrdTireMaterial	getDiffuseMarkings()	method	v2	vrdImage	Returns the diffuse markings image.
vrdTireMaterial	getDiffuseProfile()	method	v2	vrdImage	Returns the diffuse profile image.
vrdTireMaterial	getDisplacementTexture()	method	v2	vrdDisplacementTexture	Gets access to all properties of vrdDisplacementTexture.
vrdTireMaterial	getGlossyColor()	method	v2	QVector3D	returns Current glossy reflection color
vrdTireMaterial	getGlossyColorSpectrum()	method	v2	vrSpectrum	returns The material's color spectrum for glossy reflections
vrdTireMaterial	getGlossyInputGamma()	method	v2	float	Gets glossy input gamma value.
vrdTireMaterial	getGlossyMarkings()	method	v2	vrdImage	Returns the glossy markings image.
vrdTireMaterial	getGlossyProfile()	method	v2	vrdImage	Returns the glossy profile image.
vrdTireMaterial	getIncandescence()	method	v2	vrdIncandescence	Gets access to all properties of vrdIncandescence.
vrdTireMaterial	getParallaxIntensity()	method	v2	float	Gets parallax intensity value.
vrdTireMaterial	getReflectivity()	method	v2	float	Gets the intensity of the reflection on the surface.
vrdTireMaterial	getRoughness()	method	v2	float	returns The current value of roughness for this material.
vrdTireMaterial	getTextureSettings()	method	v2	vrdTireTextureSettings	Get access to all vrdTireTextureSettings properties.
vrdTireMaterial	getUseBumpMarkings()	method	v2	bool	Returns whether a bump marking texture is used.
vrdTireMaterial	getUseBumpProfile()	method	v2	bool	Returns whether a bump profile is used.
vrdTireMaterial	getUseDiffuseMarkings()	method	v2	bool	Return if a diffuse markings texture is used.
vrdTireMaterial	getUseDiffuseProfile()	method	v2	bool	Returns if a diffuse profile texture is used.
vrdTireMaterial	getUseGlossyMarkings()	method	v2	bool	Returns if a glossy markings texture is used.
vrdTireMaterial	getUseGlossyProfile()	method	v2	bool	Returns whether a glossy profile texture is used.
vrdTireMaterial	setBumpFlipU(s)	method	v2		Flips the U tangent direction of the normal or bump map of the markings texture. The profile texture should always be a height map and therefore flipping should
vrdTireMaterial	setBumpFlipV(s)	method	v2		Flips the V tangent direction of the normal or bump map of the markings texture. The profile texture should always be a height map and therefore flipping should
vrdTireMaterial	setBumpIntensity(bumpIntensity)	method	v2		Sets bump intensity value.
vrdTireMaterial	setBumpMarkings(image)	method	v2		Sets bump marking image.
vrdTireMaterial	setBumpProfile(image)	method	v2		Sets bump profile image.
vrdTireMaterial	setDiffuseColor(value)	method	v2		Sets the diffuse reflection color of the material.
vrdTireMaterial	setDiffuseColorSpectrum(value)	method	v2		Sets the diffuse color spectrum.
vrdTireMaterial	setDiffuseInputGamma(gamma)	method	v2		Sets the diffuse input gamma value.
vrdTireMaterial	setDiffuseMarkings(image)	method	v2		Sets diffuse markings image.
vrdTireMaterial	setDiffuseProfile(image)	method	v2		Sets diffuse profile image.
vrdTireMaterial	setGlossyColor(value)	method	v2		Sets the glossy reflection color of the material.
vrdTireMaterial	setGlossyColorSpectrum(value)	method	v2		Sets the material's color spectrum for glossy reflections.
vrdTireMaterial	setGlossyInputGamma(gamma)	method	v2		Sets glossy input gamma value.
vrdTireMaterial	setGlossyMarkings(image)	method	v2		Sets glossy markings image.
vrdTireMaterial	setGlossyProfile(image)	method	v2		Sets glossy profile image.
vrdTireMaterial	setParallaxIntensity(parallaxIntensity)	method	v2		Sets the parallax intensity value.
vrdTireMaterial	setReflectivity(v)	method	v2		Controls the intensity of the reflection on the surface. The higher the value, the more the influence from the environment and objects around.
vrdTireMaterial	setRoughness(roughness)	method	v2		Controls the sharpness of the glossy reflections. The higher the value, the rougher the microscopic structure on top of the surface and more diffuse the reflect
vrdTireMaterial	setUseBumpMarkings(use)	method	v2		Sets whether a bump markings texture should be used.
vrdTireMaterial	setUseBumpProfile(use)	method	v2		Set whether a bump profile should be used.
vrdTireMaterial	setUseDiffuseMarkings(use)	method	v2		Sets whether a diffuse markings texture should be used.
vrdTireMaterial	setUseDiffuseProfile(use)	method	v2		Sets whether a diffuse profile texture should be used.
vrdTireMaterial	setUseGlossyMarkings(use)	method	v2		Sets whether a glossy markings texture should be used.
vrdTireMaterial	setUseGlossyProfile(use)	method	v2		Sets whether a glossy profile texture used.
vrdTireTextureSettings	getAnisotropy()	method	v2	float	Gets the texture filter quality for the tire image textures. A value of 1 sets the lowest quality and 16 is the highest quality.
vrdTireTextureSettings	getBlendPosition()	method	v2	float	Gets the marking and profile texture blend position.
vrdTireTextureSettings	getMappingCenter()	method	v2	QVector3D	Gets the tire projection center.
vrdTireTextureSettings	getMappingRotate()	method	v2	QVector3D	Gets the tire projection rotation when using Custom rotation axis.
vrdTireTextureSettings	getMarkingsScale()	method	v2	float	Gets the texture scale value for the marking texture.
vrdTireTextureSettings	getMarkingsSize()	method	v2	float	Gets the texture size value for the marking texture.
vrdTireTextureSettings	getProfileRepeat()	method	v2	float	Gets the texture scale value for the profile texture.
vrdTireTextureSettings	getProfileWidth()	method	v2	float	Gets the texture scale value for the profile texture.
vrdTireTextureSettings	getRepeatUV()	method	v2	QVector2D	Gets the U and V repetition of the profile texture.
vrdTireTextureSettings	getRotationAxis()	method	v2	vrTextureTypes.Axis	Gets the rotation axis.
vrdTireTextureSettings	setAnisotropy(v)	method	v2		Sets the texture filter quality for the tire image textures. A value of 1 sets the lowest quality and 16 is the highest quality.
vrdTireTextureSettings	setBlendPosition(v)	method	v2		Sets the marking and profile texture blend position.
vrdTireTextureSettings	setMappingCenter(v)	method	v2		Sets the tire projection center. To center the projection pivot automatically, use setValuesFromObject.
vrdTireTextureSettings	setMappingRotate(v)	method	v2		Sets the tire projection rotation when using Custom rotation axis.
vrdTireTextureSettings	setMarkingsScale(v)	method	v2		Sets the texture scale value for the marking texture.
vrdTireTextureSettings	setMarkingsSize(v)	method	v2		Sets the texture size value for the marking texture.
vrdTireTextureSettings	setProfileRepeat(v)	method	v2		Sets the texture scale value for the profile texture.
vrdTireTextureSettings	setProfileWidth(v)	method	v2		Sets the texture width value for the profile texture.
vrdTireTextureSettings	setRepeatUV(v)	method	v2		Sets the U and V repetition of the profile texture.
vrdTireTextureSettings	setRotationAxis(v)	method	v2		Sets the rotation axis.
vrdTireTextureSettings	setValuesFromObject()	method	v2		Attempts to guess the correct Rotation Axis, Center, Markings Size, and Profile Width from the bounding box of the object selected in scene graph.
vrdTonemapper	estimateWhitebalanceFromPixel(x, y)	method	v2		Sets the white balance based on a picked position in the renderview. The coordinates are in global screen space with bottom left corner as origin. Only coordina
vrdTonemapper	getAutoAdjustISO()	method	v2	bool	Returns the state of the automatic adaption of the ISO of the camera when fstop or shutterspeed are changing.
vrdTonemapper	getAutoExposure()	method	v2	bool	Returns the state of the automatic exposure calculation of the camera.
vrdTonemapper	getBlueResponseCurve()	method	v2	List[QVector2D]	Returns the blue response curve.
vrdTonemapper	getCandelaMappingMode()	method	v2	vrCameraTypes.CameraCandelaMapping	Returns the candela mapping mode.
vrdTonemapper	getCandelaRange()	method	v2	QVector2D	Returns the candela range.
vrdTonemapper	getColorspace()	method	v2	vrCameraTypes.CameraColorspace	Returns the colorspace.
vrdTonemapper	getContrast()	method	v2	float	Returns the contrast.
vrdTonemapper	getExposure()	method	v2	float	Returns the exposure of the camera.
vrdTonemapper	getExposureCompensation()	method	v2	float	Returns the exposure compensation value of the camera.
vrdTonemapper	getGreenResponseCurve()	method	v2	List[QVector2D]	Returns the green response curve.
vrdTonemapper	getHdrView()	method	v2	integer	Returns the OpenColorIO view transform of the camera in HDR rendering.
vrdTonemapper	getISO()	method	v2	float	Returns the ISO of the camera.
vrdTonemapper	getLook()	method	v2	integer	Returns the OpenColorIO look of the camera if available.
vrdTonemapper	getLuminanceResponseCurve()	method	v2	List[QVector2D]	Returns the luminance response curve.
vrdTonemapper	getLuminousExposure()	method	v2	float	Returns the calculated luminous exposure of the physical camera tonemapper.
vrdTonemapper	getMidGrayAdjustment()	method	v2	bool	Returns the state of the mid gray adjustment for the OpenColorIO view transform.
vrdTonemapper	getRedResponseCurve()	method	v2	List[QVector2D]	Returns the red response curve.
vrdTonemapper	getResponseCurveFilename()	method	v2	string	Returns the response curve file name.
vrdTonemapper	getResponseCurveMode()	method	v2	vrCameraTypes.CameraResponseCurveMode	Returns the active response curve mode.
vrdTonemapper	getResponseCurvePower()	method	v2	float	Returns the power of the AgX tonemapping.
vrdTonemapper	getResponseCurveSaturation()	method	v2	float	Returns the saturation of the AgX tonemapping.
vrdTonemapper	getSensorResponse()	method	v2	vrCameraTypes.CameraSensorResponse	Returns the sensor response of the camera.
vrdTonemapper	getSensorResponseCurveMapping()	method	v2	vrCameraTypes.CameraSensorResponseCurveMapping	Returns the mapping of the input values to the sensor response curve lookup.
vrdTonemapper	getShoulderStrength()	method	v2	float	Returns the shoulder strength.
vrdTonemapper	getToeStrength()	method	v2	float	Returns the toe strength.
vrdTonemapper	getTonemapperType()	method	v2	vrCameraTypes.CameraTonemapper	Returns the active tonemapper type.
vrdTonemapper	getView()	method	v2	integer	Returns the OpenColorIO view transform of the camera in SDR rendering.
vrdTonemapper	getWhiteBalance()	method	v2	float	Returns the white balance of the camera.
vrdTonemapper	getWhitePoint()	method	v2	float	Returns the white point of the camera.
vrdTonemapper	loadResponseCurve(fileName)	method	v2	bool	Loads a saved response curve from a file.
vrdTonemapper	saveResponseCurve(fileName)	method	v2	bool	Saves the response curve to a file.
vrdTonemapper	setAutoAdjustISO(value)	method	v2		Sets the state of the automatic adaption of the ISO of the camera when fstop or shutterspeed are changing.
vrdTonemapper	setAutoExposure(value)	method	v2		Sets the state of the automatic exposure calculation of the camera.
vrdTonemapper	setBlueResponseCurve(values)	method	v2		Sets the blue response curve.
vrdTonemapper	setCandelaMappingMode(mapping)	method	v2		Sets the candela mapping mode.
vrdTonemapper	setCandelaRange(rangeMinMax)	method	v2		Sets the candela range.
vrdTonemapper	setColorspace(value)	method	v2		Sets the colorspace.
vrdTonemapper	setContrast(value)	method	v2		Sets the contrast.
vrdTonemapper	setExposure(value)	method	v2		Sets the exposure of the camera.
vrdTonemapper	setExposureCompensation(value)	method	v2		Sets the exposure compensation of the camera used when auto exposure is enabled.
vrdTonemapper	setGreenResponseCurve(values)	method	v2		Sets the green response curve.
vrdTonemapper	setHdrView(value)	method	v2		Sets the OpenColorIO view transform of the camera in HDR rendering.
vrdTonemapper	setISO(value)	method	v2		Sets the ISO of the camera.
vrdTonemapper	setLook(value)	method	v2		Sets the OpenColorIO look of the camera if available.
vrdTonemapper	setLuminanceResponseCurve(values)	method	v2		Sets the luminance response curve.
vrdTonemapper	setMidGrayAdjustment(value)	method	v2		Sets the state of the mid gray adjustment for the OpenColorIO view transform. If enabled the 18% gray is mapped to 18% after applying the OpenColorIO view trans
vrdTonemapper	setRedResponseCurve(values)	method	v2		Sets the red response curve.
vrdTonemapper	setResponseCurveMode(mode)	method	v2		Sets the response curve mode.
vrdTonemapper	setResponseCurvePower(value)	method	v2		Sets the power of the AgX tonemapping.
vrdTonemapper	setResponseCurveSaturation(value)	method	v2		Sets the saturation of the AgX tonemapping.
vrdTonemapper	setSensorResponse(value)	method	v2		Sets the sensor response of the camera.
vrdTonemapper	setSensorResponseCurveMapping(value)	method	v2		Sets the mapping of the input values to the sensor response curve lookup.
vrdTonemapper	setShoulderStrength(value)	method	v2		Sets the shoulder strength.
vrdTonemapper	setToeStrength(value)	method	v2		Sets the toe strength.
vrdTonemapper	setTonemapperType(mapper)	method	v2		Sets the tonemapper type.
vrdTonemapper	setView(value)	method	v2		Sets the OpenColorIO view transform of the camera in SDR rendering.
vrdTonemapper	setWhiteBalance(value)	method	v2		Sets the white balance of the camera.
vrdTonemapper	setWhitePoint(value)	method	v2		Sets the white point of the camera.
vrdTrackedHand	getJointTransform(finger, jointId)	method	v2	QMatrix4x4	Gets the joint transformation.
vrdTrackedHand	getPinchStrength()	method	v2	float	returns Pinch strength 0-1. 0 not pinching
vrdTrackedHand	getRole()	method	v2	vrHandTypes.HandRole	returns Hand Role. Left or right
vrdTrackedHand	getTransform()	method	v2	QMatrix4x4	returns The hand position offset in world space
vrdTrackedHand	isTracked()	method	v2	bool	returns True, if the hand has been detected
vrdTrackedHand	setGesture(gesture)	method	v2		
vrdTrackedHand	setJointTransform(transform, finger, jointId)	method	v2		Sets the joint transformation. The thumb has only 5 (0-4) joints.
vrdTrackedHand	setPinchStrength(value)	method	v2		
vrdTrackedHand	setTracked(value)	method	v2		
vrdTrackedHand	setTransform(matrix)	method	v2		Sets the hand position offset in world space.
vrdTrackedHand	signal()	method	v2	Q_SLOTvrdTrackedHandSignal	Gets the signal that can be triggered.
vrdTransformLimits	getUseEulerRotationLimits()	method	v2	bool	Checks if euler rotation limits are enabled for any axis.
vrdTransformLimits	getUseMaxXEulerRotationLimit()	method	v2	bool	Checks if the maximum euler rotation limit for the x-axis is enabled.
vrdTransformLimits	getUseMaxXScalingLimit()	method	v2	bool	Checks if the maximum scaling limit for the x-axis is enabled.
vrdTransformLimits	getUseMaxXTranslationLimit()	method	v2	bool	Checks if the maximum translation limit for the x-axis is enabled.
vrdTransformLimits	getUseMaxYEulerRotationLimit()	method	v2	bool	Checks if the maximum euler rotation limit for the y-axis is enabled.
vrdTransformLimits	getUseMaxYScalingLimit()	method	v2	bool	Checks if the maximum scaling limit for the y-axis is enabled.
vrdTransformLimits	getUseMaxYTranslationLimit()	method	v2	bool	Checks if the maximum translation limit for the y-axis is enabled.
vrdTransformLimits	getUseMaxZEulerRotationLimit()	method	v2	bool	Checks if the maximum euler rotation limit for the z-axis is enabled.
vrdTransformLimits	getUseMaxZScalingLimit()	method	v2	bool	Checks if the maximum scaling limit for the z-axis is enabled.
vrdTransformLimits	getUseMaxZTranslationLimit()	method	v2	bool	Checks if the maximum translation limit for the z-axis is enabled.
vrdTransformLimits	getUseMinXEulerRotationLimit()	method	v2	bool	Checks if the minimum euler rotation limit for the x-axis is enabled.
vrdTransformLimits	getUseMinXScalingLimit()	method	v2	bool	Checks if the minimum scaling limit for the x-axis is enabled.
vrdTransformLimits	getUseMinXTranslationLimit()	method	v2	bool	Checks if the minimum translation limit for the x-axis is enabled.
vrdTransformLimits	getUseMinYEulerRotationLimit()	method	v2	bool	Checks if the minimum euler rotation limit for the y-axis is enabled.
vrdTransformLimits	getUseMinYScalingLimit()	method	v2	bool	Checks if the minimum scaling limit for the y-axis is enabled.
vrdTransformLimits	getUseMinYTranslationLimit()	method	v2	bool	Checks if the minimum translation limit for the y-axis is enabled.
vrdTransformLimits	getUseMinZEulerRotationLimit()	method	v2	bool	Checks if the minimum euler rotation limit for the z-axis is enabled.
vrdTransformLimits	getUseMinZScalingLimit()	method	v2	bool	Checks if the minimum scaling limit for the z-axis is enabled.
vrdTransformLimits	getUseMinZTranslationLimit()	method	v2	bool	Checks if the minimum translation limit for the z-axis is enabled.
vrdTransformLimits	getUseScalingLimits()	method	v2	bool	Checks if scaling limits are enabled for any axis.
vrdTransformLimits	getUseTranslationLimits()	method	v2	bool	Checks if translation limits are enabled for any axis.
vrdTransformLimits	getXEulerRotationLimit()	method	v2	QVector2D	Gets the minimum and maximum euler rotation limits for the x-axis.
vrdTransformLimits	getXScalingLimit()	method	v2	QVector2D	Gets the minimum and maximum scaling limits for the x-axis.
vrdTransformLimits	getXTranslationLimit()	method	v2	QVector2D	Gets the minimum and maximum translation limits for the x-axis.
vrdTransformLimits	getYEulerRotationLimit()	method	v2	QVector2D	Gets the minimum and maximum euler rotation limits for the y-axis.
vrdTransformLimits	getYScalingLimit()	method	v2	QVector2D	Gets the minimum and maximum scaling limits for the y-axis.
vrdTransformLimits	getYTranslationLimit()	method	v2	QVector2D	Gets the minimum and maximum translation limits for the y-axis.
vrdTransformLimits	getZEulerRotationLimit()	method	v2	QVector2D	Gets the minimum and maximum euler rotation limits for the z-axis.
vrdTransformLimits	getZScalingLimit()	method	v2	QVector2D	Gets the minimum and maximum scaling limits for the z-axis.
vrdTransformLimits	getZTranslationLimit()	method	v2	QVector2D	Gets the minimum and maximum translation limits for the z-axis.
vrdTransformLimits	isDefault()	method	v2	bool	Transform limits are created on demand.
vrdTransformLimits	setUseEulerRotationLimits(use)	method	v2		Enables or disables euler rotation limits for all axes.
vrdTransformLimits	setUseMaxXEulerRotationLimit(use)	method	v2		Enables or disables the maximum euler rotation limit for the x-axis.
vrdTransformLimits	setUseMaxXScalingLimit(use)	method	v2		Enables or disables the maximum scaling limit for the x-axis.
vrdTransformLimits	setUseMaxXTranslationLimit(use)	method	v2		Enables or disables the maximum translation limit for the x-axis.
vrdTransformLimits	setUseMaxYEulerRotationLimit(use)	method	v2		Enables or disables the maximum euler rotation limit for the y-axis.
vrdTransformLimits	setUseMaxYScalingLimit(use)	method	v2		Enables or disables the maximum scaling limit for the y-axis.
vrdTransformLimits	setUseMaxYTranslationLimit(use)	method	v2		Enables or disables the maximum translation limit for the y-axis.
vrdTransformLimits	setUseMaxZEulerRotationLimit(use)	method	v2		Enables or disables the maximum euler rotation limit for the z-axis.
vrdTransformLimits	setUseMaxZScalingLimit(use)	method	v2		Enables or disables the maximum scaling limit for the z-axis.
vrdTransformLimits	setUseMaxZTranslationLimit(use)	method	v2		Enables or disables the maximum translation limit for the z-axis.
vrdTransformLimits	setUseMinXEulerRotationLimit(use)	method	v2		Enables or disables the minimum euler rotation limit for the x-axis.
vrdTransformLimits	setUseMinXScalingLimit(use)	method	v2		Enables or disables the minimum scaling limit for the x-axis.
vrdTransformLimits	setUseMinXTranslationLimit(use)	method	v2		Enables or disables the minimum translation limit for the x-axis.
vrdTransformLimits	setUseMinYEulerRotationLimit(use)	method	v2		Enables or disables the minimum euler rotation limit for the y-axis.
vrdTransformLimits	setUseMinYScalingLimit(use)	method	v2		Enables or disables the minimum scaling limit for the y-axis.
vrdTransformLimits	setUseMinYTranslationLimit(use)	method	v2		Enables or disables the minimum translation limit for the y-axis.
vrdTransformLimits	setUseMinZEulerRotationLimit(use)	method	v2		Enables or disables the minimum euler rotation limit for the z-axis.
vrdTransformLimits	setUseMinZScalingLimit(use)	method	v2		Enables or disables the minimum scaling limit for the z-axis.
vrdTransformLimits	setUseMinZTranslationLimit(use)	method	v2		Enables or disables the minimum translation limit for the z-axis.
vrdTransformLimits	setUseScalingLimits(use)	method	v2		Enables or disables scaling limits for all axes.
vrdTransformLimits	setUseTranslationLimits(use)	method	v2		Enables or disables translation limits for all axes.
vrdTransformLimits	setXEulerRotationLimit(angle)	method	v2		Sets the minimum and maximum euler rotation limits for the x-axis.
vrdTransformLimits	setXScalingLimit(scaling)	method	v2		Sets the minimum and maximum scaling limits for the x-axis.
vrdTransformLimits	setXTranslationLimit(translation)	method	v2		Sets the minimum and maximum translation limits for the x-axis.
vrdTransformLimits	setYEulerRotationLimit(angle)	method	v2		Sets the minimum and maximum euler rotation limits for the y-axis.
vrdTransformLimits	setYScalingLimit(scaling)	method	v2		Sets the minimum and maximum scaling limits for the y-axis.
vrdTransformLimits	setYTranslationLimit(translation)	method	v2		Sets the minimum and maximum translation limits for the y-axis.
vrdTransformLimits	setZEulerRotationLimit(angle)	method	v2		Sets the minimum and maximum euler rotation limits for the z-axis.
vrdTransformLimits	setZScalingLimit(scaling)	method	v2		Sets the minimum and maximum scaling limits for the z-axis.
vrdTransformLimits	setZTranslationLimit(translation)	method	v2		Sets the minimum and maximum translation limits for the z-axis.
vrdTransformNode	addLocalTranslation(localTranslationDelta)	method	v2		Adds a translation delta along the node's local axes, as when using the translation manipulator in "Local Mode".
vrdTransformNode	captureTransformVariant(name)	method	v2		Captures the current transformation into a variant.
vrdTransformNode	deleteTransformVariant(variant)	method	v2		Deletes the given transform variant from this transformation.
vrdTransformNode	findTransformVariant(name)	method	v2	vrdTransformNodeVariant	Find a transform variant by name.
vrdTransformNode	getEulerRotationOrder()	method	v2	vrTransformTypes.EulerRotationOrder	returns The euler angle rotation order
vrdTransformNode	getLocalTranslation()	method	v2	QVector3D	Returns the translation converted into local-axis coordinates.
vrdTransformNode	getRotatePivot()	method	v2	QVector3D	returns The rotation pivot point
vrdTransformNode	getRotatePivotTranslation()	method	v2	QVector3D	returns The rotation pivot translation
vrdTransformNode	getRotationAsEuler()	method	v2	QVector3D	returns The euler rotation angles in degrees
vrdTransformNode	getRotationAsQuaternion()	method	v2	QQuaternion	returns The rotation as quaternion
vrdTransformNode	getRotationOrientationAsDirection()	method	v2	Tuple[QVector3D, vrTransformTypes.Axis]	returns Pair where the first value is the object-space direction vector that the chosen pivot axis points to, and the second value is that pivot axis.
vrdTransformNode	getRotationOrientationAsEuler()	method	v2	QVector3D	returns The rotation orientation angles in degrees
vrdTransformNode	getRotationOrientationAsQuaternion()	method	v2	QQuaternion	returns The rotation orientation as quaternion
vrdTransformNode	getScale()	method	v2	QVector3D	returns The scale vector
vrdTransformNode	getScalePivot()	method	v2	QVector3D	returns The scale pivot point
vrdTransformNode	getScalePivotTranslation()	method	v2	QVector3D	returns The scale pivot translation
vrdTransformNode	getShear()	method	v2	QVector3D	returns The shear value
vrdTransformNode	getTransform()	method	v2	QMatrix4x4	returns This node's transformation matrix.
vrdTransformNode	getTransformLimits()	method	v2	vrdTransformLimits	returns Transformation limit settings
vrdTransformNode	getTransformVariants()	method	v2	List[vrdTransformNodeVariant]	returns A list of transform variants for this transformation
vrdTransformNode	getTranslation()	method	v2	QVector3D	returns This node's translation vector
vrdTransformNode	getWorldRotatePivot()	method	v2	QVector3D	returns The rotation pivot in world space
vrdTransformNode	getWorldScalePivot()	method	v2	QVector3D	returns The cale pivot point in world space
vrdTransformNode	getWorldTranslation()	method	v2	QVector3D	returns The translation vector in world space
vrdTransformNode	resetTransformation()	method	v2		Resets all transformation fields to their default values.
vrdTransformNode	setEulerRotationOrder(rotationOrder)	method	v2		Sets the euler rotation order.
vrdTransformNode	setLocalTranslation(translation)	method	v2		Sets the translation along the node's local axes.
vrdTransformNode	setRotatePivot(rotatePivot)	method	v2		Sets the rotate pivot.
vrdTransformNode	setRotatePivotTranslation(rotatePivotTranslation)	method	v2		Sets the rotate pivot translation.
vrdTransformNode	setRotationAsEuler(rotation)	method	v2		Sets the rotation.
vrdTransformNode	setRotationAsQuaternion(rotation)	method	v2		Sets the rotation.
vrdTransformNode	setRotationOrientationAsDirection(direction)	method	v2		Sets the rotation pivot orientation from a direction vector and axis, such that the selected pivot's axis is aligned with the direction vector.
vrdTransformNode	setRotationOrientationAsEuler(rotationOrientation)	method	v2		Sets the rotation orientation.
vrdTransformNode	setRotationOrientationAsQuaternion(orientation)	method	v2		Sets the rotation orientation.
vrdTransformNode	setScale(scale)	method	v2		Sets the scaling.
vrdTransformNode	setScalePivot(scalePivot)	method	v2		Sets the scale pivot.
vrdTransformNode	setScalePivotTranslation(scalePivotTranslation)	method	v2		Sets the scale pivot translation.
vrdTransformNode	setShear(shear)	method	v2		Sets the shear.
vrdTransformNode	setTransform(matrix)	method	v2		Sets this node's transformation.
vrdTransformNode	setTranslation(translation)	method	v2		Sets this node's translation.
vrdTransformNode	setWorldRotatePivot(rotatePivot)	method	v2		Sets the rotate pivot in world space.
vrdTransformNode	setWorldScalePivot(scalePivot)	method	v2		Sets the scale pivot in world space.
vrdTransformNode	setWorldTransform(matrix)	method	v2		Sets the transformation matrix in world space.
vrdTransformNode	setWorldTranslation(translation)	method	v2		Sets the translation in world space.
vrdTransformNodeVariant	apply()	method	v2		Applies this variant to the transformation.
vrdTransformNodeVariant	getApplyMask()	method	v2	vrTransformTypes.VariantValueBitMask	returns The bit mask for fields to be applied on select
vrdTransformNodeVariant	getEulerRotationOrder()	method	v2	vrTransformTypes.EulerRotationOrder	returns The euler angle rotation order
vrdTransformNodeVariant	getName()	method	v2	string	returns The name of this transform variant
vrdTransformNodeVariant	getRotatePivot()	method	v2	QVector3D	returns The rotation pivot point
vrdTransformNodeVariant	getRotatePivotTranslation()	method	v2	QVector3D	returns The rotation pivot translation
vrdTransformNodeVariant	getRotationAsEuler()	method	v2	QVector3D	returns The euler rotation angles in degrees
vrdTransformNodeVariant	getRotationOrientationAsDirection()	method	v2	Tuple[QVector3D, vrTransformTypes.Axis]	returns Pair where the first value is the object-space direction vector that the chosen pivot axis points to, and the second value is that pivot axis.
vrdTransformNodeVariant	getRotationOrientationAsEuler()	method	v2	QVector3D	returns The rotation orientation angles in degrees
vrdTransformNodeVariant	getScale()	method	v2	QVector3D	returns The scale vector
vrdTransformNodeVariant	getScalePivot()	method	v2	QVector3D	returns The scale pivot point
vrdTransformNodeVariant	getScalePivotTranslation()	method	v2	QVector3D	returns The scale pivot translation
vrdTransformNodeVariant	getTranslation()	method	v2	QVector3D	returns The translation vector
vrdTransformNodeVariant	getWorldRotatePivot()	method	v2	QVector3D	returns The rotation pivot in world space
vrdTransformNodeVariant	getWorldScalePivot()	method	v2	QVector3D	returns The cale pivot point in world space
vrdTransformNodeVariant	getWorldTranslation()	method	v2	QVector3D	returns The translation vector in world space
vrdTransformNodeVariant	setApplyMask(mask)	method	v2		Sets the bit mask for fields to be applied on select.
vrdTransformNodeVariant	setEulerRotationOrder(rotationOrder)	method	v2		Sets the euler rotation order.
vrdTransformNodeVariant	setName(name)	method	v2		Sets the variant name.
vrdTransformNodeVariant	setRotatePivot(rotatePivot)	method	v2		Sets the rotate pivot.
vrdTransformNodeVariant	setRotatePivotTranslation(rotatePivotTranslation)	method	v2		Sets the rotate pivot translation.
vrdTransformNodeVariant	setRotationAsEuler(rotation)	method	v2		Sets the rotation.
vrdTransformNodeVariant	setRotationOrientationAsDirection(direction)	method	v2		Sets the rotation pivot orientation from a direction vector and axis, such that the selected pivot's axis is aligned with the direction vector.
vrdTransformNodeVariant	setRotationOrientationAsEuler(rotationOrientation)	method	v2		Sets the rotation orientation.
vrdTransformNodeVariant	setScale(scale)	method	v2		Sets the scaling.
vrdTransformNodeVariant	setScalePivot(scalePivot)	method	v2		Sets the scale pivot.
vrdTransformNodeVariant	setScalePivotTranslation(scalePivotTranslation)	method	v2		Sets the scale pivot translation.
vrdTransformNodeVariant	setTranslation(translation)	method	v2		Sets the translation.
vrdTransformNodeVariant	setWorldRotatePivot(rotatePivot)	method	v2		Sets the rotate pivot in world space.
vrdTransformNodeVariant	setWorldScalePivot(scalePivot)	method	v2		Sets the scale pivot in world space.
vrdTransformNodeVariant	setWorldTranslation(translation)	method	v2		Sets the translation in world space.
vrdTransparency	getSeeThrough()	method	v2	QVector3D	Gets the see through value.
vrdTransparency	getSeeThroughSpectrum()	method	v2	vrSpectrum	Gets the see through spectrum.
vrdTransparency	getTexture()	method	v2	vrdTexture	Gets access of all vrdTexture properties.
vrdTransparency	setSeeThrough(value)	method	v2		Sets the see through value.
vrdTransparency	setSeeThroughSpectrum(value)	method	v2		Sets the see through spectrum.
vrdTurntable	getAngle()	method	v2	float	Returns the angle of the turntable/.
vrdTurntable	getAnimationDuration()	method	v2	float	Returns the duration of the turntable animation.
vrdTurntable	getDirection()	method	v2	vrCameraTypes.TurntableDirection	Returns the turntable animation playback direction.
vrdTurntable	getDistance()	method	v2	float	Returns the distance of the turntable.
vrdTurntable	getHeight()	method	v2	float	Returns the height of the turntable.
vrdTurntable	getLoop()	method	v2	bool	Returns the state of the turntable animation loop mode.
vrdTurntable	getPlaying()	method	v2	bool	Returns the playback state of the turntable animation.
vrdTurntable	setAngle(angle)	method	v2		Sets the angle of the turntable.
vrdTurntable	setAnimationDuration(seconds)	method	v2		Sets the duration of the turntable animation.
vrdTurntable	setDirection(direction)	method	v2		Sets the playback direction of the turntable animation.
vrdTurntable	setDistance(distance)	method	v2		Sets the distance of the turntable.
vrdTurntable	setHeight(height)	method	v2		Sets the height of the turntable.
vrdTurntable	setLoop(enable)	method	v2		Sets the turntable animation to loop mode.
vrdTurntable	setPlaying(value)	method	v2		Starts / stops the turntable animation.
vrdTurntable	updateFromView()	method	v2		Update the turntable parameters from the current view.
vrdUVBaseProjectionSettings	getKeepAspectRatio()	method	v2	bool	returns The Keep Aspect Ratio flag. See vrdUVBaseProjectionSettings.setKeepAspectRatio(keepAspectRatio) for an explanation.
vrdUVBaseProjectionSettings	getProjectionCenter()	method	v2	QVector3D	returns Get center of the projection in 3d world space.
vrdUVBaseProjectionSettings	getProjectionRotation()	method	v2	QVector3D	returns Get projection rotation angles in degrees. See vrdUVBaseProjectionSettings.setProjectionRotation(rotation) for an explanation.
vrdUVBaseProjectionSettings	getProjectionScale()	method	v2	QVector3D	returns Projection scale used by cylindrical projection. See vrdUVBaseProjectionSettings.setProjectionScale(scale) for an explanation.
vrdUVBaseProjectionSettings	getTextureOffset()	method	v2	QVector2D	returns Offset of the projection plane, for Planar projection.
vrdUVBaseProjectionSettings	getTextureScale()	method	v2	QVector2D	returns Scale factor of the projection plane, for Planar projection. See vrdUVBaseProjectionSettings.setTextureScale(scale).
vrdUVBaseProjectionSettings	getTextureSize()	method	v2	QSizeF	Get projection plane size in scene units used by Planar projection. See vrdUVBaseProjectionSettings.setTextureSize(size).
vrdUVBaseProjectionSettings	print()	method	v2		Debug print of settings.
vrdUVBaseProjectionSettings	setKeepAspectRatio(keepAspectRatio)	method	v2		Set the Keep Aspect Ratio flag. This flag has no influence on the projection calculation itself but is only used as an indicator by the GUI and manipulator whet
vrdUVBaseProjectionSettings	setProjectionCenter(center)	method	v2		
vrdUVBaseProjectionSettings	setProjectionRotation(rotation)	method	v2		Set projection rotation angles.
vrdUVBaseProjectionSettings	setProjectionScale(scale)	method	v2		Set projection scale used by cylindrical projection.
vrdUVBaseProjectionSettings	setTextureOffset(offset)	method	v2		For Planar projection, set an offset to shift the projection from the center within the projection plane.
vrdUVBaseProjectionSettings	setTextureScale(scale)	method	v2		For Planar projection, set scale factor of the projection plane. To determine the final size of the texture projection, this scale is multiplied by the base siz
vrdUVBaseProjectionSettings	setTextureSize(size)	method	v2		Set base Projection plane size used by Planar projection. This base size is further scaled with the scale factor set by vrdUVBaseProjectionSettings.setTextureSc
vrdUVCylindricalProjectionSettings	getCylindricRotation2D()	method	v2	float	Get additional 2d rotation of the texture on the cylinder.
vrdUVCylindricalProjectionSettings	getProjectionUAngle()	method	v2	float	returns Angle in degrees defining how often the texture wraps around the cylinder. See vrdUVCylindricalProjectionSettings.setProjectionUAngle(uAngle).
vrdUVCylindricalProjectionSettings	print()	method	v2		Debug print of settings.
vrdUVCylindricalProjectionSettings	setCylindricRotation2D(angle)	method	v2		Set an additional 2d rotation of the texture on the cylinder.
vrdUVCylindricalProjectionSettings	setProjectionUAngle(uAngle)	method	v2		Use this angle value to set how often the texture should wrap around the cylinder. The angle value defines the segment on the cylinder onto which the texture is
vrdUVLayoutSettings	getBox()	method	v2	QVector4D	Get the UV space box in which the islands will be packed (packing region).
vrdUVLayoutSettings	getIslandPadding()	method	v2	float	returns Padding between islands in UV unit
vrdUVLayoutSettings	getIterations()	method	v2	integer	returns Packing iterations. See vrdUVLayoutSettings.setIterations(i) for an explanation.
vrdUVLayoutSettings	getPostScaleMode()	method	v2	vrUVTypes.PostScaleMode	returns How the packed islands are scaled into the box after packing.
vrdUVLayoutSettings	getPreRotateMode()	method	v2	vrUVTypes.PreRotateMode	returns How the islands are re-oriented before packing in a pre-process phase
vrdUVLayoutSettings	getPreScaleMode()	method	v2	vrUVTypes.PreScaleMode	returns How the islands are rescaled in a pre-process phase before packing
vrdUVLayoutSettings	getResolution()	method	v2	integer	returns Packing grid resolution. See vrdUVLayoutSettings.setResolution(resolution) for an explanation.
vrdUVLayoutSettings	getRotate()	method	v2	bool	returns Whether UV islands may be rotated during the packing process.
vrdUVLayoutSettings	getRotateMax()	method	v2	float	Get the maximum allowable orientation for UV islands during the packing process.
vrdUVLayoutSettings	getRotateMin()	method	v2	float	Get the minimum allowable orientation for UV islands during the packing process.
vrdUVLayoutSettings	getRotateStep()	method	v2	float	returns Get rotation step in degrees for the optimization of island orientation. See vrdUVLayoutSettings.setRotateStep(rStepDeg) for an explanation.
vrdUVLayoutSettings	getTileAssignMode()	method	v2	vrUVTypes.TileAssignMode	returns How islands are distributed to the available tiles. See vrdUVLayoutSettings.setTilesU(tilesU) and vrdUVLayoutSettings.setTilesV(tilesV).
vrdUVLayoutSettings	getTilePadding()	method	v2	float	returns Tile padding in UV unit
vrdUVLayoutSettings	getTilesU()	method	v2	integer	returns Number of tiles in the U direction for island distribution
vrdUVLayoutSettings	getTilesV()	method	v2	integer	returns Number of tiles in the V direction for island distribution
vrdUVLayoutSettings	getTranslate()	method	v2	bool	returns Whether UV islands may be moved during packing.
vrdUVLayoutSettings	setBox(box)	method	v2		Set the UV space box in which the islands will be packed (packing region).
vrdUVLayoutSettings	setIslandPadding(padding)	method	v2		Set padding between islands in UV unit.
vrdUVLayoutSettings	setIterations(i)	method	v2		Set the number of trials the packing algorithm will take to achieve the desired result. More iterations are slower, but can increase accuracy.
vrdUVLayoutSettings	setPostScaleMode(mode)	method	v2		
vrdUVLayoutSettings	setPreRotateMode(mode)	method	v2		
vrdUVLayoutSettings	setPreScaleMode(mode)	method	v2		
vrdUVLayoutSettings	setResolution(resolution)	method	v2		Determines the resolution of the packing grid used to place UV islands next to each other in the UV space. Higher values are slower, but produce better results 
vrdUVLayoutSettings	setRotate(enable)	method	v2		
vrdUVLayoutSettings	setRotateMax(rMaxDeg)	method	v2		Set the maximum allowable orientation for UV islands during the packing process. Only used if rotation is enabled with vrdUVLayoutSettings.setRotate(enable).
vrdUVLayoutSettings	setRotateMin(rMinDeg)	method	v2		Set the minimum allowable orientation for UV islands during the packing process. Only used if rotation is enabled with vrdUVLayoutSettings.setRotate(enable).
vrdUVLayoutSettings	setRotateStep(rStepDeg)	method	v2		Set rotation step for the optimization of island orientation. Only used if rotation optimization is enabled with vrdUVLayoutSettings.setRotate(enable). Rotation
vrdUVLayoutSettings	setTileAssignMode(mode)	method	v2		
vrdUVLayoutSettings	setTilePadding(padding)	method	v2		Set padding on top/left/right/bottom of the tiles in UV unit.
vrdUVLayoutSettings	setTilesU(tilesU)	method	v2		Specify tiling to distribute islands to more than one tile. See vrdUVLayoutSettings.setTilesV(tilesV) and vrdUVLayoutSettings.setTileAssignMode(mode).
vrdUVLayoutSettings	setTilesV(tilesV)	method	v2		Specify tiling to distribute islands to more than one tile. See vrdUVLayoutSettings.setTilesU(tilesU) and vrdUVLayoutSettings.setTileAssignMode(mode).
vrdUVLayoutSettings	setTranslate(enable)	method	v2		
vrdUVOptimizeSettings	getAngleVsDistanceConservation()	method	v2	float	returns value in [0..1], 0.0 for angle conservation, 1.0 for distance conservation
vrdUVOptimizeSettings	getIterations()	method	v2	integer	returns Number of optimize iterations.
vrdUVOptimizeSettings	getMapSize()	method	v2	integer	returns Map size value in pixels used by anti-border self intersection.
vrdUVOptimizeSettings	getPower()	method	v2	integer	returns power value between 0 (no effect) and 100 (maximal effect).
vrdUVOptimizeSettings	getPreventBorderIntersections()	method	v2	bool	returns Whether anti-border self intersection is enabled.
vrdUVOptimizeSettings	getPreventTriangleFlips()	method	v2	bool	returns Whether anti-triangle flip is enabled.
vrdUVOptimizeSettings	getRoomSpace()	method	v2	integer	returns Room space value in pixels used by anti-border self intersection.
vrdUVOptimizeSettings	setAngleVsDistanceConservation(conservation)	method	v2		Set the strength of angular vs. distance optimization, minimizing stretching and angular errors in your UV map.
vrdUVOptimizeSettings	setIterations(iterations)	method	v2		Set the number of Optimize iterations being calculated.
vrdUVOptimizeSettings	setMapSize(mapSize)	method	v2		Sets the texture map size for room space used by anti-border self intersection.
vrdUVOptimizeSettings	setPower(power)	method	v2		Mix (blend) original UVs with optimized UVs.
vrdUVOptimizeSettings	setPreventBorderIntersections(prevent)	method	v2		Activate the anti-border self intersection algorithm. The room space parameter is taken into account for this. See vrdUVOptimizeSettings.setRoomSpace(roomSpace)
vrdUVOptimizeSettings	setPreventTriangleFlips(prevent)	method	v2		Activate the anti-triangle flip algorithm.
vrdUVOptimizeSettings	setRoomSpace(roomSpace)	method	v2		Sets the room space in pixels, in relation to the map size set with setMapSize. The room space is the minimum space allowed between borders within one island fo
vrdUVPlanarProjectionSettings	print()	method	v2		Debug print of settings.
vrdUVSeamSettings	getBakingAngle()	method	v2	float	Returns the angle between two consecutive polygons.
vrdUVSeamSettings	getBakingSizeOfMinPatch()	method	v2	integer	Returns the size of the smallest patch.
vrdUVSeamSettings	getManufacturedAngle()	method	v2	float	Returns the angle between two consecutive polygons.
vrdUVSeamSettings	getManufacturedAreaRatio()	method	v2	float	Returns the ratio between the smaller and larger patch areas.
vrdUVSeamSettings	getMode()	method	v2	vrUVTypes.SeamMode	Returns mode for seaming.
vrdUVSeamSettings	getOrganicSegmentationAmount()	method	v2	float	Returns segmentation amount.
vrdUVSeamSettings	getOrganicUsePipesCutter()	method	v2	bool	Returns if linking all holes should be forced.
vrdUVSeamSettings	setBakingAngle(angle)	method	v2		Sets the angle between two consecutive polygons.
vrdUVSeamSettings	setBakingSizeOfMinPatch(minPatchSize)	method	v2		Defines the size of the smallest patch. It merges the smaller patches until minimum size is reached.
vrdUVSeamSettings	setManufacturedAngle(angle)	method	v2		Sets the angle between two consecutive polygons.
vrdUVSeamSettings	setManufacturedAreaRatio(ratio)	method	v2		Defines the ratio between the smaller and larger patch areas.
vrdUVSeamSettings	setMode(mode)	method	v2		Set mode for seaming.
vrdUVSeamSettings	setOrganicSegmentationAmount(segmentationAmount)	method	v2		Segments the mesh, if the amount is greater than 0.0.
vrdUVSeamSettings	setOrganicUsePipesCutter(usePipesCutter)	method	v2		Forces linking of all holes to suppress all pipes of mesh.
vrdUVSeamSettings	vrdUVSeamSettings()	method	v2		
vrdUVTriplanarProjectionSettings	getCenter()	method	v2	QVector3D	returns Get center of the projection in 3d world space.
vrdUVTriplanarProjectionSettings	getFewerIslandsEnabled()	method	v2	bool	returns Whether fewer islands option is enabled, see setFewerIslands(bool) for an explanation.
vrdUVTriplanarProjectionSettings	getOffsetU()	method	v2	QVector3D	returns U offsets of the projection planes for x, y and z projection.
vrdUVTriplanarProjectionSettings	getOffsetV()	method	v2	QVector3D	returns V offsets of the projection planes for x, y and z projection.
vrdUVTriplanarProjectionSettings	getRepeatU()	method	v2	QVector3D	returns U repeat values of the projection for x, y and z projection.
vrdUVTriplanarProjectionSettings	getRepeatV()	method	v2	QVector3D	returns V repeat values of the projection for x, y and z projection.
vrdUVTriplanarProjectionSettings	getRotation2D()	method	v2	QVector3D	returns Get 2d rotation angles in degrees.
vrdUVTriplanarProjectionSettings	getRotation3D()	method	v2	QVector3D	returns Get 3d projection rotation angles in degrees.
vrdUVTriplanarProjectionSettings	getSize()	method	v2	QSizeF	Get projection plane size in scene units.
vrdUVTriplanarProjectionSettings	setCenter(center)	method	v2		Set center of the projection in 3d world space.
vrdUVTriplanarProjectionSettings	setFewerIslandsEnabled(enabled)	method	v2		
vrdUVTriplanarProjectionSettings	setOffsetU(offset)	method	v2		Set the U offsets to shift the projection from the center within the x, y and z projection.
vrdUVTriplanarProjectionSettings	setOffsetV(offset)	method	v2		Set the V offsets to shift the projection from the center within the x, y and z projection.
vrdUVTriplanarProjectionSettings	setRepeatU(repeat)	method	v2		Set U repeat values to scale the projection within the x, y and z projection.
vrdUVTriplanarProjectionSettings	setRepeatV(repeat)	method	v2		Set V repeat values to scale the projection within the x, y and z projection.
vrdUVTriplanarProjectionSettings	setRotation2D(rotation)	method	v2		Set 2d rotation angles. This controls the rotation around the projection axes. The angles are Euler angles.
vrdUVTriplanarProjectionSettings	setRotation3D(rotation)	method	v2		Set 3d projection rotation angles. This controls the orientation of the projection planes. The angles are Euler angles (rotation order xyz).
vrdUVTriplanarProjectionSettings	setSize(size)	method	v2		Set projection plane size in scene units. This base size is further scaled with the repeat value set by vrdUVTriplanarProjectionSettings.setRepeatU(repeat) and 
vrdUVUnfoldSettings	getIterations()	method	v2	integer	returns Number of optimize iterations when unfolding the UVs with Unfold3D. See vrdUVUnfoldSettings.setIterations(iterations) for an explanation of the iterat
vrdUVUnfoldSettings	getMapSize()	method	v2	integer	returns Texture map size in pixels for room space used by anti-border self intersection.
vrdUVUnfoldSettings	getPreventBorderIntersections()	method	v2	bool	returns Whether anti-border self intersection is enabled.
vrdUVUnfoldSettings	getPreventTriangleFlips()	method	v2	bool	returns Whether anti-triangle flip is enabled.
vrdUVUnfoldSettings	getRoomSpace()	method	v2	integer	returns Room space value in pixels used by anti-border self intersection.
vrdUVUnfoldSettings	setIterations(iterations)	method	v2		Set the number of Optimize iterations being applied when unfolding UVs with Unfold3D.
vrdUVUnfoldSettings	setMapSize(mapSize)	method	v2		Sets the texture map size for room space used by anti-border self intersection.
vrdUVUnfoldSettings	setPreventBorderIntersections(prevent)	method	v2		Activate the anti-border self intersection algorithm. The room space parameter is taken into account for this. See vrdUVUnfoldSettings.setRoomSpace(roomSpace).
vrdUVUnfoldSettings	setPreventTriangleFlips(prevent)	method	v2		Activate the anti-triangle flip algorithm.
vrdUVUnfoldSettings	setRoomSpace(roomSpace)	method	v2		Sets the room space in pixels, in relation to the map size set with setMapSize. The room space is the minimum space allowed between borders within one island fo
vrdUiEngine	doReload()	method	v2		Forces a reload of the engine's content.
vrdUiEngine	getClickThrough()	method	v2	float	Returns the alpha click through threshold. If the alpha value under the mouse is smaller than this threshold it will click through and navigate the scene.
vrdUiEngine	getEnabled()	method	v2	bool	Queries if updates are enabled.
vrdUiEngine	getHeight()	method	v2	integer	Returns the height of the engine.
vrdUiEngine	getMaterial()	method	v2	vrdMaterial	Returns the material used for rendering.
vrdUiEngine	getName()	method	v2	string	Returns the name of the engine.
vrdUiEngine	getWidth()	method	v2	integer	Returns the width of the engine.
vrdUiEngine	hasFocus()	method	v2	bool	Returns if the engine currently has the input focus.
vrdUiEngine	setClickThrough(alpha)	method	v2		Sets the alpha click through threshold. If the alpha value under the mouse is smaller than this threshold it will click through and navigate the scene.
vrdUiEngine	setEnabled(state)	method	v2		Enables / disables updates.
vrdUiEngine	setHeight(height)	method	v2		Sets the height of the engine.
vrdUiEngine	setMaterial(material)	method	v2		Sets the material used for rendering.
vrdUiEngine	setName(name)	method	v2		Sets the name of the engine.
vrdUiEngine	setSize(width, height)	method	v2		Sets the size of the engine.
vrdUiEngine	setWidth(width)	method	v2		Sets the width of the engine.
vrdUnicolorCarpaintMaterial	getBaseColor()	method	v2	QVector3D	Get the the basic color.
vrdUnicolorCarpaintMaterial	getBaseColorSpectrum()	method	v2	vrSpectrum	Gets the spectrum of the base color.
vrdUnicolorCarpaintMaterial	getClearcoat()	method	v2	vrdClearcoat	Gets access to all properties of vrdClearcoat.
vrdUnicolorCarpaintMaterial	getDisplacementTexture()	method	v2	vrdDisplacementTexture	Gets access to all properties of vrdDisplacementTexture.
vrdUnicolorCarpaintMaterial	getIncandescence()	method	v2	vrdIncandescence	Gets access to all properties of vrdIncandescence.
vrdUnicolorCarpaintMaterial	setBaseColor(color)	method	v2		Defines the basic color, which is the main characteristic of the material.
vrdUnicolorCarpaintMaterial	setBaseColorSpectrum(value)	method	v2		Sets the spectrum of the base color.
vrdVRDevice	addVirtualButton(button, physicalButton)	method	v2		Adds a virtual button to the controller that maps a position of a button to a new signal.
vrdVRDevice	disableRay()	method	v2		Disables the currently activated pointing ray.
vrdVRDevice	enableRay(axis)	method	v2		Enables a pointing ray out of the controller.
vrdVRDevice	getButtonState(button)	method	v2	vrdButtonState	Gets the state of the current button.
vrdVRDevice	getName()	method	v2	string	Gets the name of the device.
vrdVRDevice	getNode()	method	v2	vrdNode	Gets a node under the origin of the VR device. This node is not part of the scenegraph. If some geometry should be attached to the device, a constraint (see vrC
vrdVRDevice	getRole()	method	v2	vrHandTypes.HandRole	Gets the role of the device. This can be left hand, right hand or undefined.
vrdVRDevice	getSerialNumber()	method	v2	string	Gets the serial number of the device.
vrdVRDevice	getTrackingMatrix()	method	v2	QMatrix4x4	returns The current tracking matrix
vrdVRDevice	getVisualizationMode()	method	v2	integer	Gets the current visualization mode.
vrdVRDevice	getVisualizationNode()	method	v2	vrdNode	Gets the root node of the controller visualization. If the controller is currently not visible or not detected by the tracking system, this function will return
vrdVRDevice	getWristOrientationAngle()	method	v2	float	Returns the angle of the wrist orientation. This is 0 if the wrist is in rest position. This is the same angle that is also used to determine the orientation fo
vrdVRDevice	isVisible()	method	v2	bool	Gets the visibility of the device.
vrdVRDevice	pick()	method	v2	vrdRayIntersection	Tries to pick the object in the scene at the intersection point of the pointing ray with the scene.
vrdVRDevice	removeVirtualButton(button, physicalButton)	method	v2		Removes a virtual button that is related to a physical button.
vrdVRDevice	removeVirtualButton(virtualButton, physicalButton)	method	v2		Removes a virtual button that is related to a physical button.
vrdVRDevice	setButtonPressed(state, button)	method	v2		Simulate a button press.
vrdVRDevice	setButtonTouched(state, button)	method	v2		Simulate a button press.
vrdVRDevice	setTrackingMatrix(matrix)	method	v2		Simulate a tracking position change.
vrdVRDevice	setVisible(visible)	method	v2		Sets the VR device visible or invisible.
vrdVRDevice	setVisualizationMode(mode)	method	v2		Sets the visualization mode.
vrdVRDevice	signal()	method	v2	Q_SLOTvrdVRDeviceSignal	Gets the signal that can be triggered.
vrdVRDevice	vibrate(milliseconds, axisId)	method	v2		Triggers the vibration functionality of the device if available.
vrdVRDeviceSignal	collisionStarted(otherNode, device)	method	v2		Signal is emitted when the collision sensor of the device touches a collision sensitive node.
vrdVRDeviceSignal	collisionStartedByType(otherNode, device, collisionType)	method	v2		Signal is emitted when the collision sensor of the device touches a collision sensitive node, with the collision type.
vrdVRDeviceSignal	collisionStopped(otherNode, device)	method	v2		Signal is emitted when the collision sensor of the device stops touching a collision sensitive node.
vrdVRDeviceSignal	collisionStoppedByType(otherNode, device, collisionType)	method	v2		Signal is emitted when the collision sensor of the device stops touching a collision sensitive node, with the collision type.
vrdVRDeviceSignal	moved(device)	method	v2		Signal is emitted when the vrdVRDevice moves.
vrdVariant	execute(state)	method	v2		Executes a specific state for this variant.
vrdVariant	getAvailableStates()	method	v2	List[string]	Gets the list of available states for this variant.
vrdVariant	getCurrentState()	method	v2	List[string]	Gets the state of every target object.
vrdVariant	getDefaultState()	method	v2	string	Gets the default state of this variant.
vrdVariant	getSearchMethod()	method	v2	vrVariantTypes.SearchMethod	Gets the search method used to find target objects.
vrdVariant	getTargetName()	method	v2	string	Gets the name of the target object(s).
vrdVariant	getTargetQuery()	method	v2	string	Gets the query expression used to find target objects.
vrdVariant	getTargetQueryKey()	method	v2	string	Extracts the key from the target query.
vrdVariant	getTargetQuerySet()	method	v2	string	Extracts the metadata set name value from the target query.
vrdVariant	getTargetQueryTag()	method	v2	string	Extracts the tag from the target query.
vrdVariant	getTargetType()	method	v2	vrVariantTypes.TargetType	Gets the target type for this variant.
vrdVariant	getTargetUUID()	method	v2	QUuid	Gets the UUID of the target object.
vrdVariant	hasTarget()	method	v2	bool	Checks if this variant has a valid target.
vrdVariant	resolveTargets()	method	v2	List[vrdSceneObject]	Resolves the target objects for this variant.
vrdVariant	setSearchMethod(method)	method	v2		Sets the search method used to find target objects.
vrdVariant	setTargetName(name)	method	v2		Sets the name of the target object(s).
vrdVariant	setTargetObject(targetObject, searchMethod=vrVariantTypes.SearchMethod.Uuid)	method	v2		Sets the target object for this variant.
vrdVariant	setTargetQuery(expression)	method	v2		Sets the query expression used to find target objects.
vrdVariant	setTargetQueryKey(key)	method	v2		Sets the target query with the given key.
vrdVariant	setTargetQuerySet(set)	method	v2		Sets the target query with the given metadata set name.
vrdVariant	setTargetQueryTag(tag)	method	v2		Sets the target query with the given tag.
vrdVariant	setTargetType(type)	method	v2		Sets the target type for this variant.
vrdVariant	setTargetUUID(uuid)	method	v2		Sets the UUID of the target object.
vrdVariantHotKey	getKeySequence()	method	v2	QKeySequence	Gets the triggering key sequence.
vrdVariantHotKey	getState()	method	v2	string	Gets the state that should be applied when triggered.
vrdVariantHotKey	setKeySequence(sequence)	method	v2		Sets the triggering key sequence.
vrdVariantHotKey	setState(state)	method	v2		Sets the state that should be applied when triggered.
vrdVariantHotKey	vrdVariantHotKey()	method	v2		Default constructor.
vrdVariantHotKey	vrdVariantHotKey(sequence, state)	method	v2		Constructor.
vrdVariantSetGroupNode	getAllVariantSets()	method	v2	List[vrdVariantSetNode]	Gets all variant sets in this group and its subgroups recursively.
vrdVariantSetGroupNode	getComment()	method	v2	string	Gets the comment for the group.
vrdVariantSetGroupNode	getGroups()	method	v2	List[vrdVariantSetGroupNode]	Gets the variant set groups contained in this group.
vrdVariantSetGroupNode	getGroupType()	method	v2	vrVariantTypes.GroupType	Gets the type of the variant group.
vrdVariantSetGroupNode	getParentGroup()	method	v2	vrdVariantSetGroupNode	Gets the parent group of this group.
vrdVariantSetGroupNode	getResetDLSSHistory()	method	v2	bool	Tells if DLSS history should be reset when activating this variant set.
vrdVariantSetGroupNode	getShowInVRMenu()	method	v2	bool	Tells if the group is shown in the VR menu.
vrdVariantSetGroupNode	getSyncInCollaboration()	method	v2	bool	Tells if the group is synchronized in collaboration sessions.
vrdVariantSetGroupNode	getSyncOverConnector()	method	v2	bool	Tells if sets in this group are synchronized over a connector.
vrdVariantSetGroupNode	getVariantSets()	method	v2	List[vrdVariantSetNode]	Gets the variant sets contained in this group.
vrdVariantSetGroupNode	isFavorite()	method	v2	bool	Tells if this group is a favorite group.
vrdVariantSetGroupNode	isReadOnly()	method	v2	bool	Tells if this group is read-only.
vrdVariantSetGroupNode	setComment(comment)	method	v2		Sets the comment for the group.
vrdVariantSetGroupNode	setGroupType(type)	method	v2		Sets the type of the variant group.
vrdVariantSetGroupNode	setResetDLSSHistory(reset)	method	v2		Sets whether to reset DLSS history when activating this variant set.
vrdVariantSetGroupNode	setShowInVRMenu(visible)	method	v2		Sets whether the group should be shown in the VR menu.
vrdVariantSetGroupNode	setSyncInCollaboration(enabled)	method	v2		Sets whether the group should be synchronized in collaboration sessions.
vrdVariantSetGroupNode	setSyncOverConnector(enabled)	method	v2		Sets the sync over connector option.
vrdVariantSetNode	addCapture(captureFlags=vrVariantTypes.CaptureFlag.AllCapture, sceneNodes=List[vrdNode])	method	v2		Adds the given capture to the existing capture of the variant set.
vrdVariantSetNode	addReference(vset)	method	v2	vrdVariantSetReferenceNode	Adds a reference to another variant set.
vrdVariantSetNode	addState(targetType=vrVariantTypes.TargetType.Scenegraph, target="", state="", searchMethod=vrVariantTypes.SearchMethod.Name, index=-1)	method	v2	vrdVariantState	Creates a state.
vrdVariantSetNode	addState(targetType, targetObject, stateValue="", searchMethod=vrVariantTypes.SearchMethod.Name, index=-1)	method	v2	vrdVariantState	Adds a state to the variant set by specifying the target object, the state value, the type of the target and the search method to find the target.
vrdVariantSetNode	addState(targetObject, stateValue="", searchMethod=vrVariantTypes.SearchMethod.Name, index=-1)	method	v2	vrdVariantState	Adds a state to the variant set by specifying the target object, the state value and the search method to find the target.
vrdVariantSetNode	addToRenderQueue(showFileDialog=False)	method	v2		Adds this variant set to the render queue.
vrdVariantSetNode	capture(captureFlags=vrVariantTypes.CaptureFlag.AllCapture, sceneNodes=List[vrdNode])	method	v2		Captures the selected aspects of the scene into this variant set.
vrdVariantSetNode	capturePreview(width=264, height=256, captureViewport=False)	method	v2		Captures a preview image.
vrdVariantSetNode	clearCapture(captureFlags=vrVariantTypes.CaptureFlag.AllCapture)	method	v2		Clears the captured data for the specified capture flags.
vrdVariantSetNode	duplicateStates(states, index=-1)	method	v2	List[vrdVariantState]	Duplicates states.
vrdVariantSetNode	execute(flags=vrVariantTypes.ExecuteFlag.None)	method	v2		Executes all states of this set.
vrdVariantSetNode	findReferencingStates(objects, stateValues={}, targetType=vrVariantTypes.TargetType.All)	method	v2	List[vrdVariantState]	Finds states referencing one of the given objects.
vrdVariantSetNode	findState(targetObject, targetType)	method	v2	vrdVariantState	Finds a state in the variant set by specifying the target object and the type of the target.
vrdVariantSetNode	findStates(targetType)	method	v2	List[vrdVariantState]	Finds states by target type.
vrdVariantSetNode	getCapturedNodes()	method	v2	List[vrdNode]	Gets the captured nodes.
vrdVariantSetNode	getCaptureFlags()	method	v2	vrVariantTypes.CaptureFlags	Gets the capture flags for this variant set.
vrdVariantSetNode	getClippingOptions()	method	v2	vrdClippingOptions	Gets the clipping options for this variant set.
vrdVariantSetNode	getComment()	method	v2	string	Gets the user comment for the set.
vrdVariantSetNode	getComposedPreview(styled=True)	method	v2	QImage	Gets the preview image composed from the preview and the preview icon.
vrdVariantSetNode	getCustomPreviewIcon()	method	v2	QIcon	Gets the custom preview icon.
vrdVariantSetNode	getHotKey()	method	v2	QKeySequence	Gets the hotkey for executing the set.
vrdVariantSetNode	getParentGroup()	method	v2	vrdVariantSetGroupNode	Gets the group this variant set belongs to.
vrdVariantSetNode	getPreviewIconName()	method	v2	string	Gets the preview icon name.
vrdVariantSetNode	getPreviewImage()	method	v2	QImage	Gets a preview image of the set.
vrdVariantSetNode	getPreviewType()	method	v2	vrVariantTypes.PreviewType	Gets the preview type.
vrdVariantSetNode	getResetDLSSHistory()	method	v2	bool	Tells if DLSS history should be reset when activating this variant set.
vrdVariantSetNode	getScript()	method	v2	string	Gets the script associated with the set.
vrdVariantSetNode	getShowInVRMenu()	method	v2	bool	Tells if the set is shown in the VR menu.
vrdVariantSetNode	getStates()	method	v2	List[vrdVariantState]	Gets the states of this set.
vrdVariantSetNode	getSyncInCollaboration()	method	v2	bool	Tells if the set is synchronized in collaboration sessions.
vrdVariantSetNode	getSyncOverConnector()	method	v2	bool	Tells if the set is synchronized over a connector.
vrdVariantSetNode	getTouchSensorNodes()	method	v2	List[vrdNode]	Gets the touch sensor nodes associated with this variant set.
vrdVariantSetNode	isReadOnly()	method	v2	bool	Tells if this variant set is read-only.
vrdVariantSetNode	isResetDLSSHistoryEnabled()	method	v2	bool	Tells if reset DLSS is enabled for this variant set and its parent groups.
vrdVariantSetNode	isShowInVRMenuEnabled()	method	v2	bool	Tells if this variant and its parent groups are shown in the VR menu.
vrdVariantSetNode	isSyncInCollaborationEnabled()	method	v2	bool	Tells if this variant set is synchronized in collaboration sessions.
vrdVariantSetNode	isSyncOverConnectorEnabled()	method	v2	bool	Tells if this variant set is synchronized over a connector.
vrdVariantSetNode	loadPreview(filePath)	method	v2	bool	Loads a preview image from file.
vrdVariantSetNode	recapturePreview(keepCameraAngle)	method	v2		Rerenders the preview image.
vrdVariantSetNode	removeReferencingStates(object)	method	v2		Removes all states referencing the given object.
vrdVariantSetNode	setComment(comment)	method	v2		Sets the user comment for the set.
vrdVariantSetNode	setCustomPreviewIcon(icon)	method	v2		Sets the custom preview icon.
vrdVariantSetNode	setHotKey(keySequence)	method	v2		Sets the hotkey for executing the set.
vrdVariantSetNode	setPreviewIconName(icon)	method	v2		Sets the preview icon name.
vrdVariantSetNode	setPreviewImage(image)	method	v2		Sets a preview image for the set.
vrdVariantSetNode	setPreviewType(type)	method	v2		Sets the preview type.
vrdVariantSetNode	setResetDLSSHistory(reset)	method	v2		Sets whether to reset DLSS history when activating this variant set.
vrdVariantSetNode	setScript(script)	method	v2		Sets the script associated with the set.
vrdVariantSetNode	setShowInVRMenu(visible)	method	v2		Sets whether the set should be shown in the VR menu.
vrdVariantSetNode	setSyncInCollaboration(enabled)	method	v2		Sets whether the set should be synchronized in collaboration sessions.
vrdVariantSetNode	setSyncOverConnector(enabled)	method	v2		Sets the sync over connector option.
vrdVariantSetNode	setTouchSensorNodes(nodes)	method	v2		Sets the touch sensor nodes associated with this variant set.
vrdVariantSetReferenceNode	getReferenceUuid()	method	v2	QUuid	Gets the UUID of the referenced node.
vrdVariantSetReferenceNode	getVariantSet()	method	v2	vrdVariantSetNode	Gets the variant set this reference points to.
vrdVariantSetReferenceNode	isFavorite()	method	v2	bool	Tells if this reference is marked as favorite.
vrdVariantSetReferenceNode	isReadOnly()	method	v2	bool	Tells if this reference is read-only.
vrdVariantState	execute()	method	v2		Executes the state on the variant.
vrdVariantState	getAvailableStates()	method	v2	List[string]	Gets the list of available states for this variant.
vrdVariantState	getExclude()	method	v2	List[string]	Gets the list of tags used to exclude states in loop/next actions.
vrdVariantState	getOptions()	method	v2	string	Gets the options.
vrdVariantState	getSequenceIndex()	method	v2	integer	Gets the sequence index.
vrdVariantState	getState()	method	v2	string	Gets the state used for execution.
vrdVariantState	getVariant()	method	v2	vrdVariant	Gets the variant used for execution.
vrdVariantState	setExclude(exclude)	method	v2		Sets the list of tags used to exclude states in loop/next actions.
vrdVariantState	setOptions(options)	method	v2		Sets the options.
vrdVariantState	setSequenceIndex(index)	method	v2		Sets the sequence index.
vrdVariantState	setState(state)	method	v2		Sets the state used for execution.
vrdVariantState	validate()	method	v2	vrVariantTypes.StateValidity	Validates the variant state configuration.
vrdVariantStates	append(value)	method	v2		Appends the value to this list.
vrdVariantStates	append(values)	method	v2		Appends the items of the value list to this list.
vrdVariantStates	at(i)	method	v2	vrdVariantState	Gets the value at the given index.
vrdVariantStates	canInsert(value)	method	v2	bool	Checks, if the given entry can be inserted.
vrdVariantStates	clear()	method	v2		Removes all items from the list.
vrdVariantStates	contains(value)	method	v2	bool	Checks, if an element is already in the list.
vrdVariantStates	count(value)	method	v2	integer	Counts the occurrences of a given value.
vrdVariantStates	data()	method	v2	List[vrdVariantState]	Gets all entries of this list.
vrdVariantStates	index(value, start=0, end=-1)	method	v2	integer	Returns the index of the given value.
vrdVariantStates	insert(i, value)	method	v2		Inserts a value at a given position.
vrdVariantStates	insert(i, values)	method	v2		Inserts values at a given position.
vrdVariantStates	move(from, to)	method	v2	bool	Moves a value inside the list.
vrdVariantStates	remove(value)	method	v2	bool	Removes the first occurrence of the given value.
vrdVariantStates	remove(values)	method	v2		Removes the given values.
vrdVariantStates	removeAll(value)	method	v2	integer	Removes all occurrences of the given value.
vrdVariantStates	removeAt(i)	method	v2	bool	Removes a value from the list.
vrdVariantStates	size()	method	v2	integer	Gets the number of elements in this list.
vrdVarjoRenderSettings	getUseNativeFoveatedRendering()	method	v2	bool	Return if native Varjo foveated rendering is used.
vrdVarjoRenderSettings	setUseNativeFoveatedRendering(on)	method	v2		Toggle native Varjo foveated rendering. In this mode the viewport that is moved by the gaze is rendered in a higher resolution than the the peripheral viewport 
vrdVarjoRenderSettings	vrdVarjoRenderSettings()	method	v2		Default constructor.
vrdVarjoRenderSettings	vrdVarjoRenderSettings(state)	method	v2		Copy constructor.
vrdVelvetMaterial	getBumpTexture()	method	v2	vrdBumpTexture	Gets access to all properties of vrdBumpTexture.
vrdVelvetMaterial	getDarkening()	method	v2	float	Gets the value for the appearance of the diffuse component.
vrdVelvetMaterial	getDiffuseColor()	method	v2	QVector3D	returns Current diffuse reflection color
vrdVelvetMaterial	getDiffuseColorSpectrum()	method	v2	vrSpectrum	Gets the diffuse color spectrum.
vrdVelvetMaterial	getDiffuseTexture()	method	v2	vrdTexture	Gets access to all properties of the diffuse texture.
vrdVelvetMaterial	getDisplacementTexture()	method	v2	vrdDisplacementTexture	Gets access to all properties of vrdDisplacementTexture.
vrdVelvetMaterial	getFalloff()	method	v2	float	Gets the value for the glossy component.
vrdVelvetMaterial	getGlossyColor()	method	v2	QVector3D	returns Current glossy reflection color
vrdVelvetMaterial	getGlossyColorSpectrum()	method	v2	vrSpectrum	returns The material's color spectrum for glossy reflections
vrdVelvetMaterial	getGlossyTexture()	method	v2	vrdTexture	Gets access to all properties of the glossy texture.
vrdVelvetMaterial	getIncandescence()	method	v2	vrdIncandescence	Gets access to all properties of vrdIncandescence.
vrdVelvetMaterial	getSubsurfaceScattering()	method	v2	vrdSubsurfaceScattering	Gets access to all properties of vrdSubsurfaceScattering.
vrdVelvetMaterial	getTextureSettings()	method	v2	vrdTextureSettings	Gets access to all properties of vrdTextureSettings.
vrdVelvetMaterial	setDarkening(v)	method	v2		Controls the appearance of the diffuse component. The default darkening value of 1.0 corresponds to a perfectly diffuse surface. Higher values than 1.0 darken t
vrdVelvetMaterial	setDiffuseColor(value)	method	v2		Sets the diffuse reflection color of the material. Diffuse reflections can be further controlled with the darkening value.
vrdVelvetMaterial	setDiffuseColorSpectrum(value)	method	v2		Sets the diffuse color spectrum.
vrdVelvetMaterial	setFalloff(v)	method	v2		Controls the glossy component, which depends on the viewing angle and affecting the edges of the objects.
vrdVelvetMaterial	setGlossyColor(value)	method	v2		Sets the material's color for glossy reflections. Glossy reflections can be further controlled with the falloff value.
vrdVelvetMaterial	setGlossyColorSpectrum(value)	method	v2		Sets the material's color spectrum for glossy reflections.
vrdVertexBake	clearBake(clearDirectIllumination=True, clearIndirectIllumination=True)	method	v2		Clears all vertex bake render data from the geometry (direct and/or indirect illumination).
vrdVertexBake	getIlluminationBakeSettings()	method	v2	vrdIlluminationBakeSettings	returns Gets the illumination bake settings which were used for the last vertex bake on the geometry.
vrdVertexBake	getVertexBakeSettings()	method	v2	vrdVertexBakeSettings	returns Gets the vertex bake settings which were used for the last vertex bake on the geometry.
vrdVertexBakeSettings	getDirectIlluminationQuality()	method	v2	vrBakeTypes.IlluminationQuality	returns The direct illumination quality level.
vrdVertexBakeSettings	getIndirectIlluminationQuality()	method	v2	vrBakeTypes.IlluminationQuality	returns The indirect illumination quality level.
vrdVertexBakeSettings	getIntensityThreshold()	method	v2	float	returns The intensity threshold.
vrdVertexBakeSettings	getMinimumEdgeLength()	method	v2	float	returns The minimum edge length.
vrdVertexBakeSettings	getSubdivision()	method	v2	bool	returns True if subdivision is enabled, False otherwise.
vrdVertexBakeSettings	getSubdivisionQuality()	method	v2	vrBakeTypes.SubdivisionQuality	returns The subdivision quality level.
vrdVertexBakeSettings	setDirectIlluminationQuality(quality)	method	v2		Sets the direct illumination quality level.
vrdVertexBakeSettings	setIndirectIlluminationQuality(quality)	method	v2		Sets the indirect illumination quality level.
vrdVertexBakeSettings	setIntensityThreshold(value)	method	v2		Sets a threshold for the difference of intensity values of two vertices.
vrdVertexBakeSettings	setMinimumEdgeLength(value)	method	v2		Sets a minimum edge length used for subdivision.
vrdVertexBakeSettings	setSubdivision(value)	method	v2		Sets if subdivision should be used or not.
vrdVertexBakeSettings	setSubdivisionQuality(quality)	method	v2		Sets the subdivision quality level.
vrdVertexBakeSettings	vrdVertexBakeSettings()	method	v2		Default constructor.
vrdViewpointNode	activate(disableTransition=False, blockForAnimation=False)	method	v2		Activates the viewpoint.
vrdViewpointNode	createPreview(force=False)	method	v2		Create a preview for the viewpoint.
vrdViewpointNode	getOverrideTrackSettings()	method	v2	bool	Returns if overriding of camera track settings is enabled.
vrdViewpointNode	getPreview()	method	v2	vrdImage	Returns the viewpoint preview image.
vrdViewpointNode	getShowInVRMenu()	method	v2	bool	Check, if this viewpoint is visible in VR Menu.
vrdViewpointNode	getTrackFadeInDurationOverride()	method	v2	float	Returns the override for the fade in duration of the camera track.
vrdViewpointNode	getTrackPauseDurationOverride()	method	v2	float	Returns the override for the pause duration of the camera track.
vrdViewpointNode	getTrackTransitionDurationOverride()	method	v2	float	Returns the override for the transition duration of the camera track.
vrdViewpointNode	hasPreview()	method	v2	bool	Checks if the viewpoint has a preview image.
vrdViewpointNode	removePreview()	method	v2		Removes the current preview for the viewpoint.
vrdViewpointNode	setOverrideTrackSettings(enable)	method	v2		Enables / disables overriding of camera track settings.
vrdViewpointNode	setShowInVRMenu(value)	method	v2		Set visiblility of this viewpoint in VR Menu.
vrdViewpointNode	setTrackFadeInDurationOverride(value)	method	v2		Sets the override for the fade in duration of the camera track.
vrdViewpointNode	setTrackPauseDurationOverride(value)	method	v2		Sets the override for the pause duration of the camera track.
vrdViewpointNode	setTrackTransitionDurationOverride(value)	method	v2		Sets the override for the transition duration of the camera track.
vrdVirtualTouchpadButton	getEndAngle()	method	v2	float	Gets the end angle of the virtual button.
vrdVirtualTouchpadButton	getMaxRadius()	method	v2	float	Gets the maximum radius of the virtual button.
vrdVirtualTouchpadButton	getMinRadius()	method	v2	float	Gets the minimum radius of the virtual button.
vrdVirtualTouchpadButton	getName()	method	v2	string	Gets the name of the virtual button.
vrdVirtualTouchpadButton	getStartAngle()	method	v2	float	Gets the start angle of the virtual button.
vrdVirtualTouchpadButton	getVirtualButtonId()	method	v2	integer	Gets the virtual button id, which is set internally.
vrdVirtualTouchpadButton	setEndAngle(end)	method	v2		Sets the end angle of the virtual button.
vrdVirtualTouchpadButton	setMaxRadius(max)	method	v2		Sets the maximum radius if the virtual button.
vrdVirtualTouchpadButton	setMinRadius(min)	method	v2		Sets the minimum radius of the virtual button.
vrdVirtualTouchpadButton	setName(name)	method	v2		Sets the name of the virtual button.
vrdVirtualTouchpadButton	setStartAngle(start)	method	v2		Sets the start angle of the virtual button.
vrdVirtualTouchpadButton	vrdVirtualTouchpadButton()	method	v2		Default constructor.
vrdVirtualTouchpadButton	vrdVirtualTouchpadButton(button)	method	v2		Copy constructor.
vrdVirtualTouchpadButton	vrdVirtualTouchpadButton(name, minRadius, maxRadius, startAngle, endAngle)	method	v2		Constructor that creates an object with all necessary parameters to describe the virtual button.
vrdVolumeMaterial	getAbsorption()	method	v2	QVector3D	Gets the color of the remaining light after absorption by the volume.
vrdVolumeMaterial	getAsymmetry()	method	v2	float	Gets the directional characteristics of scattering events.
vrdVolumeMaterial	getColor()	method	v2	QVector3D	Gets the color of the light scattered by the volume.
vrdVolumeMaterial	getDensity()	method	v2	float	Gets how far light travels through the volume before being scattered or absorbed.
vrdVolumeMaterial	getEnableSelfShadow()	method	v2	bool	Gets whether the volume will shadow itself as well as other volumes.
vrdVolumeMaterial	getEnableVolumeShadow()	method	v2	bool	Gets whether the volume will shadow geometries and the shadow plane."));.
vrdVolumeMaterial	getQuality()	method	v2	integer	Gets how far light travels through the volume before being scattered or absorbed.
vrdVolumeMaterial	setAbsorption(absorption)	method	v2		Sets the color of the reamining light after absorption by the volume.
vrdVolumeMaterial	setAsymmetry(asymmetry)	method	v2		Sets the directional characteristics of scattering events.
vrdVolumeMaterial	setColor(color)	method	v2		Sets the color color the light scattered by the volume.
vrdVolumeMaterial	setDensity(density)	method	v2		Sets how far light travels through the volume before being scattered or absorbed.
vrdVolumeMaterial	setEnableSelfShadow(enable)	method	v2		Sets whether the volume will shadow itself as well as other volumes.
vrdVolumeMaterial	setEnableVolumeShadow(enable)	method	v2		Sets whether the volume will shadow geometries and the shadow plane."));.
vrdVolumeMaterial	setQuality(quality)	method	v2		Sets how many samples are taken along each view ray.
vrdVolumeScatterMaterial.NoiseMode	Off	data	v2		
vrdVolumeScatterMaterial.NoiseMode	FlowNoise	data	v2		
vrdVolumeScatterMaterial	getEnableFalloff()	method	v2	bool	Gets whether volume falloff is enable for a smoother transition along the volumes edges.
vrdVolumeScatterMaterial	getFalloffOffset()	method	v2	QVector3D	Gets the origin of the falloff.
vrdVolumeScatterMaterial	getFalloffRate()	method	v2	float	Gets the falloff rate.
vrdVolumeScatterMaterial	getFalloffScale()	method	v2	QVector3D	Gets the amount of falloff of each dimension.
vrdVolumeScatterMaterial	getGradientCoefficient()	method	v2	float	Gets the gradient coefficent of the noise.
vrdVolumeScatterMaterial	getNoiseFrequency()	method	v2	QVector3D	Gets the frequency of the noise in X,Y and Z.
vrdVolumeScatterMaterial	getNoiseGain()	method	v2	float	Gets the gain of the noise.
vrdVolumeScatterMaterial	getNoiseLacunarity()	method	v2	float	Gets the lacunarity of the noise.
vrdVolumeScatterMaterial	getNoiseMode()	method	v2	vrdVolumeScatterMaterial.NoiseMode	Gets the noise mode.
vrdVolumeScatterMaterial	getNoiseTime()	method	v2	float	Gets the time at which the noise is evaluated.
vrdVolumeScatterMaterial	getNumNoiseOctaves()	method	v2	integer	Gets the number of layers of noise, where each successive layer has a greater frequency and a smaller amplitude.
vrdVolumeScatterMaterial	getUseGlobalNoise()	method	v2	bool	Gets the noise to either be defined in the volume's local space or global scene space.
vrdVolumeScatterMaterial	setEnableFalloff(enable)	method	v2		Sets whether volume falloff is enable for a smoother transition along the volumes edges.
vrdVolumeScatterMaterial	setFalloffOffset(offset)	method	v2		Sets the origin of the falloff.
vrdVolumeScatterMaterial	setFalloffRate(rate)	method	v2		Sets the falloff rate.
vrdVolumeScatterMaterial	setFalloffScale(scale)	method	v2		Sets the amount of falloff of each dimension.
vrdVolumeScatterMaterial	setGradientCoefficient(coefficient)	method	v2		Sets the gradient coefficent of the noise.
vrdVolumeScatterMaterial	setNoiseFrequency(freq)	method	v2		Sets the frequency of the noise in X,Y and Z.
vrdVolumeScatterMaterial	setNoiseGain(gain)	method	v2		Sets the gain of the noise.
vrdVolumeScatterMaterial	setNoiseLacunarity(lacunarity)	method	v2		Sets the lacunarity of the noise.
vrdVolumeScatterMaterial	setNoiseMode(mode)	method	v2		Sets the noise mode.
vrdVolumeScatterMaterial	setNoiseTime(time)	method	v2		Sets the time at which the noise is evaluated.
vrdVolumeScatterMaterial	setNumNoiseOctaves(num)	method	v2		Sets the number of layers of noise, where each successive layer has a great frequency and a smaller amplitude.
vrdVolumeScatterMaterial	setUseGlobalNoise(use)	method	v2		Sets the noise to either be defined in the volume's local space or global scene space.
vrdWebEngine.TextureSlotType	Diffuse	data	v2		
vrdWebEngine.TextureSlotType	Incandescence	data	v2		
vrdWebEngine.TextureSlotType	DiffuseAndIncandescence	data	v2		
vrdWebEngine	getTexture()	method	v2	vrdWebEngine.TextureSlotType	Returns the texture slot where the web engine renders to.
vrdWebEngine	getUrl()	method	v2	string	Returns the current URL.
vrdWebEngine	getUsedInSceneplate()	method	v2	bool	Returns if this web engine is used in a sceneplate.
vrdWebEngine	isValid()	method	v2	bool	Checks if the web engine object is valid.
vrdWebEngine	sendEvent(event, data)	method	v2		Sends a custom Javascript event to a webpage.
vrdWebEngine	setTexture(textureSlot)	method	v2		Sets the texture slot where the web content should be rendered to.
vrdWebEngine	setUrl(url)	method	v2		Sets the URL to display.
vrdWovenClothMaterial.ClothPreset	Custom	data	v2		
vrdWovenClothMaterial.ClothPreset	CottonJersey	data	v2		
vrdWovenClothMaterial.ClothPreset	CottonTwill31	data	v2		
vrdWovenClothMaterial.ClothPreset	Jeans	data	v2		
vrdWovenClothMaterial.ClothPreset	LinenFine	data	v2		
vrdWovenClothMaterial.ClothPreset	LinenCoarse	data	v2		
vrdWovenClothMaterial.ClothPreset	Nylon	data	v2		
vrdWovenClothMaterial.ClothPreset	Satin	data	v2		
vrdWovenClothMaterial.ClothPreset	Silk	data	v2		
vrdWovenClothMaterial.ClothPreset	TableClothCotton	data	v2		
vrdWovenClothMaterial.ClothPreset	Viscose	data	v2		
vrdWovenClothMaterial.WeaveType	PlainPattern	data	v2		
vrdWovenClothMaterial.WeaveType	Twill31Pattern	data	v2		
vrdWovenClothMaterial.WeaveType	Twill51Pattern	data	v2		
vrdWovenClothMaterial.WeaveType	DenimPattern	data	v2		
vrdWovenClothMaterial.WeaveType	SatinPattern	data	v2		
vrdWovenClothMaterial.WeaveType	SilkPattern	data	v2		
vrdWovenClothMaterial.YarnType	StapleYarn	data	v2		Staple Yarn simulates yarn that is made up of many tiny threads. Use this type for rough types of clothes such as denim.
vrdWovenClothMaterial.YarnType	FilamentYarn	data	v2		Filament Yarn simulates yarn that is made up of one single untwisted yarn. Use this type for shiny types of clothes such as silk.
vrdWovenClothMaterial	getBumpTexture()	method	v2	vrdBumpTexture	Gets access to all properties of vrdBumpTexture.
vrdWovenClothMaterial	getDarkening()	method	v2	float	Gets the appearance of the diffuse component.
vrdWovenClothMaterial	getDiffuseColor()	method	v2	QVector3D	returns The current diffuse color value
vrdWovenClothMaterial	getDiffuseColorSpectrum()	method	v2	vrSpectrum	Gets the diffuse color spectrum.
vrdWovenClothMaterial	getDiffuseTexture()	method	v2	vrdTexture	Gets access to all properties of the diffuse texture.
vrdWovenClothMaterial	getDisplacementTexture()	method	v2	vrdDisplacementTexture	Gets access to all properties of vrdDisplacementTexture.
vrdWovenClothMaterial	getExposure()	method	v2	float	Get the current value for exposure.
vrdWovenClothMaterial	getHighlightWidth()	method	v2	float	Gets the width of the glossy highlight on the yarn segments.
vrdWovenClothMaterial	getIncandescence()	method	v2	vrdIncandescence	Gets access to all properties of vrdIncandescence.
vrdWovenClothMaterial	getMoireRemoval()	method	v2	float	Gets how softens that moire pattern is.
vrdWovenClothMaterial	getNoiseIntensity()	method	v2	float	Gets a natural noise effect for matte surfaces (staple yarn is recommended).
vrdWovenClothMaterial	getPresetChoice()	method	v2	vrdWovenClothMaterial.ClothPreset	returns Current cloth preset. Will be vrdWovenClothMaterial::ClothPreset::Custom if custom settings have been set in this material.
vrdWovenClothMaterial	getSubsurfaceScattering()	method	v2	vrdSubsurfaceScattering	Gets access to all properties of vrdSubsurfaceScattering.
vrdWovenClothMaterial	getTextureSettings()	method	v2	vrdTextureSettings	Gets access to all properties of vrdTextureSettings.
vrdWovenClothMaterial	getWarpYarnColor()	method	v2	QVector3D	Gets the color of the vertical (warp) yarn.
vrdWovenClothMaterial	getWarpYarnColorSpectrum()	method	v2	vrSpectrum	Gets the color spectrum of the vertical (warp) yarn.
vrdWovenClothMaterial	getWarpYarnCurvature()	method	v2	float	Gets the curvature of the vertical (warp) yarn.
vrdWovenClothMaterial	getWeaveType()	method	v2	vrdWovenClothMaterial.WeaveType	Gets how the yarn is woven to cloth.
vrdWovenClothMaterial	getWeftYarnColor()	method	v2	QVector3D	Gets the color of the horizontal (weft) yarn.
vrdWovenClothMaterial	getWeftYarnColorSpectrum()	method	v2	vrSpectrum	Gets the color spectrum of the horizontal (weft) yarn.
vrdWovenClothMaterial	getWeftYarnCurvature()	method	v2	float	Gets the curvature of the horizontal (weft) yarn.
vrdWovenClothMaterial	getYarnTexture()	method	v2	vrdTexture	Gets access to all properties of the yarn texture.
vrdWovenClothMaterial	getYarnTwistAngle()	method	v2	float	Gets the glossiness of the yarn and depends on the choice made in the yarn type.
vrdWovenClothMaterial	getYarnType()	method	v2	vrdWovenClothMaterial.YarnType	Gets the glossiness of the yarn.
vrdWovenClothMaterial	setDarkening(v)	method	v2		Controls the appearance of the diffuse component. The default darkening value of 1.0 corresponds with a perfectly diffuse surface. Higher values than 1.0 darken
vrdWovenClothMaterial	setDiffuseColor(value)	method	v2		Sets the diffuse reflection color of the material. Diffuse reflections can be further controlled with the darkening value.
vrdWovenClothMaterial	setDiffuseColorSpectrum(value)	method	v2		Sets the diffuse color spectrum.
vrdWovenClothMaterial	setExposure(exposure)	method	v2		Defines the brightness of the glossy component.
vrdWovenClothMaterial	setHighlightWidth(v)	method	v2		Defines the width of the glossy highlight on the yarn segments.
vrdWovenClothMaterial	setMoireRemoval(v)	method	v2		Softens that moire pattern. The higher the value, the more effective the moire pattern is softened. If too high, any structure is softened and surface informati
vrdWovenClothMaterial	setNoiseIntensity(v)	method	v2		Sets a natural noise effect for matte surfaces (staple yarn is recommended).
vrdWovenClothMaterial	setPresetChoice(v)	method	v2		Sets a handpicked material preset, which is also available in the VRED Example Assets in the Asset Manager. The parameters change automatically when a cloth pre
vrdWovenClothMaterial	setWarpYarnColor(value)	method	v2		Sets the color of the vertical (warp) yarn. It is best practice to use similar colors for warp and weft yarn.
vrdWovenClothMaterial	setWarpYarnColorSpectrum(value)	method	v2		Sets the color spectrum of the vertical (warp) yarn.
vrdWovenClothMaterial	setWarpYarnCurvature(v)	method	v2		Defines the curvature of the vertical (warp) yarn.
vrdWovenClothMaterial	setWeaveType(v)	method	v2		Defines how the yarn is woven to cloth.
vrdWovenClothMaterial	setWeftYarnColor(value)	method	v2		Sets the color of the horizontal (weft) yarn. It is best practice to use similar colors for warp and weft yarn.
vrdWovenClothMaterial	setWeftYarnColorSpectrum(value)	method	v2		Sets the color spectrum of the horizontal (weft) yarn.
vrdWovenClothMaterial	setWeftYarnCurvature(v)	method	v2		Defines the curvature of the horizontal (weft) yarn.
vrdWovenClothMaterial	setYarnTwistAngle(v)	method	v2		Determines the glossiness of the yarn and depends on the choice made in the yarn type.
vrdWovenClothMaterial	setYarnType(v)	method	v2		Defines the glossiness of the yarn.
vrdXRayMaterial	getBaseColor()	method	v2	QVector3D	Get the the basic color.
vrdXRayMaterial	getBaseColorSpectrum()	method	v2	vrSpectrum	Gets the spectrum of the base color.
vrdXRayMaterial	getCastShadows()	method	v2	bool	Query state of cast shadow approach.
vrdXRayMaterial	getFresnelColor()	method	v2	QVector3D	Gets the Fresnel color.
vrdXRayMaterial	getFresnelColorBias()	method	v2	float	Gets the opacity of Fresnel color.
vrdXRayMaterial	getFresnelColorPower()	method	v2	float	Gets the intensity of the outline created with Scale.
vrdXRayMaterial	getFresnelColorScale()	method	v2	float	Gets the opacity of the edge, by customizing the falloff, based on surface normals, and viewing direction. The higher the value, the stronger the hue, as it con
vrdXRayMaterial	getFresnelColorSpectrum()	method	v2	vrSpectrum	Gets the spectrum of the base color.
vrdXRayMaterial	getFresnelTransparencyBias()	method	v2	float	Gets the opacity of object.
vrdXRayMaterial	getFresnelTransparencyPower()	method	v2	float	Gets the intensity of the outline created with Scale.
vrdXRayMaterial	getFresnelTransparencyScale()	method	v2	float	Gets the opacity of the edges of the object.
vrdXRayMaterial	getSingleSided()	method	v2	bool	Gets state of single side approach.
vrdXRayMaterial	setBaseColor(color)	method	v2		Defines the basic color, which is the main characteristic of the material.
vrdXRayMaterial	setBaseColorSpectrum(value)	method	v2		Sets the spectrum of the base color.
vrdXRayMaterial	setCastShadows(s)	method	v2		Casts a shadow, when enabled. In OpenGL, the shadow is based on non-transparent object forms. In Raytracing, transparency is considered.
vrdXRayMaterial	setFresnelColor(color)	method	v2		Sets the Fresnel color.
vrdXRayMaterial	setFresnelColorBias(v)	method	v2		Sets the opacity of Fresnel color. The higher the value, the stronger the hue and opaquer the surface.
vrdXRayMaterial	setFresnelColorPower(v)	method	v2		Defines the intensity of the outline created with Scale. The higher the value, the more color applied, intensifying and making the outline opaquer.
vrdXRayMaterial	setFresnelColorScale(v)	method	v2		Sets the opacity of the edge, by customizing the falloff, based on surface normals, and viewing direction. The higher the value, the stronger the hue, as it con
vrdXRayMaterial	setFresnelColorSpectrum(value)	method	v2		Sets the spectrum of the base color.
vrdXRayMaterial	setFresnelTransparencyBias(v)	method	v2		Sets the opacity of object. The higher the value, the more solid the object.
vrdXRayMaterial	setFresnelTransparencyPower(v)	method	v2		Defines the intensity of the outline created with Scale. The higher the value, the more intense the outline.
vrdXRayMaterial	setFresnelTransparencyScale(v)	method	v2		Sets the opacity of the edges of the object. The higher the value, the opaquer, as it considers the normal falloff.
vrdXRayMaterial	setSingleSided(s)	method	v2		Toggles the visibility of backfaces. By default, this attribute is enabled, so only one side of the object is rendered. When enabled, it is important for normal
vrdXRiteMeasuredMaterial	getMeasurement()	method	v2	string	returns The file path of the loaded measurement
vrdXRiteMeasuredMaterial	setMeasurement(filename)	method	v2		Loads a measurement file for the material.
vrAEBase	recEvent(state)	method	v1		This method is called when an event occurs.
vrAEBase	loop()	method	v1		This method is called every render frame when the object has been added to the global event loop with addLoop(). Add functionality that has to be updated every 
vrAEBase	addLoop()	method	v1		Adds this object to the global behavior loop. Now the loop-function will be called once every render frame (when the object is active).
vrAEBase	subLoop()	method	v1		Subtracts this object from the global behavior loop. Its loop-function will no longer be called every render frame.
vrAEBase	setActive(state)	method	v1		Sets the state of an action or event.
vrAEBase	isActive()	method	v1	bool	Returns the activation state of this object.
vrAEBase	setUpdateGUIEnabled(state)	method	v1		Enables GUI updates.
vrAEBase	connect(o, arg1=None, arg2=None)	method	v1	bool	Connects various callback functions with this object. There are three methods to connect something to this object:
vrAEBase	callAllConnected()	method	v1		All actions connected to this object will be called.
vrAEBase	connectSignal(signal, slot, arg1=None, arg2=None)	method	v1	bool	Connects a special signal method with various callback functions.
vrAEBase	emitSignal(signal, arg1=None, arg2=None)	method	v1		Emits a signal, if you want to implement your own signal method.
vrAEBase	removeConnections()	method	v1		Removes all connections from this object.
vrAEBase	getModuleName()	method	v1		Returns the module name of this object.
vrAmbientOcclusion	computeAmbientOcclusion(quality, minDistance, maxDistance, indirectIllumination, colorBleeding, gatherQuality, numIndirections, subdivide, minEdgeLength, overrideMaterialColor=None, materialColorR=None, materialColorG=None, materialColorB=None, subdivisionQuality=None, intensityThreshold=None, weighting=None)	method	v1		Calculates ambient occlusion and indirect illumination including color bleeding.
vrAmbientOcclusion	computeMissingAmbientOcclusion(quality, minDistance, maxDistance, indirectIllumination, colorBleeding, gatherQuality, numIndirections, subdivide, minEdgeLength, intensityThreshold, overrideMaterialColor=None, materialColorR=None, materialColorG=None, materialColorB=None, subdivisionQuality=None, weighting=None)	method	v1		Calculates ambient occlusion and indirect illumination including color bleeding for the selected nodes that do not have a calculation yet.
vrAmbientOcclusion	setAmbientOcclusionMode(mode)	method	v1		Sets the ambient occlusion mode.
vrAmbientOcclusion	getAmbientOcclusionMode()	method	v1	int	Returns the current ambient occlusion mode.
vrAmbientOcclusion	VR_AO_MODE_CLASSIC	attribute	v1		Classic ambient occlusion mode.
vrAmbientOcclusion	VR_AO_MODE_SHADOWS	attribute	v1		Shadows-only ambient occlusion mode.
vrAmbientOcclusion	VR_AO_MODE_LIGHT_AND_SHADOWS	attribute	v1		Light and shadows ambient occlusion mode.
vrAmbientOcclusion	VR_AO_WEIGHTING_COSINE	attribute	v1		Ambient occlusion samples in the direction of the surface normal have more influence on the result.
vrAmbientOcclusion	VR_AO_WEIGHTING_UNIFORM	attribute	v1		All ambient occlusion samples have the same weight.
vrAnimWidgets	keyAll()	method	v1		Sets a keyframe for all attributes.
vrAnimWidgets	keySelected()	method	v1		Sets a keyframe for selected attributes.
vrAnimWidgets	playAnim(name, startFrame=None, endFrame=None)	method	v1		Plays an animation block or animation clip from start to end via name. The function waits till animation is finished.
vrAnimWidgets	stopAnim(name)	method	v1		Stops the animation evaluation of an animation block or clip.
vrAnimWidgets	resetAnim(name)	method	v1		Resets the animation block or clip.
vrAnimWidgets	playCAnimation(name, startFrame=None, endFrame=None)	method	v1		Plays an animation block or animation clip from start to end via name. This function returns immediatly.
vrAnimWidgets	pauseCAnimation(name, value)	method	v1		Pauses or resumes an animation block or clip.
vrAnimWidgets	resetCAnimation(name)	method	v1		Resets the animation block or clip.
vrAnimWidgets	isPlaying(name)	method	v1	bool	Returns whether the object with the given name is playing.
vrAnimWidgets	animateClippingTransform()	method	v1		Loads the clipping transform node into the curve editor.
vrAnimWidgets	trashAnimation(node)	method	v1	bool	Moves an animation to the trash.
vrAnimWidgets	trashAnimations(nodes)	method	v1	bool	Moves a list of animations to the trash.
vrAnimWidgets	restoreAnimation(node)	method	v1	bool	Deprecated: Use `vrUndoService.undo()` in API v2.
vrAnimWidgets	restoreAnimations(nodes)	method	v1	bool	Deprecated: Use `vrUndoService.undo()` in API v2.
vrAnimWidgets	addTranslationControlPoint(node, time, trans, updateGui)	method	v1	bool	Adds a control point to the translation channel of a node.
vrAnimWidgets	addTranslationControlPoints(node, times, trans, updateGui)	method	v1	bool	Adds multiple control points to the translation channel of a node.
vrAnimWidgets	addScaleControlPoint(node, time, scale)	method	v1	bool	Adds a control point to the scale channel of a node.
vrAnimWidgets	addScaleControlPoints(node, times, scales)	method	v1	bool	Adds multiple control points to the scale channel of a node.
vrAnimWidgets	addRotationControlPoint(node, time, rot)	method	v1	bool	Adds a control point to the rotation channel of a node.
vrAnimWidgets	addRotationControlPoints(node, times, rots)	method	v1	bool	Adds multiple control points to the rotation channel of a node.
vrAnimWidgets	addRotationOrientationControlPoint(node, time, rot)	method	v1	bool	Adds a control point to the rotation orientation channel of a node.
vrAnimWidgets	addRotationOrientationControlPoints(node, times, rots)	method	v1	bool	Adds multiple control points to the rotation orientation channel of a node.
vrAnimWidgets	addVisibleControlPoint(node, time, value)	method	v1	bool	Adds a control point to the visibility channel of a node.
vrAnimWidgets	addVisibleControlPoints(node, times, values)	method	v1	bool	Adds multiple control points to the visibility channel of a node.
vrAnimWidgets	addChoiceControlPoint(node, time, value)	method	v1	bool	Adds a control point to the choice channel of a node.
vrAnimWidgets	addChoiceControlPoints(node, times, values)	method	v1	bool	Adds multiple control points to the choice channel of a node.
vrAnimWidgets	createAnimationBlockForNode(node, updateGui)	method	v1	bool	Creates an animation block for the specified node.
vrAnimWidgets	createAnimationBlockForMaterial(material, updateGui)	method	v1	bool	Creates an animation block for the specified material.
vrAnimWidgets	setCurrentFrame(frame)	method	v1		Sets the current frame of the timeline.
vrAnimWidgets	getCurrentFrame()	method	v1	float	Gets the current frame of the timeline.
vrAnimWidgets	getAnimClips()	method	v1	list of strings	Gets all top-level animation clip names from the scene.
vrAnimWidgets	getAnimClipNodes()	method	v1	list of NodePtr	Gets all top-level animation clip nodes from the scene.
vrAnimWidgets	getAnimBlocks(includeHidden)	method	v1	list of strings	Gets all animation block names from the scene.
vrAnimWidgets	getAnimBlockNodes(includeHidden)	method	v1	list of NodePtr	Gets all animation block nodes from the scene.
vrAnimWidgets	createAnimClip(name, parentClip)	method	v1	vrNodePtr	Creates a new animation clip.
vrAnimWidgets	findAnimClip(name)	method	v1	vrNodePtr	Finds an animation clip by name.
vrAnimWidgets	findAnimBlock(name)	method	v1	vrNodePtr	Finds an animation block by name.
vrAnimWidgets	findCameraTrackBlock(name)	method	v1	vrNodePtr	Finds a camera track block by name.
vrAnimWidgets	addToAnimClip(clip, object, frame)	method	v1	bool	Adds a block, clip, or camera track to an animation clip.
vrAnimWidgets	setAnimClipDuration(clip, frames)	method	v1		Sets the frame duration of an animation clip.
vrAnimWidgets	setAnimClipStart(clip, frame, keepEnd)	method	v1		Sets the start frame of an animation clip.
vrAnimWidgets	setAnimClipEnd(clip, frame, keepStart)	method	v1		Sets the end frame of an animation clip.
vrAnimWidgets	setAnimClipActive(clip, active)	method	v1		Activates or deactivates an animation clip.
vrAnimWidgets	setAnimClipLocked(clip, locked)	method	v1		Locks or unlocks an animation clip.
vrAnimWidgets	setAnimClipFlipped(clip, flipped)	method	v1		Flips or unflips an animation clip.
vrAnimation	getAnimations()	function	v1	list of strings	Returns all animations.
vrAnimation	startAnimation(name)	function	v1		Starts an animation.
vrAnimation	stopAnimation(name)	function	v1		Stops an animation.
vrAnimation	pauseAnimation(name)	function	v1		Pauses an animation.
vrAnimation	continueAnimation(name)	function	v1		Continues an animation.
vrAnimation	resetAnimation(name)	function	v1		Resets an animation.
vrAnimation	toggleAnimation(name)	function	v1		Toggles an animation.
vrAnnotation	createAnnotation(name)	method	v1		Creates a new annotation with the specified name.
vrAnnotation	deleteAnnotations(annotations)	method	v1		Deletes the specified annotations.
vrAnnotation	findAnnotation(name)	method	v1	Annotation	Finds an annotation by its name.
vrAnnotation	getAnnotations()	method	v1	list	Retrieves all annotations in the scene.
vrAnnotation	setShowAnnotations(state)	method	v1		Enables or disables the visualization of annotations.
vrAnnotation	getShowAnnotations()	method	v1	bool	Checks whether annotations are currently visible.
vrAnnotation	duplicateAnnotation(annotation)	method	v1	Annotation	Creates a duplicate of the specified annotation.
vrAnnotation	loadAnnotationsXML(path)	method	v1	list	Loads annotations from XML file and adds them to the scene.
vrAnnotation	pickAnnotation(annotation)	method	v1		Activates the picking tool in the render window to reposition the given annotation.
vrAnnotation	saveAnnotationsXML(path, annotations)	method	v1		Saves annotations to an XML file. Omit second parameter to save all annotations.
vrAnnotationPtr	getName()	method	v1	string	Gets the name.
vrAnnotationPtr	setName(name)	method	v1		Sets the name. When used as an identifier, the name should be unique.
vrAnnotationPtr	getText()	method	v1	string	Gets the description text.
vrAnnotationPtr	setText(text)	method	v1		Sets the description text. Use \\n for multiline text.
vrAnnotationPtr	getPosition()	method	v1	Pnt3f	Gets the point to which the leader arrow head is pointing.
vrAnnotationPtr	setPosition(position)	method	v1		Sets the point to which the leader arrow head is pointing.
vrAnnotationPtr	isVisible()	method	v1	bool	Gets the visibility of the annotation label.
vrAnnotationPtr	setVisible(visible)	method	v1		Sets the annotation label to be visible or hidden in the render window.
vrAnnotationPtr	getUseNodeVisibility()	method	v1	bool	Returns whether the annotation label visibility should depend on the visibility of its associated Scenegraph node.
vrAnnotationPtr	setUseNodeVisibility(enabled)	method	v1		Set whether the annotation label visibility should depend on the visibility of its associated Scenegraph node.
vrAnnotationPtr	getSize()	method	v1	float	Gets the size of the annotation label.
vrAnnotationPtr	setSize(size)	method	v1		Set the size of the annotation label. Recommended value range is 0 to 1.
vrAnnotationPtr	getLineColor()	method	v1	Color3f	Gets border and leader color of the annotation visualization.
vrAnnotationPtr	setLineColor(color)	method	v1		Sets border and leader color of the annotation visualization.
vrAnnotationPtr	getFontColor()	method	v1	Color3f	Gets color of the annotation text.
vrAnnotationPtr	setFontColor(color)	method	v1		Sets color of the annotation text.
vrAnnotationPtr	getBackgroundColor()	method	v1	Color4f	Gets label background color and opacity.
vrAnnotationPtr	setBackgroundColor(color)	method	v1		Sets label background color and opacity.
vrAnnotationPtr	getDynamicScalingMode()	method	v1	int	Gets dynamic scaling mode of the annotation label.
vrAnnotationPtr	setDynamicScalingMode(mode)	method	v1		Sets how the annotation label is scaled dynamically depending on its distance to the camera.
vrAnnotationPtr	getNode()	method	v1	vrNodePtr	Gets Scenegraph node to which this annotation is assigned.
vrAnnotationPtr	setNode(node)	method	v1		Sets Scenegraph node to which this annotation is assigned.
vrAnnotationPtr	zoomTo()	method	v1		Camera zooms to this annotation in the current render window.
vrAssetsModule	applyMaterialAssetsByName(path)	method	v1		Each material in the scene is replaced by an equally-named material asset that can be found under the specified directory and its sub-directories.
vrAssetsModule	loadMaterialAssetByName(assetName)	method	v1	vrMaterialPtr	Loads a material asset by its name.
vrAssetsModule	loadMaterialAssetByName(assetName, assetPath)	method	v1	vrMaterialPtr	Loads a material asset by its name and optionally its path.
vrAssetsModule	loadMaterialAssetByUUID(assetUUID)	method	v1	vrMaterialPtr	Searches for a material asset by its UUID and loads it.
vrAssetsModule	createMaterialAsset(material, assetManagerDirectory)	method	v1	bool	Saves the given material as a new material asset in the specified directory.
vrAssetsModule	overwriteMaterialAsset(material)	method	v1	bool	Overwrites an existing material asset in the Asset Manager.
vrAssetsModule	getSelectedAssetDirectory(assetType)	method	v1	string	Returns the path of the currently selected directory in the Asset Manager.
vrAssetsModule	getSelectedMaterialAssetDirectory()	method	v1	string	Deprecated. Use getSelectedAssetDirectory(VR_ASSET_MATERIAL) instead.
vrAssetsModule	loadEnvironmentAssetByName(assetName)	method	v1	bool	Loads an environment asset by its name.
vrAssetsModule	loadEnvironmentAssetByName(assetName, assetPath)	method	v1	bool	Loads an environment asset by its name and optionally its path.
vrAssetsModule	loadEnvironmentAssetByUUID(assetUUID)	method	v1	bool	Searches for an environment asset by its UUID and loads it.
vrAssetsModule	createEnvironmentAsset(environmentNode, assetManagerDirectory)	method	v1	bool	Saves the given environment node as a new environment asset in the specified directory.
vrAssetsModule	overwriteEnvironmentAsset(environmentAsset)	method	v1	bool	Overwrites an existing environment asset in the Asset Manager.
vrAssetsModule	loadGeometryAssetByName(assetName)	method	v1	vrNodePtr	Loads a geometry asset by its name.
vrAssetsModule	loadGeometryAssetByName(assetName, assetPath)	method	v1	vrNodePtr	Loads a geometry asset by its name and optionally its path.
vrAssetsModule	loadGeometryAssetByUUID(assetUUID)	method	v1	vrNodePtr	Searches for a geometry asset by its UUID and loads it.
vrAssetsModule	createGeometryAsset(node, assetManagerDirectory)	method	v1	bool	Saves the given node as a new geometry asset in the specified directory.
vrAssetsModule	overwriteGeometryAsset(assetRootNode)	method	v1	bool	Overwrites an existing geometry asset in the Asset Manager.
vrAssetsModule	loadSceneplateAssetByName(assetName)	method	v1	vrNodePtr	Loads a sceneplate asset by its name.
vrAssetsModule	loadSceneplateAssetByName(assetName, assetPath)	method	v1	vrNodePtr	Loads a sceneplate asset by its name and optionally its path.
vrAssetsModule	loadSceneplateAssetByUUID(assetUUID)	method	v1	vrNodePtr	Searches for a sceneplate asset by its UUID and loads it.
vrAssetsModule	createSceneplateAsset(node, assetManagerDirectory)	method	v1	bool	Saves the given node as a new sceneplate asset in the specified directory.
vrAssetsModule	overwriteSceneplateAsset(assetRootNode)	method	v1	bool	Overwrites an existing sceneplate asset in the Asset Manager.
vrAssetsModule	reloadAllAssetDirectories()	method	v1		Reloads all directories in the Asset Manager. No scene assets are updated.
vrAssetsModule	reloadAssetDirectory(path)	method	v1		Reloads the directory with the specified path. No scene assets are updated.
vrCamera	selectCamera(name)	method	v1		Deprecated. Use `vrCameraService.getCamera(name).activate()` instead.
vrCamera	selectViewPoint(name)	method	v1		Deprecated. Use `vrCameraService.getViewpoint(name).activate()` instead.
vrCamera	jumpViewPoint(name)	method	v1		Deprecated. Use `vrCameraService.getViewpoint(name).activate(True)` instead.
vrCamera	setViewPoint(name)	method	v1		Deprecated. Use `vrCameraService.getViewpoint(name).setToCurrentView()` instead.
vrCamera	loadViewPoints(filename)	method	v1		Deprecated. Use `vrCameraService.load(filename)` instead.
vrCamera	saveViewPoints(filename)	method	v1		Deprecated. Use `vrCameraService.saveViewpoints(filename)` instead.
vrCamera	addViewPoint(name)	method	v1		Deprecated. Use `vrCameraService.createViewpoint(name)` instead.
vrCamera	addViewPoint(name, unique)	method	v1		Deprecated. Use `vrCameraService.createViewpoint(name)` instead.
vrCamera	removeViewPoint(name)	method	v1		Deprecated. Use `vrNodeService.removeNodes([vrCameraService.getViewpoint(name)])` instead.
vrCamera	getViewpoints()	method	v1	list of strings	Deprecated. Use `vrCameraService.getAllViewpoints()` and `vrdViewpointNode.getName()` instead.
vrCamera	getViewpointPreview(name)	method	v1	string	Deprecated. Use `vrCameraService.getAllViewpoints()` and `vrdViewpointNode.getPreview()` instead.
vrCamera	viewpointAnim(name)	method	v1		Deprecated. Use `vrCameraService.getViewpoint(name).activate(False, True)` instead.
vrCamera	adjustAtPos4Viewpoint(name)	method	v1		Adjust the look-at point onto the surface of the closest object in the direction of viewing.
vrCamera	adjustAtPos4Viewpoint(name, rootname)	method	v1		Adjust the look-at point onto the surface of the closest object in the direction of viewing.
vrCamera	setNavigatorMode(mode)	method	v1		Sets the current navigator mode.
vrCamera	playTrack(name)	method	v1		Deprecated. Use `vrCameraService.getAllCameraTracks()`, find the track with the name, and `track.setPlaying(True)` instead.
vrCamera	getCameraTracks(name)	method	v1	dict	Deprecated. Use `vrCameraService.getAllCameraTracks()` and `track.getChildren()` instead.
vrCamera	setWhitepoint(whitepoint)	method	v1		Deprecated. Use `vrCameraService.getActiveCamera().getTonemapper().setWhitePoint(whitepoint)` instead.
vrCamera	setWhitepoint(whitepoint, name)	method	v1		Deprecated. Use `vrCameraService.getActiveCamera().getTonemapper().setWhitePoint(whitepoint)` or `vrCameraService.getCamera(name).getTonemapper().setWhitePoint(
vrCamera	setExposure(exposure)	method	v1		Deprecated. Use `vrCameraService.getActiveCamera().getTonemapper().setExposure(exposure)` instead.
vrCamera	setExposure(exposure, name)	method	v1		Deprecated. Use `vrCameraService.getActiveCamera().getTonemapper().setExposure(exposure)` or `vrCameraService.getCamera(name).getTonemapper().setExposure(exposu
vrCamera	setFStop(fStop)	method	v1		Deprecated. Use `vrCameraService.getActiveCamera().setFStop(fStop)` instead.
vrCamera	setFStop(fStop, name)	method	v1		Deprecated. Use `vrCameraService.getActiveCamera().setFStop(fStop)` or `vrCameraService.getCamera(name).setFStop(fStop)` instead.
vrCamera	setLeftEyeBlendingMap(file, activate)	method	v1		Deprecated. Use `vrCameraService.getActiveCamera().loadBlendMap(file, vrCameraTypes.CameraLeftEye)` instead.
vrCamera	setRightEyeBlendingMap(file, activate)	method	v1		Deprecated. Use `vrCameraService.getActiveCamera().loadBlendMap(file, vrCameraTypes.CameraRightEye)` instead.
vrCamera	enableCollision(activate)	method	v1		Deprecated. Use `vrCameraService.getActiveCamera().getCameraCollider().setEnabled(activate)` instead.
vrCamera	enableCollisionSlide(activate)	method	v1		Deprecated. Use `vrCameraService.getActiveCamera().getCameraCollider().setSlide(activate)` instead.
vrCamera	setCollisionDistance(dist)	method	v1		Deprecated. Use `vrCameraService.getActiveCamera().getCameraCollider().setDistance(dist)` instead.
vrCamera	addCollisionNode(name)	method	v1		Deprecated. Use `vrCameraService.getActiveCamera().getCameraCollider().addNode(name)` instead.
vrCamera	setCollisionBuildMethod(method)	method	v1		Deprecated. Use `vrCameraService.getActiveCamera().getCameraCollider().setCollisionStructureBuildMethod(method)` instead.
vrCamera	buildCollisionData()	method	v1		Deprecated. Use `vrCameraService.getActiveCamera().getCameraCollider().buildCollisionStructure()` instead.
vrCamera	getActiveCameraNode()	method	v1	vrNodePtr	Deprecated. Use `vrCameraService.getActiveCamera()` instead.
vrCamera	getViewpointNode(name)	method	v1	vrNodePtr	Deprecated. Use `vrCameraService.getViewpoint(name)` instead.
vrCamera	setCameraHmdMode(activate)	method	v1		Enables/disables the camera HMD mode.
vrCamera	getCameraHmdMode()	method	v1	bool	Returns the current state of the camera HMD mode.
vrCamera	setViewpointCreationMode(mode)	method	v1		Deprecated. Use `vrCameraService.setViewpointCreationMode(mode)` instead.
vrCamera	getViewpointCreationMode()	method	v1	unsigned int	Deprecated. Use `vrCameraService.getViewpointCreationMode()` instead.
vrCamera	setDepthOfField(on)	method	v1		Deprecated. Use `vrCameraService.getActiveCamera().setDepthOfField(on)` instead.
vrCamera	getDepthOfField()	method	v1	bool	Deprecated. Use `vrCameraService.getActiveCamera().getDepthOfField()` instead.
vrCamera	setMotionBlur(on)	method	v1		Deprecated. Use `vrCameraService.getActiveCamera().setMotionBlur(on)` instead.
vrCamera	getMotionBlur()	method	v1	bool	Deprecated. Use `vrCameraService.getActiveCamera().getMotionBlur()` instead.
vrCamera	setDollyZoom(on)	method	v1		Deprecated. Use `vrCameraService.getActiveCamera().setDollyZoom(on)` instead.
vrCamera	getDollyZoom()	method	v1	bool	Deprecated. Use `vrCameraService.getActiveCamera().getDollyZoom()` instead.
vrCamera	setGlow(on)	method	v1		Deprecated. Use `vrCameraService.getActiveCamera().setGlow(on)` instead.
vrCamera	getGlow()	method	v1	bool	Deprecated. Use `vrCameraService.getActiveCamera().getGlow()` instead.
vrCamera	setGlare(on)	method	v1		Deprecated. Use `vrCameraService.getActiveCamera().setGlare(on)` instead.
vrCamera	getGlare()	method	v1	bool	Deprecated. Use `vrCameraService.getActiveCamera().getGlare()` instead.
vrCamera	setLensFlare(on)	method	v1		Deprecated. Use `vrCameraService.getActiveCamera().setLensFlare(on)` instead.
vrCamera	getLensFlare()	method	v1	bool	Deprecated. Use `vrCameraService.getActiveCamera().getLensFlare()` instead.
vrCamera	setFogDistance(activate)	method	v1		Deprecated. Use `vrCameraService.getActiveCamera().setDistanceFog(activate)` instead.
vrCamera	getFogDistance()	method	v1	bool	Deprecated. Use `vrCameraService.getActiveCamera().getDistanceFog()` instead.
vrCamera	setFogHeight(activate)	method	v1		Deprecated. Use `vrCameraService.getActiveCamera().setHeightFog(activate)` instead.
vrCamera	getFogHeight()	method	v1	bool	Deprecated. Use `vrCameraService.getActiveCamera().getHeightFog()` instead.
vrCamera	setFogFalloffHeight(falloff)	method	v1		Deprecated. Use `vrCameraService.getActiveCamera().setHeightFogFalloff(falloff)` instead.
vrCamera	getFogFalloffHeight()	method	v1	unsigned int	Deprecated. Use `vrCameraService.getActiveCamera().getHeightFogFalloff()` instead.
vrCamera	setFogFalloffDistance(falloff)	method	v1		Deprecated. Use `vrCameraService.getActiveCamera().setDistanceFogFalloff(falloff)` instead.
vrCamera	getFogFalloffDistance()	method	v1	unsigned int	Deprecated. Use `vrCameraService.getActiveCamera().getDistanceFogFalloff()` instead.
vrCamera	setFogDensityDistance(density)	method	v1		Deprecated. Use `vrCameraService.getActiveCamera().setDistanceFogDensity(density)` instead.
vrCamera	getFogDensityDistance()	method	v1	float	Deprecated. Use `vrCameraService.getActiveCamera().getDistanceFogDensity()` instead.
vrCamera	setFogDensityHeight(density)	method	v1		Deprecated. Use `vrCameraService.getActiveCamera().setHeightFogDensity(density)` instead.
vrCamera	getFogDensityHeight()	method	v1	float	Deprecated. Use `vrCameraService.getActiveCamera().getHeightFogDensity()` instead.
vrCamera	setFogRangeDistance(near)	method	v1		Deprecated. Use `vrCameraService.getActiveCamera().setDistanceFogRange(near)` instead.
vrCamera	getFogRangeDistance()	method	v1	float	Deprecated. Use `vrCameraService.getActiveCamera().getDistanceFogRange()` instead.
vrCamera	setFogRangeHeight(min, max)	method	v1		Deprecated. Use `vrCameraService.getActiveCamera().setHeightFogRange(QVector2D(min, max))` instead.
vrCamera	getFogRangeHeight()	method	v1	Vec2f	Deprecated. Use `vrCameraService.getActiveCamera().getHeightFogRange()` instead.
vrCamera	setFogColorDistance(r, g, b)	method	v1		Deprecated. Use `vrCameraService.getActiveCamera().setDistanceFogColor(color)` instead.
vrCamera	getFogColorDistance()	method	v1	Vec3f	Deprecated. Use `vrCameraService.getActiveCamera().getDistanceFogColor()` instead.
vrCamera	setFogColorHeight(r, g, b)	method	v1		Deprecated. Use `vrCameraService.getActiveCamera().setHeightFogColor(color)` instead.
vrCamera	getFogColorHeight()	method	v1	Vec3f	Deprecated. Use `vrCameraService.getActiveCamera().getHeightFogColor()` instead.
vrCamera	setFogNoiseDistance(intensity)	method	v1		Deprecated. Use `vrCameraService.getActiveCamera().setDistanceFogNoise(intensity)` instead.
vrCamera	getFogNoiseDistance()	method	v1	float	Deprecated. Use `vrCameraService.getActiveCamera().getDistanceFogNoise()` instead.
vrCamera	setFogNoiseHeight(intensity)	method	v1		Deprecated. Use `vrCameraService.getActiveCamera().setHeightFogNoise(intensity)` instead.
vrCamera	getFogNoiseHeight()	method	v1	float	Deprecated. Use `vrCameraService.getActiveCamera().getHeightFogNoise()` instead.
vrCamera	setFogNoiseSizeDistance(sizeX, sizeY, sizeZ)	method	v1		Deprecated. Use `vrCameraService.getActiveCamera().setDistanceFogNoiseSize(size)` instead.
vrCamera	getFogNoiseSizeDistance()	method	v1	Vec3f	Deprecated. Use `vrCameraService.getActiveCamera().getDistanceFogNoiseSize()` instead.
vrCamera	setFogNoiseOffsetDistance(offsetX, offsetY, offsetZ)	method	v1		Deprecated. Use `vrCameraService.getActiveCamera().setDistanceFogNoiseOffset(offset)` instead.
vrCamera	getFogNoiseOffsetDistance()	method	v1	Vec3f	Deprecated. Use `vrCameraService.getActiveCamera().getDistanceFogNoiseOffset()` instead.
vrCamera	setFogNoiseSizeHeight(sizeX, sizeY, sizeZ)	method	v1		Deprecated. Use `vrCameraService.getActiveCamera().setHeightFogNoiseSize(size)` instead.
vrCamera	getFogNoiseSizeHeight()	method	v1	Vec3f	Deprecated. Use `vrCameraService.getActiveCamera().getHeightFogNoiseSize()` instead.
vrCamera	setFogNoiseOffsetHeight(offsetX, offsetY, offsetZ)	method	v1		Deprecated. Use `vrCameraService.getActiveCamera().setHeightFogNoiseOffset(offset)` instead.
vrCamera	getFogNoiseOffsetHeight()	method	v1	Vec3f	Deprecated. Use `vrCameraService.getActiveCamera().getHeightFogNoiseOffset()` instead.
vrCamera	setFogBlendHeight(blend)	method	v1		Deprecated. Use `vrCameraService.getActiveCamera().setHeightFogBlend(blend)` instead.
vrCamera	getFogBlendHeight()	method	v1	float	Deprecated. Use `vrCameraService.getActiveCamera().getHeightFogBlend()` instead.
vrCamera	setFogEnableNoiseSizeUniformDistance(uniform)	method	v1		Deprecated. Use `vrCameraService.getActiveCamera().setDistanceFogEnableNoiseSizeUniform(uniform)` instead.
vrCamera	getFogEnableNoiseSizeUniformDistance()	method	v1	bool	Deprecated. Use `vrCameraService.getActiveCamera().getDistanceFogEnableNoiseSizeUniform()` instead.
vrCamera	setFogEnableNoiseSizeUniformHeight(uniform)	method	v1		Deprecated. Use `vrCameraService.getActiveCamera().setHeightFogEnableNoiseSizeUniform(uniform)` instead.
vrCamera	getFogEnableNoiseSizeUniformHeight()	method	v1	bool	Deprecated. Use `vrCameraService.getActiveCamera().getHeightFogEnableNoiseSizeUniform()` instead.
vrChunkPtr	getID()	method	v1	unsigned int (32bit)	Returns the node ID.
vrChunkPtr	getPtr()	method	v1	StateChunkPtr	Returns the OpenSG StateChunkPtr.
vrChunkPtr	isValid()	method	v1	bool	Returns true when the node is valid. Should be called for sanity reasons after searching a material with findMaterial.
vrChunkPtr	fields()	method	v1	vrFieldAccess	Returns the field access object to get access to all fields. Take a look at the vrFieldAccess documentation to see how to manipulate the value of the fields.
vrChunkPtr	createChunk(type)	function	v1	vrChunkPtr	Deprecated!! Creates a ChunkPtr of a specific type. Many of these chunks are no longer functional.
vrChunkPtr	__init__()	method	v1		The constructor of the vrChunkPtr class. There are three valid versions:
vrClippingModule	enableClippingPlane(state)	function	v1		Enables/disables clipping.
vrClippingModule	setClippingPlane(position, normal, flipped)	function	v1		Sets the clipping plane.
vrClippingModule	setClippingPlaneVisualization(state, color)	function	v1		Sets the clipping plane visualization.
vrClippingModule	setClippingGridVisualization(state, color)	function	v1		Sets the clipping grid visualization.
vrClippingModule	setClippingContourVisualization(state, color, width)	function	v1		Sets the clipping grid visualization.
vrClippingModule	setClippingShowManipulator(state)	function	v1		Shows/hides the clipping manipulator.
vrClippingModule	setClippingHideScene(state)	function	v1		Shows/hides the scene during clipping.
vrClippingModule	setClippingPlanePosition(position)	function	v1		Sets the position of the clipping plane.
vrClippingModule	setClippingPlaneQuaternionRotation(axis, angle)	function	v1		Sets the rotation of the clipping plane with a quaternion.
vrClippingModule	setClippingPlaneRotation(rotationX, rotationY, rotationZ)	function	v1		Sets the rotation of the clipping plane with euler rotation angles.
vrClippingModule	cloneClippingContour()	function	v1		Clones the contour.
vrClippingModule	getClippingPlanePosition()	function	v1	Pnt3f	Gets the position of the clipping plane.
vrClippingModule	getClippingPlaneNormal()	function	v1	Vec3f	Gets the normal of the clipping plane.
vrClippingModule	getClippingPlaneInvertDirection()	function	v1	bool	Gets the inversion flag of the clipping plane.
vrClippingModule	getClippingHideScene()	function	v1	bool	Gets the hide scene flag of the clipping plane.
vrClippingModule	getClippingShowPlane()	function	v1	bool	Gets the show plane flag.
vrClippingModule	getClippingPlaneState()	function	v1	bool	Gets the clipping plane status.
vrClippingModule	getClippingPlaneColor()	function	v1	Vec3f	Gets the color of the clipping plane.
vrClippingModule	getClippingShowGrid()	function	v1	bool	Gets the show grid flag.
vrClippingModule	getClippingGridColor()	function	v1	Vec3f	Gets the color of the clipping grid.
vrClippingModule	getClippingShowContour()	function	v1	bool	Gets the show contour flag.
vrClippingModule	getClippingContourColor()	function	v1	Vec3f	Gets the color of the clipping contour.
vrClippingModule	getClippingContourWidth()	function	v1	int	Gets the width of the contour.
vrClippingModule	getClippingShowManipulator()	function	v1	bool	Gets the show manipulator flag.
vrCluster	loadHPC(filename)	method	v1		DEPRECATED. Use vrClusterService.loadConfig() instead.
vrCluster	startHPC()	method	v1		DEPRECATED. Use vrClusterService.start() instead.
vrCluster	startHPCRaytracing(hosts="localhost")	method	v1		DEPRECATED. Use vrClusterService.start() instead.
vrCluster	stopHPC()	method	v1		DEPRECATED. Use vrClusterService.stop() instead.
vrCluster	setHPCNodes(hosts="localhost")	method	v1		DEPRECATED. Use vrClusterService.setConfig() instead.
vrCluster	getHPCRunning()	method	v1	bool	DEPRECATED. Use vrClusterService.isRunning() instead.
vrCluster	setHPCNetworkType(index, value)	method	v1		DEPRECATED. Use vrClusterService.setConfig() instead.
vrCluster	setHPCNetworkSpeed(index, value)	method	v1		DEPRECATED. Use vrClusterService.setConfig() instead.
vrCluster	setHPCAdvanced(value)	method	v1		DEPRECATED. This function is not used anymore.
vrCluster	hasClusterLicense()	method	v1	bool	DEPRECATED. Use vrClusterService.hasLicense() instead.
vrCluster	setClusterEyeSeparation(es)	method	v1		DEPRECATED. Use vrClusterService.setEyeSeparation() instead.
vrCluster	setClusterZeroParallax(zp)	method	v1		DEPRECATED. Use vrClusterService.setZeroParallax() instead.
vrCluster	loginToClusterManager(server, user, password)	method	v1	bool	DEPRECATED. Use vrClusterManagerService.login() instead.
vrCluster	logoffFromClusterManager()	method	v1		DEPRECATED. Use vrClusterManagerService.logoff() instead.
vrCluster	renderOnClusterQueue(queue)	method	v1	bool	DEPRECATED. Use vrClusterManagerService.sendToJobQueue() instead.
vrCluster	renderQueueOnClusterQueue(queue)	method	v1	bool	DEPRECATED. Use vrClusterManagerService.sendToJobQueue() instead.
vrCluster	renderSequencesOnClusterQueue(queue)	method	v1	bool	DEPRECATED. Use vrClusterManagerService.sendToJobQueue() instead.
vrCluster	getClusterRunning()	method	v1	bool	**Deprecated.** Use vrClusterService.isRunning() instead.
vrCluster	loadCluster(filename)	method	v1		**Deprecated.** Use vrClusterService.loadConfig() instead.
vrCluster	startCluster()	method	v1		**Deprecated.** Use vrClusterService.start() instead.
vrCluster	stopCluster()	method	v1		**Deprecated.** Use vrClusterService.stop() instead.
vrCluster	startRaytracingCluster(hostnames)	method	v1		**Deprecated.** Use vrClusterService.start() instead.
vrCluster	startBookedRaytracingCluster(bookingId, server, user, password)	method	v1		**Deprecated.** Use vrClusterManagerService functions instead.
vrCluster	setClusterNodes(hosts="localhost")	method	v1		**Deprecated.** Use vrClusterService.setConfig() instead.
vrCluster	setClusterNetworkType(index, value)	method	v1		**Deprecated.** Use vrClusterService.setConfig() instead.
vrCluster	setClusterNetworkSpeed(index, value)	method	v1		**Deprecated.** Use vrClusterService.setConfig() instead.
vrCluster	setClusterAdvanced(value)	method	v1		**Deprecated.** This function is not used anymore.
vrCluster	setClusterProjectionPlane(index, points)	method	v1		**Deprecated.** This function is not used anymore.
vrCluster	setClusterConnectionDelay(delay)	method	v1		**Deprecated.** This function is not used anymore.
vrCollision	isColliding()	method	v1	bool	Checks if objects from the two lists are colliding.
vrCollision	getCollidingTriangles(useWorldSpace)	method	v1	tuple of Pnt3f	Retrieve the pair of triangle vertices that collided.
vrCollision	getCollidingTriangleIndices()	method	v1	tuple of int	Retrieve the pair of triangle indices that collided.
vrCollision	getCollidingNodes()	method	v1	tuple of vrNodePtr	Retrieve the pair of nodes that collided.
vrCollision	getCollisionPoint(useWorldSpace)	method	v1	Pnt3f	Retrieves the detected collision point.
vrCollision	getCollisionInfo(useWorldSpace)	method	v1	tuple of Pnt3f, vrNodePtr, Vec3f, vrNodePtr, Vec3f	Retrieves information about the collision.
vrColorDialog	getColorFromDialog(red: float, green: float, blue: float)	function	v1	list[float]	Opens a color dialog and lets the user choose a color.
vrColorDialog	getColorFromDialog(red: int, green: int, blue: int)	function	v1	list[int]	Opens a color dialog and lets the user choose a color.
vrConnector	startVredServer(port)	function	v1	bool	Starts the server at the defined port.
vrConnector	stopVredServer()	function	v1		Stops the server. An established connection to a client is interrupted.
vrConnector	startVredClient(serverIP, port)	function	v1	bool	Starts a client. The client can be used like an ordinary instance but will execute all navigation and Python commands from the server.
vrConnector	stopVredClient()	function	v1		Stops the client. An established connection to a server is interrupted.
vrConnector	setVredFrameSync(state)	function	v1		Enables or disables frame synchronization.
vrConnector	setConnectorShowMouseOnClients(state)	function	v1		Enables or disables displaying the mouse on the clients.
vrConnector	setConnectorMousePos(x, y, w, h)	function	v1		Sets the mouse position.
vrConstraints	createTranslationConstraint(sourceNames, targetName, maintainOffset)	function	v1		Creates a constraint between nodes: "sources" and "target".
vrConstraints	createRotationConstraint(sourceNames, targetName, maintainOffset)	function	v1		Creates a constraint between nodes: "sources" and "target".
vrConstraints	createAimConstraint(sourceNames, upSourceNames, targetName)	function	v1		Creates a constraint between nodes: "sources" and "target".
vrController	setNewSceneCB(fp)	function	v1		Sets a Python callback function which is called before executing newScene.
vrController	newScene()	function	v1		Creates a new scene and destroys the current scene.
vrController	destroyScene()	function	v1		Destroys the current scene.
vrController	updateScene()	function	v1		Calculates new near/far clipping plane and new camera position.
vrController	updateRender(force=False)	function	v1		Redraws the render widget.
vrController	updateRenderNoOCC(force=False)	function	v1		Redraws the render widget. This function is obsolete, use updateRender instead.
vrController	setRenderUpdateEnabled(state)	function	v1		Enables or disables the main render window update.
vrController	getSimulationTime()	function	v1	float (64bit)	Returns the simulation time in seconds.
vrController	changeScenegraph()	function	v1		Emits a scenegraph changed message.
vrController	enableSimulation(state)	function	v1		Enables/disables global simulation.
vrController	showToolBars(state)	function	v1		Shows or hides the main window toolbars.
vrController	isViewer()	function	v1	bool	Returns true when running VREDPresenter.
vrController	setViewerActiveXWidth(width)	function	v1		Changes the width of the VREDPresenter webview widget.
vrController	setViewerActiveXFixedWidth(width)	function	v1		Changes the width of the VREDPresenter webview widget and disables horizontal resizing.
vrController	setViewerActiveXFixedHeight(height)	function	v1		Changes the height of the VREDPresenter webview widget and disables vertical resizing.
vrController	getSupportedVideoEncoders()	function	v1	list of string	Return a list of supported video encoders.
vrController	setLogEnabled(s)	function	v1		Enable or disable terminal logging.
vrController	setVREDPresenterWebViewWidth(width)	function	v1		Changes the width of the VREDPresenter webview widget.
vrController	setVREDPresenterWebViewFixedWidth(width)	function	v1		Changes the width of the VREDPresenter webview widget and disables horizontal resizing.
vrController	setVREDPresenterWebViewFixedHeight(height)	function	v1		Changes the height of the VREDPresenter webview widget and disables vertical resizing.
vrController	terminateVred()	function	v1		Terminates VRED.
vrController	crashVred(type)	function	v1		Crashes VRED.
vrController	getVredVersion()	function	v1	string	Returns the VRED version number.
vrController	getVredVersions()	function	v1	string	Returns the VRED version number.
vrController	getVredVersionYear()	function	v1	string	Returns the VRED year version.
vrController	getVredDisplayVersionYear()	function	v1	string	Returns the VRED display year version.
vrController	getVredBuildDate()	function	v1	string	Returns the VRED build date.
vrController	vredLoop(count)	function	v1		Calls the internal timer loop n times.
vrController	setUnitScale(scale)	function	v1		Sets the unit scale factor.
vrController	getUnitScale()	function	v1	float	Returns the unit scale factor.
vrController	setVServerImagePath(path)	function	v1		Sets the VServer image path.
vrController	getVServerImagePath()	function	v1	string	Returns the VServer image path.
vrController	setVServerState(state)	function	v1		Sets the VServer state.
vrController	getVServerState()	function	v1	int	Returns the VServer state.
vrController	setEnvironmentVariable(name, value)	function	v1		Sets an environment variable.
vrController	setVRender(state)	function	v1		Enables VRender mode.
vrController	getVRender()	function	v1	bool	Returns the state of the VRender mode.
vrController	getIdleTime()	function	v1	int	Returns the idle time.
vrController	writeTerminalOutput(filename)	function	v1		Writes the terminal output as HTML.
vrController	addExtProcWindow(exe_name, window_name)	function	v1		Adds an external process window on top of the render window.
vrController	setShowQuickActionBars(state)	function	v1		Shows or hides all quick action bars.
vrController	setShowSurfaceAnalysisModule(show)	function	v1		Shows or hides the Surface Analysis module in VREDPresenter.
vrController	setPresenterMode(s)	function	v1		Enables VRED's presentation mode. Only hotkeys from the Variants Sets module will work in this mode.
vrController	getPresenterMode()	function	v1	bool	Returns true if VRED's presentation mode is currently enabled, otherwise false.
vrController	togglePresenterMode()	function	v1		Toggles VRED's presentation mode state.
vrController	clearUndoStack()	function	v1		Clears the undo/redo stack.
vrController	showLicenseDialog()	function	v1		Shows the license dialog.
vrController	vred_mousedown(x, y)	function	v1		Simulates a mouse button-down event for the left mouse button.
vrController	vred_mouseup(x, y)	function	v1		Simulates a mouse button-up event for the left mouse button.
vrController	vred_click(x, y)	function	v1		Deprecated.
vrController	vred_swipemove(x, y)	function	v1		Simulates a mouse button move event for the left mouse button.
vrController	closeStreams()	function	v1		Closes all open VRED streams.
vrController	setWIMergeCommands()	function	v1		Merges duplicated Python commands.
vrController	reseterrno()	function	v1		Resets the errno variable.
vrController	geterrno()	function	v1	int	Returns the errno value.
vrController	addModule(name, menu)	function	v1		Adds a custom Python module plugin.
vrController	subModule(name)	function	v1		Removes a custom Python module plugin.
vrController	showModule(name)	function	v1		Shows a custom Python module plugin.
vrController	hideModule(name)	function	v1		Hides a custom Python module plugin.
vrController	updateTouchSensors()	function	v1		Updates the touch sensor user interface.
vrController	centerMainWindow()	function	v1		Centers the main window on the screen.
vrController	vrLogInfo(text)	function	v1		Displays a message of type info in the log window (below the render window).
vrController	vrLogInfo(nr, text)	function	v1		Displays a message of type info in the log window (below the render window).
vrController	vrLogWarning(text)	function	v1		Displays a message of type warning in the log window (below the render window).
vrController	vrLogWarning(nr, text)	function	v1		Displays a message of type warning in the log window (below the render window).
vrController	vrLogError(text)	function	v1		Displays a message of type error in the log window (below the render window).
vrController	vrLogError(nr, text)	function	v1		Displays a message of type error in the log window (below the render window).
vrCubeImages	createCubeImages(node_name, type, resolution, supersampling, filename)	function	v1		Exports an environment image.
vrFade	__init__(node, time)	method	v1		Constructor for the vrFade class.
vrFade	setTime(time)	method	v1		Sets the current time of the fade action in seconds.
vrFade	setDuration(duration)	method	v1		Sets the duration of the fade action in seconds.
vrFieldAccess	hasField(fname)	method	v1	bool	Checks the existence of a field via name.
vrFieldAccess	isValid()	method	v1	bool	Returns true if the FieldContainer is valid.
vrFieldAccess	getID()	method	v1	unsigned int (32bit)	Returns the internal id of the field container.
vrFieldAccess	hasAttachment(fname)	method	v1	bool	Checks the existence of an attachment via name.
vrFieldAccess	addAttachment(attachment)	method	v1	bool	Adds an attachment to an AttachmentContainer.
vrFieldAccess	subAttachment(attachment)	method	v1	bool	Removes an attachment from the AttachmentContainer.
vrFieldAccess	setBool(fname, v)	method	v1		Sets the value of a bool field.
vrFieldAccess	setGLenum(fname, v)	method	v1		Sets the value of a GLenum field.
vrFieldAccess	setInt8(fname, v)	method	v1		Sets the value of a byte field.
vrFieldAccess	setUInt8(fname, v)	method	v1		Sets the value of an unsigned byte field.
vrFieldAccess	setInt16(fname, v)	method	v1		Sets the value of a short field.
vrFieldAccess	setUInt16(fname, v)	method	v1		Sets the value of an unsigned short field.
vrFieldAccess	setInt32(fname, v)	method	v1		Sets the value of an int field.
vrFieldAccess	setUInt32(fname, v)	method	v1		Sets the value of an unsigned int field.
vrFieldAccess	setInt64(fname, v)	method	v1		Sets the value of an int field.
vrFieldAccess	setUInt64(fname, v)	method	v1		Sets the value of an unsigned int field.
vrFieldAccess	setReal32(fname, v)	method	v1		Sets the value of a float field.
vrFieldAccess	setReal64(fname, v)	method	v1		Sets the value of a double field.
vrFieldAccess	setTime(fname, v)	method	v1		Sets the value of a time field.
vrFieldAccess	setVec(fname, v)	method	v1		Sets the value of an n-dimensional vector field (n in [2,4]).
vrFieldAccess	setVec2f(fname, x, y)	method	v1		Sets the value of a 2-dimensional vector field.
vrFieldAccess	setVec3f(fname, x, y, z)	method	v1		Sets the value of a 3-dimensional vector field.
vrFieldAccess	setVec4f(fname, x, y, z, w)	method	v1		Sets the value of a 4-dimensional vector field.
vrFieldAccess	setPnt(fname, v)	method	v1		Sets the value of an n-dimensional point field (n in [2,4]).
vrFieldAccess	setPnt2f(fname, x, y)	method	v1		Sets the value of a 2-dimensional point field.
vrFieldAccess	setPnt3f(fname, x, y, z)	method	v1		Sets the value of a 3-dimensional point field.
vrFieldAccess	setColor(fname, v)	method	v1		Sets an n-dimensional color field (n in [3,4]).
vrFieldAccess	setColor4f(fname, r, g, b, a)	method	v1		Sets a 4-dimensional color field.
vrFieldAccess	setMatrix(fname, v, transposed)	method	v1		Sets a 16-dimensional matrix field.
vrFieldAccess	setString(fname, v)	method	v1		Sets the value of a string field.
vrFieldAccess	setNode(fname, v)	method	v1		Sets the value of a node field.
vrFieldAccess	setFieldContainer(fname, v)	method	v1		Sets the value of a fieldcontainer field.
vrFieldAccess	setFieldContainerId(fname, v)	method	v1		Sets the value of a fieldcontainer field.
vrFieldAccess	setMBool(fname, v)	method	v1		Sets the value of a bool multi-field.
vrFieldAccess	setMGLenum(fname, v)	method	v1		Sets the value of a GLenum multi-field.
vrFieldAccess	setMInt8(fname, v)	method	v1		Sets the value of an int multi-field.
vrFieldAccess	setMUInt8(fname, v)	method	v1		Sets the value of an unsigned int multi-field.
vrFieldAccess	setMInt16(fname, v)	method	v1		Sets the value of an int multi-field.
vrFieldAccess	setMUInt16(fname, v)	method	v1		Sets the value of an unsigned int multi-field.
vrFieldAccess	setMInt32(fname, v)	method	v1		Sets the value of an int multi-field.
vrFieldAccess	setMUInt32(fname, v)	method	v1		Sets the value of an unsigned int multi-field.
vrFieldAccess	setMInt64(fname, v)	method	v1		Sets the value of an int multi-field.
vrFieldAccess	setMUInt64(fname, v)	method	v1		Sets the value of an unsigned int multi-field.
vrFieldAccess	setMReal32(fname, v)	method	v1		Sets the value of a float multi-field.
vrFieldAccess	setMReal64(fname, v)	method	v1		Sets the value of a float multi-field.
vrFieldAccess	setMString(fname, v)	method	v1		Sets the value of a string multi-field.
vrFieldAccess	setMFieldContainerId(fname, v)	method	v1		Sets the value of a fieldcontainer multi-field.
vrFieldAccess	setMFieldContainer(fname, v)	method	v1		Sets the value of a fieldcontainer multi-field.
vrFieldAccess	setMVec2f(fname, v)	method	v1		Sets the value of a Vec2f multi-field.
vrFieldAccess	setMVec3f(fname, v)	method	v1		Sets the value of a Vec3f multi-field.
vrFieldAccess	setMVec4f(fname, v)	method	v1		Sets the value of a Vec4f multi-field.
vrFieldAccess	setMPnt2f(fname, v)	method	v1		Sets the value of a Pnt2f multi-field.
vrFieldAccess	setMPnt3f(fname, v)	method	v1		Sets the value of a Pnt3f multi-field.
vrFieldAccess	setMPnt4f(fname, v)	method	v1		Sets the value of a Pnt4f multi-field.
vrFieldAccess	setMColor3f(fname, v)	method	v1		Sets the value of a Color3f multi-field.
vrFieldAccess	setMColor4f(fname, v)	method	v1		Sets the value of a Color4f multi-field.
vrFieldAccess	getBool(fname)	method	v1	bool	Returns the value of a bool field.
vrFieldAccess	getGLenum(fname)	method	v1	GLenum	Returns the value of a GLenum field.
vrFieldAccess	getInt8(fname)	method	v1	int (8bit)	Returns the value of a short field (8bit signed).
vrFieldAccess	getInt16(fname)	method	v1	int (16bit)	Returns the value of a short field (16bit signed).
vrFieldAccess	getUInt8(fname)	method	v1	unsigned int (8bit)	Returns the value of an unsigned short field (8bit unsigned).
vrFieldAccess	getUInt16(fname)	method	v1	unsigned int (16bit)	Returns the value of an unsigned short field (16bit unsigned).
vrFieldAccess	getInt32(fname)	method	v1	int (32bit)	Returns the value of an int field (32bit signed).
vrFieldAccess	getUInt32(fname)	method	v1	unsigned int (32bit)	Returns the value of an unsigned int field (32bit unsigned).
vrFieldAccess	getInt64(fname)	method	v1	int (64bit)	Returns the value of an int field (64bit signed).
vrFieldAccess	getUInt64(fname)	method	v1	unsigned int (64bit)	Returns the value of an unsigned int field (64bit unsigned).
vrFieldAccess	getReal32(fname)	method	v1	float (32bit)	Returns the value of a float field (32bit).
vrFieldAccess	getReal64(fname)	method	v1	float (64bit)	Returns the value of a double field (64bit).
vrFieldAccess	getTime(fname)	method	v1	time (float 64bit)	Returns the value of a time field (64bit).
vrFieldAccess	getVec(fname, d)	method	v1	list of floats (32bit)	Returns the value of a vector field.
vrFieldAccess	getPnt(fname, d)	method	v1	list of floats (32bit)	Returns the value of a point field.
vrFieldAccess	getColor(fname, d)	method	v1	list of floats (32bit)	Returns the value of a color field.
vrFieldAccess	getMatrix(fname)	method	v1	list of floats (32bit)	Returns the value of a matrix field.
vrFieldAccess	getString(fname)	method	v1	string	Returns the value of a string field.
vrFieldAccess	getNode(fname)	method	v1	NodePtr	Returns the value of a node field.
vrFieldAccess	getFieldContainer(fname)	method	v1	FieldContainerPtr	Returns the value of a field container.
vrFieldAccess	getAttachment(aname)	method	v1	FieldContainerPtr	Returns the attachment.
vrFieldAccess	getFieldContainerID(fname)	method	v1	unsigned int (32bit)	Returns the id of a field container.
vrFieldAccess	getMBool(fname)	method	v1	list of booleans	Returns the values of a boolean multi-field.
vrFieldAccess	getMInt8(fname)	method	v1	list of integers (signed 8bit)	Returns the values of an integer multi-field.
vrFieldAccess	getMUInt8(fname)	method	v1	list of unsigned ints (8bit)	Returns the values of an unsigned int multi-field.
vrFieldAccess	getMInt16(fname)	method	v1	list of integers (signed 16bit)	Returns the values of an integer multi-field.
vrFieldAccess	getMUInt16(fname)	method	v1	list of unsigned ints (16bit)	Returns the values of an unsigned int multi-field.
vrFieldAccess	getMInt32(fname)	method	v1	list of integers (signed 32bit)	Returns the values of an integer multi-field.
vrFieldAccess	getMUInt32(fname)	method	v1	list of unsigned ints (32bit)	Returns the values of an unsigned int multi-field.
vrFieldAccess	getMInt64(fname)	method	v1	list of integers (signed 64bit)	Returns the values of an integer multi-field.
vrFieldAccess	getMUInt64(fname)	method	v1	list of unsigned ints (64bit)	Returns the values of an unsigned int multi-field.
vrFieldAccess	getMReal32(fname)	method	v1	list of floats (32bit)	Returns the values of a float multi-field.
vrFieldAccess	getMReal64(fname)	method	v1	list of floats (64bit)	Returns the values of a float multi-field.
vrFieldAccess	getMVec2f(fname)	method	v1	list of Vec2fs	Returns the values of a Vec2f multi-field.
vrFieldAccess	getMVec3f(fname)	method	v1	list of Vec3fs	Returns the values of a Vec3f multi-field.
vrFieldAccess	getMVec4f(fname)	method	v1	list of Vec4fs	Returns the values of a Vec4f multi-field.
vrFieldAccess	getMPnt2f(fname)	method	v1	list of Pnt2fs	Returns the values of a Pnt2f multi-field.
vrFieldAccess	getMPnt3f(fname)	method	v1	list of Pnt3fs	Returns the values of a Pnt3f multi-field.
vrFieldAccess	getMPnt4f(fname)	method	v1	list of Pnt4fs	Returns the values of a Pnt4f multi-field.
vrFieldAccess	getMColor3f(fname)	method	v1	list of Color3fs	Returns the values of a Color3f multi-field.
vrFieldAccess	getMColor4f(fname)	method	v1	list of Color4fs	Returns the values of a Color4f multi-field.
vrFieldAccess	getMString(fname)	method	v1	list of strings	Returns the values of a string multi-field.
vrFieldAccess	getMGLenum(fname)	method	v1	list of GLenums	Returns the values of a GLenum multi-field.
vrFieldAccess	getMFieldContainer(fname)	method	v1	list of FieldContainerPtrs	Returns a FieldContainerPtr multi-field.
vrFieldAccess	getMFieldContainerId(fname)	method	v1	list of unsigned ints (32bit)	Returns the field container ids of a FieldContainerPtr multi-field.
vrFileDialog	getExistingDirectory(caption, directory, dirsonly=True, resolvesymlinks=False)	function	v1	string	Opens a file dialog and lets the user choose an existing directory.
vrFileDialog	getOpenFileName(caption, filename, filter)	function	v1	string	Opens a file dialog box and lets the user choose a filename by clicking on an existing file.
vrFileDialog	getOpenFileNames(caption, filename, filter)	function	v1	list of strings	Opens a file dialog and lets the user choose several files by selecting them.
vrFileDialog	getSaveFileName(caption, filename, filter, confirmOverwrite=True)	function	v1	string	Opens a file dialog and lets the user choose a filename by clicking on an existing file or typing in a new name.
vrFileDialog	getOpenFileNamesQt(caption, filename, filter)	function	v1	list of strings	Opens a Qt file dialog and lets the user choose several files by selecting them.
vrFileIO	load(filename)	method	v1	bool	Loads a single file with wildcard support from disk. The loaded node is automatically attached to the root of the scenegraph.
vrFileIO	load(filenames)	method	v1	bool	Loads multiple files with wildcard support from disk. The loaded nodes are automatically attached to the root of the scenegraph.
vrFileIO	load(filenames, parent, newFile, showImportOptions)	method	v1	bool	Loads multiple files with additional options for parent node, new scene, and import dialog.
vrFileIO	loadOSB(filenames)	method	v1	list of vrNodePtr	Loads a single or multiple OSB files from disk. The loaded nodes are automatically attached to the root of the scenegraph.
vrFileIO	loadGeometry(filename)	method	v1	vrNodePtr	Loads a geometry file. The geometry is not attached to the scenegraph.
vrFileIO	unloadGeometry(node, filename)	method	v1		Unloads a geometry file.
vrFileIO	save(filename)	method	v1	bool	Saves a geometry, script, or project file.
vrFileIO	saveGeometry(root, filename)	method	v1	bool	Saves a geometry file.
vrFileIO	saveSelectedGeometry(filename)	method	v1	bool	Saves selected geometry file.
vrFileIO	saveSelectedGeometry(filename, includeEnvironmentGeometries)	method	v1	bool	Saves selected geometry file with an option to include environment geometries.
vrFileIO	exportSelectedSurface(filename, version)	method	v1	bool	Saves selected geometry file.
vrFileIO	saveGeometryNoSwapCubeMaps()	method	v1	bool	Saves geometry without swapping the cube maps.
vrFileIO	setTessellationOptions(...)	method	v1		Sets the tessellation parameters to use when loading a file.
vrFileIO	setImportCurves(enable_curves)	method	v1		Enables or disables the import of independent curve and polyline geometries.
vrFileIO	getImportCurves()	method	v1	bool	Returns whether the import of independent curve and polyline geometries is enabled.
vrFileIO	setImportInvisibleCurves(enable_invisible_curves)	method	v1		Enables or disables the import of invisible independent curve and polyline geometries.
vrFileIO	getImportInvisibleCurves()	method	v1	bool	Returns whether the import of invisible independent curve and polyline geometries is enabled.
vrFileIO	setImportSurfaces(enable_surfaces)	method	v1		Enables or disables the import of NURB surfaces.
vrFileIO	getImportSurfaces()	method	v1	bool	Returns whether the import of NURB surfaces is enabled.
vrFileIO	setImportInvisibleSurfaces(enable_invisible_surfaces)	method	v1		Enables or disables the import of invisible NURB surfaces.
vrFileIO	getImportInvisibleSurfaces()	method	v1	bool	Returns whether the import of invisible NURB surfaces is enabled.
vrFileIO	setImportAssociativeMeshes(enable_associative_meshes)	method	v1		Enables or disables the import of associative mesh geometry (e.g., Catia V5, NX, STEP).
vrFileIO	getImportAssociativeMeshes()	method	v1	bool	Returns whether the import of associative mesh geometry is enabled.
vrFileIO	setImportMeshes(enable_meshes)	method	v1		Enables or disables the import of mesh geometry.
vrFileIO	getImportMeshes()	method	v1	bool	Returns whether the import of mesh geometry is enabled.
vrFileIO	setImportInvisibleMeshes(enable_invisible_meshes)	method	v1		Enables or disables the import of invisible mesh geometry.
vrFileIO	getImportInvisibleMeshes()	method	v1	bool	Returns whether the import of invisible mesh geometry is enabled.
vrFileIO	setImportParts(enable_parts)	method	v1		Enables or disables the import of part files referenced in assemblies.
vrFileIO	getImportParts()	method	v1	bool	Returns whether the import of part files is enabled.
vrFileIO	setImportInvisibleInstances(enable_invisible_instances)	method	v1		Enables or disables the import of invisible instances.
vrFileIO	getImportInvisibleInstances()	method	v1	bool	Returns whether the import of invisible instances is enabled.
vrFileIO	setImportCameras(enable_cameras)	method	v1		Enables or disables the import of cameras.
vrFileIO	getImportCameras()	method	v1	bool	Returns whether the import of cameras is enabled.
vrFileIO	setImportLights(enable_lights)	method	v1		Enables or disables the import of lights.
vrFileIO	getImportLights()	method	v1	bool	Returns whether the import of lights is enabled.
vrFileIO	setImportBookmarks(enable_bookmarks)	method	v1		Enables or disables the import of bookmarks.
vrFileIO	getImportBookmarks()	method	v1	bool	Returns whether the import of bookmarks is enabled.
vrFileIO	setImportTemplateGeometries(enable_template_geometries)	method	v1		Enables or disables the import of template geometries.
vrFileIO	getImportTemplateGeometries()	method	v1	bool	Returns whether the import of template geometries is enabled.
vrFileIO	setImportEmptyLayers(enable_empty_layers)	method	v1		Enables or disables the import of empty layers.
vrFileIO	getImportEmptyLayers()	method	v1	bool	Returns whether the import of empty layers is enabled.
vrFileIO	setFixSurfaceOrientation(fix_surface_orientation)	method	v1		Enables or disables surface normal unification during import.
vrFileIO	getFixSurfaceOrientation()	method	v1	bool	Returns whether surface normal unification is enabled during import.
vrFileIO	setHealStitchEnabled(enable_heal_stitch)	method	v1		Enables or disables additional healing during stitching in import.
vrFileIO	getHealStitchEnabled()	method	v1	bool	Returns whether additional healing during stitching is enabled in import.
vrFileIO	setApproximationEnabled(enable_approximation)	method	v1		Enables or disables body approximation during import.
vrFileIO	getApproximationEnabled()	method	v1	bool	Returns whether body approximation is enabled during import.
vrFileIO	setRobustTessellationEnabled(robust_tessellation)	method	v1		Enables or disables a more robust tessellation algorithm.
vrFileIO	getRobustTessellationEnabled()	method	v1	bool	Returns whether the robust tessellation algorithm is enabled.
vrFileIO	setMaxParallelImportTasks(max_parallel_tasks)	method	v1		Sets the maximum number of parallel import tasks for reading part files from assemblies.
vrFileIO	getMaxParallelImportTasks()	method	v1	int	Returns the maximum number of parallel import tasks for reading part files from assemblies.
vrFileIO	setDisableMultithreadedImport(disable_multithreading)	method	v1		Enables or disables internal multithreading in CAD import.
vrFileIO	getDisableMultithreadedImport()	method	v1	bool	Returns whether internal multithreading is disabled in CAD import.
vrFileIO	setFileIOMergeMaterials(merge)	method	v1		Sets the current VRED project file merge behavior when adding a VPB file.
vrFileIO	setFileIOMergeProjectVariants(merge)	method	v1		Sets the current VRED project file merge behavior for variants when adding a VPB file.
vrFileIO	setFileIOMergeProjectTouchSensors(merge)	method	v1		Sets the current VRED project file merge behavior for touch sensors when adding a VPB file.
vrFileIO	setFileIOMergeProjectSequences(merge)	method	v1		Sets the current VRED project file merge behavior for sequences when adding a VPB file.
vrFileIO	setFileIOMergeProjectAnnotations(merge)	method	v1		Sets the current VRED project file merge behavior for annotations when adding a VPB file.
vrFileIO	setFileIOMergeProjectAnimations(import)	method	v1		Sets the value for importing animations when loading VRED files.
vrFileIO	setImportApplyMaterialsFromAssetManager(apply)	method	v1		Sets the value for applying materials from the asset manager when importing a file.
vrFileIO	setImportCenterInOrigin(centerInOrigin)	method	v1		Sets the value for centering loaded geometry in the origin.
vrFileIO	setImportPutOnGround(putOnGround)	method	v1		Sets the value for placing loaded geometry on the ground plane.
vrFileIO	saveOSG(filename)	method	v1	bool	Writes the scene as an ASCII OpenSG file (debugging only).
vrFileIO	saveOSG(filename, options)	method	v1	bool	Writes the scene as an ASCII OpenSG file with additional options (debugging only).
vrFileIO	saveOSG(node, filename)	method	v1	bool	Writes the scene graph node as an ASCII OpenSG file (debugging only).
vrFileIO	saveOSG(node, filename, options)	method	v1	bool	Writes the scene graph node as an ASCII OpenSG file with additional options (debugging only).
vrFileIO	exportSceneSummary(node, filename, options)	method	v1	bool	Writes the scene summary as an XML file (debugging only).
vrFileIO	exportSceneSummary(node, filename)	method	v1	bool	Writes the scene summary as an XML file (debugging only).
vrFileIO	exportSceneSummary(filename, options)	method	v1	bool	Writes the scene summary as an XML file with additional options (debugging only).
vrFileIO	exportSceneSummary(filename)	method	v1	bool	Writes the scene summary as an XML file (debugging only).
vrFileIO	getVREDDir()	method	v1	string	Returns the VRED installation directory.
vrFileIO	getVREDDataDir()	method	v1	string	Returns the VRED data directory.
vrFileIO	getVREDExamplesDir()	method	v1	string	Returns the VRED examples directory.
vrFileIO	setFileIOKey(key)	method	v1		Sets the current file IO key for encrypted VPB files.
vrFileIO	setFileIOValidationKey(vkey)	method	v1		Sets the current file IO validation key for encrypted VPB files.
vrFileIO	getFileIOFilePath()	method	v1	string	Returns the current loaded file path.
vrFileIO	getFileIOBaseDir()	method	v1	string	Returns the base directory of the project.
vrFileIO	vrFileGetTmpDir()	method	v1	string	Returns a temporary file path.
vrFileIO	vrFileClearTmpDir()	method	v1		Deletes all files in the temporary directory.
vrFileIO	vrFileRemoveTmpFile(filename)	method	v1	bool	Deletes a file in the temporary directory.
vrFileIO	setVServerScene(scene)	method	v1		Sets the current VServer scene path.
vrFileIO	getVServerScene()	method	v1	string	Returns the current VServer scene path.
vrFileIO	isLoading()	method	v1	bool	Returns the loading file state.
vrFileIO	findFile(filename)	method	v1	string	Finds a filename relative to the file IO base directory.
vrFileIO	setFileIOMergeProjectClips(import)	method	v1		Sets the value for importing animation clips when loading VRED files.
vrFileIO	setFileIOMergeEnvironmentOption(option)	method	v1		Sets the current VRED project file merge behavior when adding a VPB file.
vrFileIO	setConvertToUberMaterials(value)	method	v1		Deprecated. Imported materials should always be converted to UberMaterials.
vrFrame	vrFrame(html, x1, y1, x2, y2)	method	v1		The constructor of the vrFrame class.
vrFrame	show()	method	v1		Shows the frame.
vrFrame	hide()	method	v1		Hides the frame.
vrFrame	toggleShow()	method	v1		Toggles the visibility of the frame.
vrFrame	setHtml(html)	method	v1		Sets the HTML content of the frame.
vrFrame	setFrame(x1, y1, x2, y2)	method	v1		Sets the frame vertices.
vrFrame	getFrame()	method	v1	list of floats	Gets the frame vertices.
vrGeometryEditor	tessellateSurfaces(nodes, chordalDeviation, normalTolerance, maxChordLength, enableStitching, stitchingTolerance, preserveUVs=False)	function	v1		Retessellates the given surfaces.
vrImagePtr	createImage()	function	v1	vrImagePtr	Creates an Image.
vrImagePtr	getID()	method	v1	unsigned int (32bit)	Returns the image id.
vrImagePtr	getPtr()	method	v1	ImagePtr	Return the OpenSG ImagePtr.
vrImagePtr	isValid()	method	v1	bool	Returns true when the image is valid.
vrImagePtr	read(name)	method	v1	bool	Loads an image via filename.
vrImagePtr	fields()	method	v1	vrFieldAccess	Returns the field access object to get access to all fields. Take a look at the vrFieldAccess documentation to see how to manipulate the value of the fields.
vrInteraction	addRender()	method	v1		Call `preRender` on every render frame.
vrInteraction	subRender()	method	v1		Stop calling `preRender` on every render frame.
vrInteraction	addPostRender()	method	v1		Call `postRender` on every render frame.
vrInteraction	subPostRender()	method	v1		Stop calling `postRender` on every render frame.
vrInteraction	preRender()	method	v1		This method is called every render frame when the object has been added with `addRender()`. Add functionality that has to be updated every frame within this met
vrInteraction	postRender()	method	v1		This method is called every render frame when the object has been added with `addPostRender()`. Add functionality that has to be updated every frame within this
vrInteraction	callAllPickingPressed(node, pos, normal, uv):	method	v1		Call all picking pressed callbacks.
vrInteraction	callAllPickingPressed(node, pos, normal, uv, button)	method	v1		Call picking pressed for all devices.
vrInteraction	callAllPickingReleased(node, pos, normal, uv)	method	v1		Call picking released for all devices.
vrInteraction	callAllPickingReleased(node, pos, normal, uv, button)	method	v1		Call picking released for all devices.
vrInteraction	callAllPickingMoved(node, pos, normal, uv)	method	v1		Call picking moved for all devices
vrInteraction	callAllPickingMoved(node, pos, normal, uv, button)	method	v1		Call picking moved for all devices.
vrInteraction	setUseBoundingboxesForInteractionInVR(state)	method	v1		Enable or disable bounding boxes for VR interactions.
vrInteraction	getUseBoundingboxesForInteractionInVR()	method	v1	bool	Get the current state of bounding boxes for VR interactions.
vrInteraction	setNodeInteractableInVR(node, state)	method	v1		Enable or disable interaction with a scene node in VR.
vrInteractionModule	setObjectDraggingIgnore(state)	function	v1		Enable/disable object dragging ignore mode.
vrInterpolator	add(slice)	method	v1		Adds a slide.
vrInterpolator	add(slice, parallel)	method	v1		Adds a slide.
vrInterpolator	vrInterpolator()	method	v1		Default constructor. Transforms objects.
vrInterpolator	vrInterpolator(once)	method	v1		Constructor with once parameter.
vrSlide	vrSlide(node, x1, y1, z1, x2, y2, z2, duration)	method	v1		Creates a three-dimensional slide.
vrSlide	vrSlide(node, x1, x2, duration)	method	v1		Creates a one-dimensional slide.
vrSlide	setDuration(duration)	method	v1		Sets the duration of the slide.
vrSlide	getDuration()	method	v1	float (64bit)	Returns the duration of the slide.
vrTranslationSlide	vrTranslationSlide(node, x1, y1, z1, x2, y2, z2, duration)	method	v1		The constructor of the vrTranslationSlide class.
vrRotationSlide	vrRotationSlide(node, x1, y1, z1, x2, y2, z2, duration)	method	v1		The constructor of the vrRotationSlide class.
vrRotationAxisSlide	vrRotationAxisSlide(node, axis, alpha1, alpha2, duration)	method	v1		Rotates around an arbitrary axis.
vrRotationAxisSlide	vrRotationAxisSlide(node, x1, y1, z1, x2, y2, z2, alpha1, alpha2, duration)	method	v1		Rotates around an arbitrary axis.
vrScaleSlide	vrScaleSlide(node, x1, y1, z1, x2, y2, z2, duration)	method	v1		The constructor of the vrScaleSlide class.
vrJoystick	getAxes()	method	v1	list of floats	Returns the axis array.
vrJoystick	getButtons()	method	v1	int	Returns the button mask.
vrKey	getKey()	method	v1	integer (unsigned)	Returns the key of this object.
vrKey	getModifier()	method	v1	integer (unsigned)	Returns the modifier of this object.
vrKey	getLevel()	method	v1	integer (unsigned)	Returns the level of this object.
vrKey	setEnabled(state)	method	v1		Enables or disables the key.
vrKey	isEnabled()	method	v1	bool	Returns the enabled state of the key.
vrKey	setDescription(description)	method	v1		Sets a description for what this key event is about.
vrKey	getDescription()	method	v1	string	Returns the description of the key.
vrKey	pressedModifier(modifier)	method	v1		SIGNAL is called when a modifier key is pressed.
vrKey	setKeyboardLevel(level)	staticmethod	v1		Sets the current keyboard level.
vrKey	getKeyboardLevel()	staticmethod	v1	integer (32bit)	Returns the current keyboard level.
vrKey	setDefaultKeyboardLevel(level)	staticmethod	v1		Sets the default keyboard level. All newly created vrKey objects will only trigger when the appropriate keyboard level is active.
vrKey	getDefaultKeyboardLevel()	staticmethod	v1	integer (32bit)	Returns the default keyboard level.
vrLightLinkSetPtr	createLightLinkSet(name)	function	v1	vrLightLinkSetPtr	Creates a light link set.
vrLightLinkSetPtr	deleteLightLinkSet(name)	function	v1	bool	Deletes a light link set.
vrLightLinkSetPtr	findLightLinkSet(name)	function	v1	vrLightLinkSetPtr	Finds a light link set.
vrLightLinkSetPtr	getLightLinkSets()	function	v1	list of vrLightLinkSetPtr	Returns a list of all light link sets.
vrLightLinkSetPtr	getID()	method	v1	unsigned int	Returns the set ID.
vrLightLinkSetPtr	getPtr()	method	v1	LightLinkSetPtr	Returns the OpenSG LightLinkSetPtr.
vrLightLinkSetPtr	isValid()	method	v1	bool	Returns true if the set is valid.
vrLightLinkSetPtr	fields()	method	v1	vrFieldAccess	Returns the field access object to manipulate fields.
vrLightLinkSetPtr	setName(name)	method	v1		Sets the name of the set.
vrLightLinkSetPtr	getName()	method	v1	string	Returns the name of the set.
vrLightLinkSetPtr	getType()	method	v1	string	Returns the type of the set.
vrLightLinkSetPtr	addLight(light)	method	v1		Adds a light to the light linking set.
vrLightLinkSetPtr	subLight(light)	method	v1		Removes a light from the light linking set.
vrLightLinkSetPtr	getLights()	method	v1	list of vrNodePtrs	Returns all lights in the light linking set.
vrLightLinkSetPtr	addSceneNode(sceneNode)	method	v1		Adds a scene node to the light linking set.
vrLightLinkSetPtr	subSceneNode(sceneNode)	method	v1		Removes a scene node from the light linking set.
vrLightLinkSetPtr	getSceneNodes()	method	v1	list of vrNodePtrs	Returns all scene nodes in the light linking set.
vrLightLinkSetPtr	sub(update=True)	method	v1		Removes the light link set from the pool.
vrLightLinkSetPtr	copy()	method	v1	vrLightLinkSetPtr	Returns a copy of the light link set.
vrMain	setStyleSheet(filename)	method	v1		Loads a Qt style sheet.
vrMaterialEditor	selectMaterialByIndex(i)	method	v1		Selects a material by index.
vrMaterialEditor	selectMaterialByNode(id)	method	v1		Selects a material by node id.
vrMaterialEditor	selectMaterialByName(name)	method	v1		Selects a material by name.
vrMaterialEditor	selectMaterial(mat)	method	v1		Selects a material by material id or material pointer.
vrMaterialEditor	selectMaterials(mats)	method	v1		Selects multiple materials by a list of material pointers.
vrMaterialEditor	getSelectedMaterials()	method	v1	list of vrMaterialPtrs	Returns a list of the selected materials of the group view.
vrMaterialEditor	setMaterialAmbientColor(index, hue, saturation, value)	method	v1		Sets ambient color of a SimpleMaterial or ChunkMaterial by material index.
vrMaterialEditor	setMaterialDiffuseColor(index, hue, saturation, value)	method	v1		Sets diffuse color of a SimpleMaterial or ChunkMaterial by material index.
vrMaterialEditor	setMeasuredCarpaintGlossyAsDiffuseLobes(mat, lobes)	method	v1		Sets which glossy lobes of a measured carpaint AXF material are handled as diffuse when rendering with render passes.
vrMaterialEditor	updateMaterials()	method	v1		Updates the material list.
vrMaterialEditor	applyEnvToSelectedNodes(mat, nodes)	method	v1		Applies an environment material to selected nodes.
vrMaterialEditor	applyEnvToAllMaterials(mat)	method	v1		Deprecated: Use vrMaterialService.applyEnvironmentToAllMaterials(environment, name) in API v2.
vrMaterialEditor	applyEnvToAllMaterials(mat, mat_name)	method	v1		Deprecated: Use vrMaterialService.applyEnvironmentToAllMaterials(environment, name) in API v2.
vrMaterialEditor	undeleteMaterials(nodes)	method	v1		Restores materials from trash.
vrMaterialEditor	deleteMaterials(nodes)	method	v1		Deletes materials or material groups.
vrMaterialEditor	importMaterialLibraryAndApply(filename)	method	v1		Loads the specified material library from an .osb file and applies it to the scene.
vrMaterialEditor	loadMeasurement(mat, measurementFilePath)	method	v1		Loads a measurement file to the given material.
vrMaterialEditor	applySubstancePresetByIndex(mat, index)	method	v1		Applies an existing substance preset to the given substance material.
vrMaterialEditor	applySubstancePresetByName(mat, name)	method	v1		Applies an existing substance preset to the given substance material.
vrMaterialEditor	enableSubstancePresetCache(enabled)	method	v1		Enables caching of preset render results. Switching presets will get faster but more memory and disk space is required.
vrMaterialEditor	clearSubstancePresetCache()	method	v1		Clears the substance preset cache.
vrMaterialEditor	loadSubstanceArchive(mat, archiveFilePath)	method	v1		Loads a substance archive to the given substance material.
vrMaterialEditor	loadSubstancePresets(mat, presetsFilePath)	method	v1		Loads a substance presets file to the given substance material.
vrMaterialEditor	applySubstancePresetWithDefaultOutputSizeByIndex(mat, index)	method	v1		Applies an existing substance preset with default output size to the given substance material.
vrMaterialEditor	applySubstancePresetWithDefaultOutputSizeByName(mat, name)	method	v1		Applies an existing substance preset with default output size to the given substance material.
vrMaterialEditor	getSubstancePresets(mat)	method	v1	list	Returns the list of presets contained in the given substance material.
vrMaterialEditor	getSubstanceArchivePath(mat)	method	v1	string	Returns the path to the substance archive contained in the given substance material.
vrMaterialEditor	updateSubstanceMaterial(mat)	method	v1		Triggers an update of the given substance material.
vrMaterialPtr	vrMaterialPtr()	function	v1		The constructor of the MaterialPtr class. There are three valid versions:
vrMaterialPtr	getID()	method	v1	unsigned int (32bit)	Return the material id.
vrMaterialPtr	getPtr()	method	v1	MaterialPtr	Return the OpenSG MaterialPtr.
vrMaterialPtr	isValid()	method	v1	bool	**Deprecated:** See `vrdSceneObject.isValid()` in API v2.
vrMaterialPtr	getChunkCount()	method	v1	unsigned int (32bit)	**Deprecated:** See `vrdChunkMaterial` and `vrdMaterialChunkList` in API v2.
vrMaterialPtr	getChunk(i)	method	v1	vrChunkPtr	**Deprecated:** See `vrdChunkMaterial` and `vrdMaterialChunkList` in API v2.
vrMaterialPtr	getSHLChunk()	method	v1	vrSHLChunkPtr	**Deprecated:** See `vrdChunkMaterial` and `vrdGLSLShaderChunk` in API v2.
vrMaterialPtr	getNodes()	method	v1	list of vrNodePtrs	**Deprecated:** Use `vrMaterialService.findNodesWithMaterial(mat)` in API v2.
vrMaterialPtr	fields()	method	v1	vrFieldAccess	**Deprecated:** Use API v2 material types instead to read and write material settings, e.g. `vrdPlasticMaterial`.
vrMaterialPtr	addChunk(chunk)	method	v1	bool	**Deprecated:** See `vrdChunkMaterial` and `vrdMaterialChunkList` in API v2.
vrMaterialPtr	subChunk(chunk)	method	v1	bool	**Deprecated:** See `vrdChunkMaterial` and `vrdMaterialChunkList` in API v2.
vrMaterialPtr	setName(name)	method	v1		**Deprecated:** Use `vrdMaterial.setName(name)` in API v2.
vrMaterialPtr	getName()	method	v1	string	**Deprecated:** Use `vrdMaterial.getName()` in API v2.
vrMaterialPtr	getType()	method	v1	string	**Deprecated.** Returns the OpenSG type of the material.
vrMaterialPtr	getSubMaterials()	method	v1	list of vrMaterialPtrs	**Deprecated:** Use `vrdMultiMaterial.getMaterials()` in API v2.
vrMaterialPtr	setChoice(choice)	method	v1		**Deprecated:** Use `vrdSwitchMaterial.setChoice(choice)` in API v2.
vrMaterialPtr	getChoice()	method	v1	unsigned integer	**Deprecated:** Use `vrdSwitchMaterial.getChoice()` in API v2.
vrMaterialPtr	getMaterialByChoice(choice)	method	v1	vrMaterialPtr	**Deprecated:** Use `vrdSwitchMaterial.materials.at(choice)` in API v2.
vrMaterialPtr	setMaterialChoiceByTag(tag)	method	v1		**Deprecated:** Use `vrMaterialService.setSwitchChoiceByAnyTag` in API v2.
vrMaterialPtr	setMaterialChoiceByTags(tags, matchAllTags)	method	v1		**Deprecated:** Use `vrMaterialService.setSwitchChoiceByAnyTag` or `vrMaterialService.setSwitchChoiceByAllTags` in API v2.
vrMaterialPtr	addMaterial(mat)	method	v1		**Deprecated:** Use `vrdMultiMaterial.materials.append(mat)` in API v2.
vrMaterialPtr	subMaterial(mat)	method	v1		**Deprecated:** Use `vrdMultiMaterial.materials.remove(mat)` in API v2.
vrMaterialPtr	sub(update=True)	method	v1		**Deprecated:** Use `vrMaterialService.deleteMaterials(mat)` in API v2.
vrMaterialPtr	setTransparency(t)	method	v1		**Deprecated:** Use `material.getTransparency().setSeeThrough(QVector3D(t, t, t))` in API v2.
vrMaterialPtr	copy()	method	v1	vrMaterialPtr	**Deprecated:** Use `vrMaterialService.duplicateMaterials([mat])` in API v2.
vrMaterialPtr	isAsset()	method	v1	bool	**Deprecated:** Use `vrdMaterial.isAsset()` in API v2.
vrMaterialPtr	removeAssetManagerReference(materials)	method	v1		For every material that is an asset, removes its reference to the Asset Manager.
vrMaterialPtr	findMaterial(name)	function	v1	vrMaterialPtr	**Deprecated:** Use `vrMaterialService.findMaterial(name)` in API v2.
vrMaterialPtr	findMaterials(name, regexp=False)	function	v1	list of vrMaterialPtrs	**Deprecated:** Use `vrMaterialService.findMaterials(name)` in API v2.
vrMaterialPtr	getAllMaterials()	function	v1	list of vrMaterialPtrs	**Deprecated:** Use `vrMaterialService.getAllMaterials()` in API v2.
vrMaterialPtr	getMaterialTags(material)	function	v1	list of string	**Deprecated:** Use `vrMetadataService.getTags()` in API v2.
vrMaterialPtr	hasMaterialTag(material, tag)	function	v1	bool	**Deprecated:** Use `vrMetadataService.hasTag()` in API v2.
vrMaterialPtr	hasMaterialTags(material, tags)	function	v1	bool	**Deprecated:** Use `vrMetadataService.getTags()` in API v2.
vrMaterialPtr	getMaterialsWithTag(tag)	function	v1	list of vrMaterialPtr	**Deprecated:** Use `vrMaterialService.getMaterialsWithAnyTag` in API v2.
vrMaterialPtr	getMaterialsWithTags(tags, matchAllTags)	function	v1	list of vrMaterialPtr	**Deprecated:** Use `vrMaterialService.getMaterialsWithAnyTag` or `vrMaterialService.getMaterialsWithAllTags` in API v2.
vrMaterialPtr	createMaterial(type)	function	v1	vrMaterialPtr	**Deprecated:** Use `vrMaterialService.createMaterial(name, type)` in API v2.
vrMaterialPtr	setSwitchMaterialChoice(name, choice)	function	v1		**Deprecated:** Use `vrdSwitchMaterial.setChoice(choice)` in API v2.
vrMaterialPtr	setMaterialImage(mat, field_name, image_path)	function	v1		**Deprecated:** Use `vrImageService.loadImage(image_path)` and e.g., `mat.getDiffuseTexture().setImage(img)` in API v2.
vrMaterialPtr	setEnvironmentImage(mat, image_path)	function	v1		**Deprecated:** Use `vrImageService.loadImage(image_path, vrImageTypes.LoadType.Environment)` and `envMat.setEnvironment(img)` in API v2.
vrMaterialPtr	toMaterial(id)	function	v1	vrMaterialPtr	Returns a material pointer corresponding to the material ID provided.
vrMaterialPtr	setTextureTransform(mat, component, translate, rotate, scale)	function	v1		Changes the input coordinate transformation for texture projections in ubermaterials.
vrMaterialPtr	addMaterialTag(material, tag)	function	v1	bool	Deprecated: `vrMetadataService.addTags()` in API v2
vrMaterialPtr	addMaterialTag(materials, tag)	function	v1	bool	Deprecated: `vrMetadataService.addTags()` in API v2
vrMaterialPtr	addMaterialTags(material, tags)	function	v1	bool	Deprecated: Use `vrMetadataService.addTags()` in API v2.
vrMaterialPtr	addMaterialTags(materials, tags)	function	v1	bool	Deprecated: Use `vrMetadataService.addTags()` in API v2.
vrMaterialPtr	removeMaterialTag(material, tag)	function	v1	bool	Deprecated: Use `vrMetadataService.removeTags()` in API v2.
vrMaterialPtr	removeMaterialTag(materials, tag)	function	v1	bool	Deprecated: Use `vrMetadataService.removeTags()` in API v2.
vrMaterialPtr	removeMaterialTags(material, tags)	function	v1	bool	Deprecated: Use `vrMetadataService.removeTags()` in API v2.
vrMaterialPtr	removeMaterialTags(materials, tags)	function	v1	bool	Deprecated: Use `vrMetadataService.removeTags()` in API v2.
vrMaterialPtr	replaceMaterialTag(material, oldTag, newTag)	function	v1	bool	Deprecated: Use `vrMetadataService.renameTag()` in API v2.
vrMaterialPtr	replaceMaterialTag(materials, oldTag, newTag)	function	v1	bool	Deprecated: Use `vrMetadataService.renameTag()` in API v2.
vrMeasurement	createGapMeasurement(node1=None, hitPoint1=None, node2=None, hitPoint2=None)	function	v1		Creates a gap measurement.
vrMeasurement	createCircleMeasurement(node1=None, hitPoint1=None, node2=None, hitPoint2=None, node3=None, hitPoint3=None)	function	v1		Creates a circle measurement.
vrMeasurement	createPointPointMeasurement(node1=None, hitPoint1=None, node2=None, hitPoint2=None)	function	v1		Creates a point-to-point measurement.
vrMeasurement	createPointObjectMeasurement(node1=None, hitPoint1=None, node2=None)	function	v1		Creates a point-to-object measurement.
vrMeasurement	createObjectObjectMeasurement(node1=None, node2=None)	function	v1		Creates an object-to-object measurement.
vrMeasurement	createLineObjectMeasurement(lineNode=None, lineHitPoint=None, node2=None)	function	v1		Creates a line-to-object measurement.
vrMeasurement	removeAllMeasurements()	function	v1		Removes all existing measurements.
vrMeasurement	removeSelectedMeasurement()	function	v1		Removes the currently selected measurement. The last created measurement is automatically selected.
vrMeasurement	zoomOnMeasurement()	function	v1		Zooms on the selected measurement.
vrMeasurement	updateMeasurement()	function	v1		Updates the selected measurement.
vrMeasurement	updateAllMeasurements()	function	v1		Updates all measurements.
vrMenu	show()	method	v1		Shows the menu.
vrMenu	hide()	method	v1		Hides the menu.
vrMenu	toggleShow()	method	v1		Toggles the menu.
vrMenu	update()	method	v1		Updates the menu.
vrMenu	addCheckBox(text, o)	method	v1		Adds a checkbox to the menu.
vrMenu	addCheckBox(text, o, style)	method	v1		Adds a checkbox to the menu.
vrMenu	addPushButton(text, o)	method	v1		Adds a push button to the menu.
vrMenu	addPushButton(text, o, style)	method	v1		Adds a push button to the menu.
vrMenu	addSeparator()	method	v1		Adds a separator to the menu.
vrMenu	addLabel(text)	method	v1		Adds a label to the menu.
vrMenu	addLabel(text, style)	method	v1		Adds a label to the menu.
vrMenu	setText(id, text)	method	v1		Changes the text.
vrMenu	setText(id, text, style)	method	v1		Changes the text.
vrMenu	setNode(node)	method	v1		Maps the menu onto a geometry node.
vrMenu	setMaterial(mat)	method	v1		Maps the menu onto a material.
vrMenu	setScale(scale)	method	v1		Scales the menu.
vrMenu	setAutoResize(factor)	method	v1		Scales the menu depending on the current render window size.
vrMenu	setTransform(tx, ty, tz, rx, ry, rz)	method	v1		Sets the translation and rotation of the menu.
vrMenu	setPosition2D(x, y)	method	v1		Sets the menu at a 2D position on the screen.
vrMenu	setPosition2D(x, y, back)	method	v1		Sets the menu at a 2D position on the screen.
vrMenu	setWindow(name)	method	v1		Shows a module window with the provided name instead of a user-defined menu.
vrMenu	setUrl(url)	method	v1		Shows a web browser window with the provided URL instead of a user-defined menu.
vrMenu	setUrl(url, width, height)	method	v1		Shows a web browser window with the provided URL instead of a user-defined menu.
vrMenu	setHtml(url)	method	v1		Shows a web browser window with the provided HTML code instead of a user-defined menu.
vrMenu	setHtml(url, width, height)	method	v1		Shows a web browser window with the provided HTML code instead of a user-defined menu.
vrMenu	setWindowResize(name, width, height)	method	v1		Shows a module window with the provided name, resizing it to width times height.
vrMenu	setAlpha(alpha)	method	v1		Sets the transparency of the menu.
vrMenu	nextFocus()	method	v1		Finds the next widget to give the keyboard focus on.
vrMenu	prevFocus()	method	v1		Finds the previous widget to give the keyboard focus on.
vrMenu	click()	method	v1		Clicks on the widget with the current focus.
vrMenu	setClickThroughAlphaThreshold(alpha)	method	v1		Sets the click-through alpha threshold of the menu.
vrMenu	getClickThroughAlphaThreshold()	method	v1		Returns the click-through alpha range value.
vrMenu	getImage(url)	method	v1		Returns the last clicked image.
vrMenu	getUrl()	method	v1		Returns the last clicked URL.
vrMenu	vrMenu_update(name)	method	v1		Updates the menu with the name provided.
vrMovieExport	createSnapshot(width, height)	method	v1		Opens a file dialog and writes the snapshot in the specified resolution with no supersampling.
vrMovieExport	createSnapshotStream(mime-type, width, height)	method	v1		Creates a snapshot stream with the specified MIME type and dimensions.
vrMovieExport	imageStream(function)	method	v1		Redirects image write operations of a function into a string which is returned.
vrMovieExport	imageStreamBase64(function)	method	v1		Redirects image write operations of a function into a Base64-encoded string.
vrMovieExport	createSnapshotFastInit(width, height)	method	v1		Initializes the fast snapshot method by setting the image resolution.
vrMovieExport	createSnapshotFast(filename)	method	v1		Creates a fast snapshot with the provided file name.
vrMovieExport	createSnapshotFastTerminate()	method	v1		Terminates the creation of a fast snapshot.
vrMovieExport	setSnapshotQuality(quality)	method	v1		Sets the quality of the image to be exported.
vrMovieExport	setSnapshotNoShowImage(state)	method	v1		Suppresses the image viewer from being shown after rendering.
vrMovieExport	getSnapshotNoShowImage()	method	v1	bool	Returns whether the image viewer is suppressed.
vrMovieExport	setSnapshotNoSound(state)	method	v1		Suppresses sound from being played after rendering.
vrMovieExport	getSnapshotNoSound()	method	v1	bool	Returns whether sound is suppressed after rendering.
vrMovieExport	setSnapshotICCProfile(profileID)	method	v1		Sets the ICC Profile to store with the output image.
vrMovieExport	setSnapshotEmbedMetaData(embedRenderSettings, embedCameraSettings, embedNodeVisibilities, embedSwitchNodeStates, embedSwitchMaterialStates)	method	v1		Sets which metadata to store within the output image.
vrMovieExport	createMovie(filename, width, height, fps, startFrame, stopFrame, ssf, alpha, alphaRed, alphaGreen, alphaBlue, overwrite)	method	v1		Creates a movie with the specified parameters.
vrMovieExport	renderAnimation(animation, filename, width, height, fps, startFrame, stopFrame, ssf, alpha, alphaRed, alphaGreen, alphaBlue, overwrite, alpha_premultiply)	method	v1		Writes an animation as a movie with the specified parameters.
vrMovieExport	renderStepAnimation(animation, filename, width, height, fps, startFrame, stopFrame, ssf, alpha, alphaRed, alphaGreen, alphaBlue, overwrite, alpha_premultiply, step)	method	v1		Writes an animation as a movie with the specified parameters and step size.
vrMovieExport	setActiveSnapshotMovieRenderPasses(beauty_pass, diffuse_ibl_pass, diffuse_light_pass, glossy_ibl_pass, glossy_light_pass, specular_reflection_pass, translucency_pass, incandescence_pass, diffuse_indirect_pass, glossy_indirect_pass, occlusion_pass, normal_pass, depth_pass, material_id_pass)	method	v1		Sets the active render passes for rendering a snapshot.
vrMovieExport	setCombinedChannelsRenderPasses(beauty_pass, diffuse_ibl_pass, diffuse_light_pass, glossy_ibl_pass, glossy_light_pass, specular_reflection_pass, translucency_pass, incandescence_pass, diffuse_indirect_pass, glossy_indirect_pass, transparency_pass, background_pass, volume_pass)	method	v1		Sets the active combined channels render passes.
vrMovieExport	setMaterialChannelsRenderPasses(diffuse_material_pass, glossy_material_pass, specular_material_pass, translucency_material_pass, transparency_material_pass, background_pass, incandescence_pass)	method	v1		Sets the active material channels render passes.
vrMovieExport	setIlluminationChannelsRenderPasses(diffuse_ibl_pass, glossy_ibl_pass, translucency_ibl_pass, diffuse_light_pass, glossy_light_pass, translucency_light_pass, diffuse_indirect_pass, glossy_indirect_pass, specular_indirect_pass, translucency_indirect_pass)	method	v1		Sets the active illumination channels render passes.
vrMovieExport	setAuxiliaryChannelsRenderPasses(occlusion_pass, normal_pass, depth_pass, material_id_pass, mask_pass, position_pass, view_vector_pass, cryptomatte_object_pass, cryptomatte_material_pass)	method	v1		Sets the active auxiliary channels render passes.
vrMovieExport	setImageProcessingRenderPasses(fog_pass, lens_flare_pass, backplate_pass, frontplate_pass)	method	v1		Sets the active image processing render passes.
vrMovieExport	resetActiveSnapshotMovieRenderPasses()	method	v1		Resets the active render passes for rendering a snapshot.
vrMovieExport	getLastRenderTime()	method	v1	float	Returns the duration in seconds of the last image render.
vrMovieExport	setExportTiffHDR(on)	method	v1		Enables or disables export of TIFF/PSD in HDR format.
vrMovieExport	getExportTiffHDR()	method	v1	bool	Returns whether TIFF/PSD is exported in HDR format.
vrMovieExport	setExportExrHalf(on)	method	v1		Enables or disables export of EXR format in 16-bit float.
vrMovieExport	getExportExrHalf()	method	v1	bool	Returns whether EXR is exported in 16-bit float format.
vrMovieExport	setExportMultiLayer(on)	method	v1		Enables or disables export of EXR/PSD as layers for render passes.
vrMovieExport	getExportMultiLayer()	method	v1	bool	Returns whether EXR/PSD is exported as layers for render passes.
vrMovieExport	setDepthMode(depthMode)	method	v1		Sets the depth mode for writing the depth pass.
vrMovieExport	getDepthMode()	method	v1	int	Returns the depth mode used to write the depth pass.
vrMovieExport	setDepthRange(min, max)	method	v1		Sets the range the depth is mapped to.
vrMovieExport	getDepthRange()	method	v1	tuple	Gets the range for mapping depth values.
vrMovieExport	setOcclusionRange(min, max)	method	v1		Sets the range used for ambient occlusion calculation.
vrMovieExport	getOcclusionRange()	method	v1	tuple	Gets the range used for ambient occlusion calculation.
vrMoviePlayer2	__init__(mat: vrMaterialPtr, filename: str)	method	v1		
vrMoviePlayer2	__init__(node1: vrNodePtr, filename: str, yuv: bool = False)	method	v1		
vrMoviePlayer2	__init__(node1: vrNodePtr, node2: vrNodePtr, filename: str, yuv: bool = False)	method	v1		
vrMoviePlayer2	setOpacity(opacity: float)	method	v1		Sets the opacity of the movie.
vrMoviePlayer2	enableFillColor(red: float, green: float, blue: float, alpha: float)	method	v1		Sets the fill color for keying on the movie.
vrMoviePlayer2	disableFillColor()	method	v1		Disables the fill color and only blends the alpha channel.
vrMoviePlayer2	enableChromaKeying(value: float, blendStart: float, blendEnd: float)	method	v1		Enables Chroma keying on the movie.
vrMoviePlayer2	disableChromaKeying()	method	v1		Disables Chroma keying on the movie.
vrMoviePlayer2	enableLuminanceKeying(value: float, blendStart: float, blendEnd: float)	method	v1		Enables Luminance keying on the movie.
vrMoviePlayer2	disableLuminanceKeying()	method	v1		Disables Luminance keying on the movie.
vrMoviePlayer2	enableSaturationKeying(value: float, blendStart: float, blendEnd: float)	method	v1		Enables Saturation keying on the movie.
vrMoviePlayer2	disableSaturationKeying()	method	v1		Disables Saturation keying on the movie.
vrMoviePlayer2	setLoop(state: bool)	method	v1		Sets repeat mode.
vrMoviePlayer2	setPlay(state: bool)	method	v1		Toggles between play and pause.
vrMoviePlayer2	setPosition(t: float)	method	v1		Set movie position.
vrMoviePlayer2	getPosition()	method	v1	float	Returns the movie position.
vrMoviePlayer2	getDuration()	method	v1	float	Returns the movie duration.
vrMoviePlayer2	getFrameNumber()	method	v1	int	Returns the current frame number.
vrMoviePlayer2	setFrameNumber(fn: int)	method	v1		Sets the current frame number.
vrMoviePlayer2	setPausedFrameNumber(fn: int)	method	v1		Sets the current frame number and pauses the movie.
vrMoviePlayer2	getFrameCount()	method	v1	int	Gets the frame count.
vrMoviePlayer2	getDroppedFrames()	method	v1	int	Returns the number of dropped frames.
vrMoviePlayer2	setPlaybackSpeed(r: float)	method	v1		Sets the playback speed of the movie.
vrMoviePlayer2	getPlaybackSpeed()	method	v1	float	Returns playback speed of the movie.
vrMoviePlayer2	setTransform(x: float, y: float, xscale: float, yscale: float)	method	v1		Transforms the movie.
vrNodePtr	toNode(id)	method	v1	vrNodePtr	Returns a node with the node id provided.
vrNodePtr	createLight(type)	method	v1		**Deprecated**. Use API v2 vrLightService.createLight(name, type) instead.
vrNodePtr	getID()	method	v1	unsigned int (32bit)	Returns the internal id of the node.
vrNodePtr	getPtr()	method	v1	NodePtr	Returns the OpenSG NodePtr.
vrNodePtr	isValid()	method	v1	bool	Returns true when the node is valid. Should be called for sanity reasons after searching a node with findNode.
vrNodePtr	setName(name)	method	v1		Sets the name of the node.
vrNodePtr	getName()	method	v1	string	Returns the name of the node.
vrNodePtr	isTransform()	method	v1	bool	Returns true if the node is a transform node.
vrNodePtr	makeTransform(search=False)	method	v1		Converts the node into a transform node.
vrNodePtr	makeComponentTransform()	method	v1		Converts the node into a component transform node.
vrNodePtr	getParent()	method	v1	vrNodePtr	Returns the parent node.
vrNodePtr	addChild(node)	method	v1		Adds a child node to a parent node.
vrNodePtr	subChild(node)	method	v1		Removes a child node from a parent node.
vrNodePtr	sub()	method	v1		Removes the node itself from the scenegraph.
vrNodePtr	getChild(id)	method	v1	vrNodePtr	Gets a child node by index in [0, n] or name.
vrNodePtr	getNChildren()	method	v1	unsigned integer	Gets the number of children.
vrNodePtr	copy()	method	v1	vrNodePtr	Creates a copy of the node.
vrNodePtr	clone()	method	v1	vrNodePtr	Creates a clone of the node.
vrNodePtr	setActive(state)	method	v1		Enables/disables rendering for this node.
vrNodePtr	getActive()	method	v1	bool	Returns the render state for this node.
vrNodePtr	getType()	method	v1	string	Returns the type for this node.
vrNodePtr	setTranslation(x, y, z)	method	v1		Sets the translation of a transform node.
vrNodePtr	setLocalTranslation(x, y, z)	method	v1		Same as setTranslation(x, y, z). Sets the translation of a transform node.
vrNodePtr	setWorldTranslation(x, y, z)	method	v1		Sets the translation of a transform node in world coordinates.
vrNodePtr	setRotation(x, y, z)	method	v1		Sets the rotation of a transform node.
vrNodePtr	setAxisRotation(axis, alpha)	method	v1		Rotates a transform node around an arbitrary axis.
vrNodePtr	setAxisRotation(ax, ay, az, bx, by, bz, alpha)	method	v1		Rotates a transform node around an arbitrary axis. Two sets of parameters are valid:
vrNodePtr	setScale(x, y, z)	method	v1		Sets the scale of a transform node.
vrNodePtr	setTransformMatrix(matrix, transposed)	method	v1		Sets the matrix of a matrix transform node.
vrNodePtr	getTranslation()	method	v1	list of floats (32bit)	Returns the translation of a transform node.
vrNodePtr	getLocalTranslation()	method	v1	list of floats (32bit)	Same as getTranslation(). Returns the translation of a transform node.
vrNodePtr	getWorldTranslation()	method	v1	list of floats (32bit)	Returns the translation of a transform node in world coordinates.
vrNodePtr	getRotation()	method	v1	list of floats (32bit)	Returns the rotation of a transform node.
vrNodePtr	getWorldRotation()	method	v1	list of floats (32bit)	Returns the world rotation of a transform node.
vrNodePtr	getScale()	method	v1	list of floats (32bit)	Returns the scale of a transform node.
vrNodePtr	getWorldScale()	method	v1	list of floats (32bit)	Returns the world scale of a transform node.
vrNodePtr	getWorldTransform()	method	v1	list of floats (32bit)	Returns the world transform matrix of a transform node.
vrNodePtr	getPositions()	method	v1	list of floats (32bit)	Returns the vertices of a geometry node.
vrNodePtr	getTexCoords()	method	v1	list of floats (32bit)	Returns the texture coordinates of a geometry node.
vrNodePtr	setPositions(positions)	method	v1		Sets the vertices of a geometry node.
vrNodePtr	setTexCoords(texCoords)	method	v1		Sets the texture coordinates of a geometry node.
vrNodePtr	getNormals()	method	v1	list of floats (32bit)	Returns the normals of a geometry node.
vrNodePtr	setNormals(normals)	method	v1		Sets the normals of a geometry node.
vrNodePtr	getDlistCache()	method	v1	bool	Returns the display list cache state.
vrNodePtr	setDlistCache(state)	method	v1		Enables or disables the display list cache.
vrNodePtr	getVBO()	method	v1	bool	Returns the VBO rendering state.
vrNodePtr	setVBO(state)	method	v1		Enables or disables VBO rendering.
vrNodePtr	getCenter()	method	v1	list of floats (32bit)	Returns the center of the node.
vrNodePtr	getBoundingBox()	method	v1	list of floats (32bit)	Returns the bounding box of the node.
vrNodePtr	getMaterial()	method	v1	vrMaterialPtr	Returns the material of a geometry node.
vrNodePtr	setMaterial(mat)	method	v1		Sets the material of a geometry node.
vrNodePtr	fields()	method	v1	vrFieldAccess	Provides access to the fields of the node core.
vrNodePtr	setFieldBool()	method	v1		Obsolete. Use the field access API (vrFieldAccess) instead.
vrNodePtr	setFieldInt16()	method	v1		Obsolete. Use the field access API (vrFieldAccess) instead.
vrNodePtr	setFieldUInt16()	method	v1		Obsolete. Use the field access API (vrFieldAccess) instead.
vrNodePtr	setFieldInt32()	method	v1		Obsolete. Use the field access API (vrFieldAccess) instead.
vrNodePtr	setFieldUInt32()	method	v1		Obsolete. Use the field access API (vrFieldAccess) instead.
vrNodePtr	setFieldReal32()	method	v1		Obsolete. Use the field access API (vrFieldAccess) instead.
vrNodePtr	setFieldReal64()	method	v1		Obsolete. Use the field access API (vrFieldAccess) instead.
vrNodePtr	setFieldVec2f()	method	v1		Obsolete. Use the field access API (vrFieldAccess) instead.
vrNodePtr	setFieldVec3f()	method	v1		Obsolete. Use the field access API (vrFieldAccess) instead.
vrNodePtr	setFieldVec4f()	method	v1		Obsolete. Use the field access API (vrFieldAccess) instead.
vrNodePtr	setFieldPnt2f()	method	v1		Obsolete. Use the field access API (vrFieldAccess) instead.
vrNodePtr	setFieldPnt3f()	method	v1		Obsolete. Use the field access API (vrFieldAccess) instead.
vrNodePtr	setFieldColor4f()	method	v1		Obsolete. Use the field access API (vrFieldAccess) instead.
vrNodePtr	setFieldString()	method	v1		Obsolete. Use the field access API (vrFieldAccess) instead.
vrNodePtr	setFieldNode()	method	v1		Obsolete. Use the field access API (vrFieldAccess) instead.
vrNodePtr	setTransparency(t)	method	v1		Sets the transparency of the node.
vrNodePtr	hasAttachment(fname)	method	v1	bool	Checks if the node has an attachment with the given name.
vrNodePtr	getAttachment(aname)	method	v1	FieldContainerPtr	Returns the attachment with the given name.
vrNodePtr	addAttachment(attachment)	method	v1	bool	Adds an attachment to the node.
vrNodePtr	subAttachment(attachment)	method	v1	bool	Removes an attachment from the node.
vrNodePtr	setAttribute(key, value)	method	v1		Sets an attribute of the node.
vrNodePtr	getAttribute(key)	method	v1	string	Gets the value of an attribute.
vrNodePtr	hasAttribute(key)	method	v1	bool	Checks if the node has an attribute with the given key.
vrNodePtr	removeAttribute(key)	method	v1		Removes an attribute from the node.
vrNodePtr	isAsset()	method	v1	bool	Checks if the node is an asset from the Asset Manager.
vrNodePtr	removeAssetManagerReference(nodes)	method	v1		Removes the Asset Manager reference for the given nodes.
vrNodePtr	isLight()	method	v1	bool	Checks if the node is a light source.
vrNodePtr	changeLightType(type)	method	v1	bool	Changes the type of the light source.
vrNodePtr	isAreaLight()	method	v1	bool	Checks if the node is an area light.
vrNodePtr	isDirectionalLight()	method	v1	bool	Checks if the node is a directional light.
vrNodePtr	isPointLight()	method	v1	bool	Checks if the node is a point light.
vrNodePtr	isSpotLight()	method	v1	bool	Checks if the node is a spot light.
vrNodePtr	isSphericalLight()	method	v1	bool	Checks if the node is a spherical light.
vrNodePtr	isDiskLight()	method	v1	bool	Checks if the node is a disk light.
vrNodePtr	isRectangularLight()	method	v1	bool	Checks if the node is a rectangular light.
vrNodePtr	isRayFileLight()	method	v1	bool	Checks if the node is a ray file light.
vrNodePtr	isLightOn()	method	v1	bool	Returns whether the light is on.
vrNodePtr	setLightOn(state)	method	v1		Turns the light on or off.
vrNodePtr	toggleLight()	method	v1		Toggles the light's state between on and off.
vrNodePtr	setLocalLight(state)	method	v1		Sets the light to local or global lighting.
vrNodePtr	isLocalLight()	method	v1	bool	Returns whether the light is local.
vrNodePtr	getShadowIntensity()	method	v1	float	Returns the shadow intensity of the light.
vrNodePtr	setShadowIntensity(value)	method	v1		Sets the shadow intensity of the light.
vrNodePtr	getGroundShadowIntensity()	method	v1	float	Returns the ground shadow intensity of the light.
vrNodePtr	setGroundShadowIntensity(value)	method	v1		Sets the ground shadow intensity of the light.
vrNodePtr	setCastShadowOnShadowMaterial(state)	method	v1		Sets whether the light casts a shadow on the shadow material.
vrNodePtr	getCastShadowOnShadowMaterial()	method	v1	bool	Returns whether the light casts a shadow on the shadow material.
vrNodePtr	setIlluminateShadowMaterial(state)	method	v1		Sets whether the light illuminates the shadow material.
vrNodePtr	getIlluminateShadowMaterial()	method	v1	bool	Returns whether the light illuminates the shadow material.
vrNodePtr	setShadowMapResolution(resolution)	method	v1		Sets the resolution of the shadow map.
vrNodePtr	getShadowMapResolution()	method	v1	int	For a light node, return the resolution of the shadow map used in rasterization (OpenGL and Vulkan)
vrNodePtr	setShadowMapFilterRadius(radius)	method	v1		Sets the radius for shadow map filtering.
vrNodePtr	getShadowMapFilterRadius()	method	v1	float	For a light node, return the radius for shadow map filtering in rasterization (OpenGL and Vulkan)
vrNodePtr	setLightImportanceMultiplier(value)	method	v1		Sets the importance multiplier for the light.
vrNodePtr	getLightImportanceMultiplier()	method	v1	float	Returns the importance multiplier of the light.
vrNodePtr	setLightConeAngle(angleInDegrees)	method	v1		Sets the cone angle of the light.
vrNodePtr	getLightConeAngle()	method	v1	float	Returns the cone angle of the light.
vrNodePtr	setLightPenumbraAngle(angleInDegrees)	method	v1		Sets the penumbra angle of the light.
vrNodePtr	getLightPenumbraAngle()	method	v1	float	Returns the penumbra angle of the light.
vrNodePtr	setDiffuseLightColor(r, g, b)	method	v1		Sets the diffuse color of the light.
vrNodePtr	getDiffuseLightColor()	method	v1	list of floats	Returns the diffuse color of the light.
vrNodePtr	setGlossyLightColor(r, g, b)	method	v1		Sets the glossy color of the light.
vrNodePtr	getGlossyLightColor()	method	v1	list of floats	Returns the glossy color of the light.
vrNodePtr	setUseLightTemperature(state)	method	v1		Sets whether the light uses the temperature value to determine its color.
vrNodePtr	getUseLightTemperature()	method	v1	bool	Returns whether the light uses the temperature value to determine its color.
vrNodePtr	setLightTemperature(kelvin)	method	v1		Sets the temperature used to determine the light color.
vrNodePtr	getLightTemperature()	method	v1	int	Returns the temperature used to determine the light color.
vrNodePtr	setLightIntensity(intensity)	method	v1		Sets the intensity of the light.
vrNodePtr	getLightIntensity()	method	v1	float	Returns the intensity of the light.
vrNodePtr	setAreaLightPrimaryVisibility(state)	method	v1		Sets whether the area light is visible for primary rays in Raytracing.
vrNodePtr	getAreaLightPrimaryVisibility()	method	v1	bool	Returns whether the area light is visible for primary rays in Raytracing.
vrNodePtr	setAreaLightVisibleInReflections(state)	method	v1		Sets whether the area light is visible in reflections in Raytracing.
vrNodePtr	getAreaLightVisibleInReflections()	method	v1	bool	Returns whether the area light is visible in reflections in Raytracing.
vrNodePtr	setAreaLightUseConeAngle(state)	method	v1		Sets whether the light uses spotlight angles to define its emission.
vrNodePtr	getAreaLightUseConeAngle()	method	v1	bool	Returns whether the light uses spotlight angles to define its emission.
vrNodePtr	setAreaLightStillFrameQuality(quality)	method	v1		Sets the still frame area light sampling quality level for Raytracing.
vrNodePtr	getAreaLightStillFrameQuality()	method	v1	int	Returns the still frame area light sampling quality level for Raytracing.
vrNodePtr	setAreaLightInteractiveQuality(quality)	method	v1		Sets the interactive area light sampling quality level for Raytracing.
vrNodePtr	getAreaLightInteractiveQuality()	method	v1	int	Returns the interactive area light sampling quality level for Raytracing.
vrNodePtr	setLightVisualizationScale(scale)	method	v1		Sets the scale of the light source visualization geometry.
vrNodePtr	getLightVisualizationScale()	method	v1	float	Returns the scale of the light source visualization geometry.
vrNodePtr	setLightVisualizationVisible(state)	method	v1		Sets whether the light source visualization is visible.
vrNodePtr	getLightVisualizationVisible()	method	v1	bool	Returns whether the light source visualization is visible.
vrNodePtr	loadIESProfile(filename)	method	v1	bool	Loads an IES file for the light.
vrNodePtr	setUseIESProfile(state)	method	v1		Enables or disables the IES profile for the light.
vrNodePtr	getUseIESProfile()	method	v1	bool	Returns whether the light uses an IES profile.
vrNodePtr	loadRayFile(filename)	method	v1	bool	Loads a ray file for the light.
vrNodePtr	deleteRayFile()	method	v1		Deletes the ray file of the light.
vrNodePtr	setRayFileVisualizationRayLength(length)	method	v1		Sets the length of the visualized rays in the viewport.
vrNodePtr	getRayFileVisualizationRayLength()	method	v1	float	Returns the length of the visualized rays in the viewport.
vrNodePtr	setRayFileVisualizationRayCount(count)	method	v1		Sets the number of visualized rays in the viewport.
vrNodePtr	getRayFileVisualizationRayCount()	method	v1	unsigned int	Returns the number of visualized rays in the viewport.
vrNodePtr	setRayFileUsePhotonsForDirectLighting(state)	method	v1		Sets whether the ray file light uses photons for direct lighting.
vrNodePtr	getRayFileUsePhotonsForDirectLighting()	method	v1	bool	Returns whether the ray file light uses photons for direct lighting.
vrNodePtr	setRayFileUseRandomSampling(state)	method	v1		Sets whether the ray file light uses random sampling for the rays.
vrNodePtr	getRayFileUseRandomSampling()	method	v1	bool	Returns whether the ray file light uses random sampling for the rays.
vrNodeUtils	createLine(ax, ay, az, bx, by, bz, red, green, blue)	function	v1	vrNodePtr	Creates a line from point a to point b in a given RGB color.
vrNodeUtils	createPlane(size_x, size_y, res_x, res_y, red, green, blue)	function	v1	vrNodePtr	Creates a plane object of size x/y in a given RGB color.
vrNodeUtils	createBox(size_x, size_y, size_z, res_x, res_y, res_z, red, green, blue, alpha=None)	function	v1	vrNodePtr	Creates a box object of size x/y/z in a given RGB color.
vrNodeUtils	createEnvBox(size, res_x, res_y, res_z, red, green, blue, transparency, texture)	function	v1	vrNodePtr	Creates a box with an environment texture.
vrNodeUtils	createCylinder(height, radius, sides, create_side, create_top, create_bottom, red, green, blue)	function	v1	vrNodePtr	Creates a cylinder, or parts of it, in a given size and color.
vrNodeUtils	createCone(height, radius, sides, create_side, create_bottom, red, green, blue)	function	v1	vrNodePtr	Creates a cone, or parts of it, in a given size and color.
vrNodeUtils	createSphere(resolution, radius, red, green, blue)	function	v1	vrNodePtr	Creates a sphere in a given size and color.
vrNodeUtils	createLatLongSphere(latres, longres, radius, red, green, blue)	function	v1	vrNodePtr	Creates a sphere in a given size and color, with two different resolutions.
vrNodeUtils	degToRad(degrees)	function	v1	float	Converts degrees to radians.
vrNodeUtils	optimizeTextures()	function	v1		Optimizes memory usage of textures. Will often lead to significant savings while maintaining quality.
vrNodeUtils	createAttachment(typeString)	function	v1	FieldContainerPtr	Creates a new attachment of a given type.
vrNodeUtils	convertAllToComponentTransform(root_node)	function	v1		Converts all Transform nodes of a given subgraph to VRML-ComponentTransform nodes.
vrNodeUtils	convertAllToTransform(root_node)	function	v1		Converts all Component transform nodes of a given subgraph to normal transform nodes.
vrNodeUtils	calcVertexNormals(root_node=None, angle=None)	function	v1		Calculates new and smooth vertex normals. There are three functions to generate vertex normals
vrNodeUtils	calcFaceNormals(root_node=None)	function	v1		Calculates new vertex normals based on face normals. There are two functions to generate them
vrNodeUtils	addFaceNormals(root_node=None)	function	v1		See calcFaceNormals with the exception that the calculation is only performed for geometries without normals. There are two functions to generate them
vrNodeUtils	swapNormals(root_node)	function	v1		Swaps the orientation of face and vertex normals. There are two functions to swap them
vrNodeUtils	normalizeNormals(root_node)	function	v1		Recalculates the vertex normals to have unit length. There are two functions to calculate them
vrNodeUtils	offsetAlongNormal(node, offset)	function	v1		Offsets the geometry's vertices along the vertex normal.
vrNodeUtils	getMirroredNodes(root_node, invert=False)	function	v1	list of vrNodePtrs	Returns all mirrored geometry nodes.
vrNodeUtils	calcFaceNormalRepresentation(length)	function	v1		Creates visualization geometry for face normals.
vrNodeUtils	calcVertexNormalRepresentation(length)	function	v1		Creates visualization geometry for vertex normals.
vrNodeUtils	calcVertexColorRepresentation(length)	function	v1		Creates visualization geometry for vertex colors.
vrNodeUtils	calcSecondaryColorRepresentation(length)	function	v1		Creates visualization geometry for secondary vertex colors.
vrNodeUtils	calcNormalAndBitangent(root_node, textureUnit, tangentTarget, binormalTarget)	function	v1		Calculates tangents and binormals depending on vertex normals and texture coordinates.
vrNodeUtils	updateAmbientOcclusionData(root_node)	function	v1		Fixes ambient occlusion calculations from old VRED versions.
vrNodeUtils	setDisplayList(node=None, enable)	function	v1		Enables or disables usage of display lists for rendering.
vrNodeUtils	setVBO(node=None, enable)	function	v1		Enables or disables usage of vertex buffer objects for rendering.
vrNodeUtils	cacheVBO(node=None)	function	v1		Rebuilds all vertex buffer objects for the whole scene or the given subtree node.
vrNodeUtils	downscaleTextures(factor)	function	v1		Downscale all textures within the scene.
vrNodeUtils	createMipmaps()	function	v1		Creates mipmaps for all textures.
vrNodeUtils	setTexturesPriority(priority)	function	v1		Changes the priority of all textures.
vrNodeUtils	findLargestGeometry(max_tris_limit)	function	v1	NodePtr	Returns the largest geometry with the number of triangles smaller than max_tris_limit.
vrNodeUtils	unshareCores(node)	function	v1		Removes core sharing.
vrNodeUtils	removeUnreferencedNodes(node)	function	v1		Removes unreferenced nodes.
vrNodeUtils	createShellNodes(node)	function	v1	bool	Converts groups to shell nodes if all children are surfaces.
vrNodeUtils	optimizeShellSurfaces(node)	function	v1		Reduces memory consumption of Shell Surfaces by removing their names and optimizing some additional data.
vrNodeUtils	normalizeSurfaces(root_node)	function	v1		Normalizes the knot vector of surfaces. This is required for NURBS raytracing and should be usually done on import.
vrNodeUtils	getBoundingBoxCenter(node, worldSpace)	function	v1	Vec3f	Gets the center of the object bounding volume.
vrNodeUtils	setIsVRNode(node, isVRNode)	function	v1		Sets the node to be a VR node.
vrNodeUtils	setGeometryType(nodes, geoTypes)	function	v1		Sets the geometry types for a list of nodes.
vrNodeUtils	isBSide(node)	function	v1	bool	Queries the B-Side flag of a node.
vrNodeUtils	setToBSide(node_or_nodes, isBSide)	function	v1		Sets the B-Side flag for the given node(s).
vrNodeUtils	swapVertexNormals(root_node)	function	v1		Swaps the orientation of vertex normals for the given node(s).
vrNodeUtils	swapFaceNormals(root_node)	function	v1		Swaps the orientation of face normals for the given node(s).
vrNodeUtils	getTransformNodeEulerRotationOrder(node)	function	v1		**Deprecated.** Use vrdTransformNode in API v2. Returns the Euler rotation order of the transform node.
vrNodeUtils	getTransformNodeRotatePivot(node, worldSpace)	function	v1		**Deprecated.** Use vrdTransformNode in API v2. Returns the rotate pivot.
vrNodeUtils	getTransformNodeRotatePivotTranslation(node)	function	v1		**Deprecated.** Use vrdTransformNode in API v2. Returns the rotate pivot translation.
vrNodeUtils	getTransformNodeRotation(node)	function	v1		**Deprecated.** Use vrdTransformNode in API v2. Returns the rotation (Euler angles).
vrNodeUtils	getTransformNodeRotationOrientation(node)	function	v1		**Deprecated.** Use vrdTransformNode in API v2. Returns the rotation orientation.
vrNodeUtils	getTransformNodeScale(node)	function	v1		**Deprecated.** Use vrdTransformNode in API v2. Returns the scale.
vrNodeUtils	getTransformNodeScalePivot(node, worldSpace)	function	v1		**Deprecated.** Use vrdTransformNode in API v2. Returns the scale pivot.
vrNodeUtils	getTransformNodeScalePivotTranslation(node)	function	v1		**Deprecated.** Use vrdTransformNode in API v2. Returns the scale pivot translation.
vrNodeUtils	getTransformNodeShear(node)	function	v1		**Deprecated.** Use vrdTransformNode in API v2. Returns the shear.
vrNodeUtils	getTransformNodeTranslation(node, worldSpace)	function	v1		**Deprecated.** Use vrdTransformNode in API v2. Returns the translation.
vrNodeUtils	setTransformNodeEulerRotationOrder(node, rotationOrder)	function	v1		**Deprecated.** Use vrdTransformNode in API v2. Sets the Euler rotation order.
vrNodeUtils	setTransformNodeRotatePivot(node, x, y, z, worldSpace)	function	v1		**Deprecated.** Use vrdTransformNode in API v2. Sets the rotate pivot.
vrNodeUtils	setTransformNodeRotatePivotTranslation(node, x, y, z)	function	v1		**Deprecated.** Use vrdTransformNode in API v2. Sets the rotate pivot translation.
vrNodeUtils	setTransformNodeRotation(node, x, y, z)	function	v1		**Deprecated.** Use vrdTransformNode in API v2. Sets the rotation (Euler angles).
vrNodeUtils	setTransformNodeRotationOrientation(node, x, y, z)	function	v1		**Deprecated.** Use vrdTransformNode in API v2. Sets the rotation orientation.
vrNodeUtils	setTransformNodeScale(node, x, y, z)	function	v1		**Deprecated.** Use vrdTransformNode in API v2. Sets the scale.
vrNodeUtils	setTransformNodeScalePivot(node, x, y, z, worldSpace)	function	v1		**Deprecated.** Use vrdTransformNode in API v2. Sets the scale pivot.
vrNodeUtils	setTransformNodeScalePivotTranslation(node, x, y, z)	function	v1		**Deprecated.** Use vrdTransformNode in API v2. Sets the scale pivot translation.
vrNodeUtils	setTransformNodeShear(node, xy, xz, yz)	function	v1		**Deprecated.** Use vrdTransformNode in API v2. Sets the shear.
vrNodeUtils	setTransformNodeTranslation(node, x, y, z, worldSpace)	function	v1		**Deprecated.** Use vrdTransformNode in API v2. Sets the translation.
Color3f	__init__(r: float, g: float, b: float)	method	v1		The constructor of the Color3f class.
Color3f	red()	method	v1	float	Returns the red component.
Color3f	green()	method	v1	float	Returns the green component.
Color3f	blue()	method	v1	float	Returns the blue component.
Color4f	__init__(r: float, g: float, b: float, a: float)	method	v1		The constructor of the Color4f class.
Color4f	red()	method	v1	float	Returns the red component.
Color4f	green()	method	v1	float	Returns the green component.
Color4f	blue()	method	v1	float	Returns the blue component.
Color4f	alpha()	method	v1	float	Returns the alpha component.
Vec2f	__init__(x: float, y: float)	method	v1		The constructor of the Vec2f class.
Vec2f	x()	method	v1	float	Returns the x component.
Vec2f	y()	method	v1	float	Returns the y component.
Vec3f	__init__(x: float, y: float, z: float)	method	v1		The constructor of the Vec3f class.
Vec3f	x()	method	v1	float	Returns the x component.
Vec3f	y()	method	v1	float	Returns the y component.
Vec3f	z()	method	v1	float	Returns the z component.
Vec4f	__init__(x: float, y: float, z: float, w: float)	method	v1		The constructor of the Vec4f class.
Vec4f	x()	method	v1	float	Returns the x component.
Vec4f	y()	method	v1	float	Returns the y component.
Vec4f	z()	method	v1	float	Returns the z component.
Vec4f	w()	method	v1	float	Returns the w component.
Pnt2f	__init__(x: float, y: float)	method	v1		The constructor of the Pnt2f class.
Pnt2f	x()	method	v1	float	Returns the x component.
Pnt2f	y()	method	v1	float	Returns the y component.
Pnt3f	__init__(x: float, y: float, z: float)	method	v1		The constructor of the Pnt3f class.
Pnt3f	x()	method	v1	float	Returns the x component.
Pnt3f	y()	method	v1	float	Returns the y component.
Pnt3f	z()	method	v1	float	Returns the z component.
Pnt4f	__init__(x: float, y: float, z: float, w: float)	method	v1		The constructor of the Pnt4f class.
Pnt4f	x()	method	v1	float	Returns the x component.
Pnt4f	y()	method	v1	float	Returns the y component.
Pnt4f	z()	method	v1	float	Returns the z component.
Pnt4f	w()	method	v1	float	Returns the w component.
vrOSGWidget	setViewportCamera(index, cameraNode)	method	v1		Sets the active camera for the given render window to the camera of the given camera node.
vrOSGWidget	createRenderWindow()	method	v1		Creates a new render window.
vrOSGWidget	destroyRenderWindow(index)	method	v1		Destroys a render window.
vrOSGWidget	moveRenderWindow(index, xPos, yPos)	method	v1		Moves a render window.
vrOSGWidget	resizeRenderWindow(index, width, height)	method	v1		Resizes a render window.
vrOSGWidget	setFixedRenderWindowSize(width, height)	method	v1		Sets a fixed size for the main render window. Pass -1, -1 for dynamic resolution.
vrOSGWidget	setFrom(index, point)	method	v1		Sets the camera "from" point.
vrOSGWidget	setAt(index, point)	method	v1		Sets the camera "at" point.
vrOSGWidget	setUp(index, vector)	method	v1		Sets the camera "up" vector.
vrOSGWidget	setRoll(index, roll)	method	v1		Sets the navigator roll.
vrOSGWidget	setPivot(index, point)	method	v1		Sets the navigator rotation pivot.
vrOSGWidget	setFromAtUp(index, from, at, up)	method	v1		Sets the camera "from", "at", and "up" parameters.
vrOSGWidget	getNavigationPivot(index)	method	v1	Pnt3f	Returns the navigation pivot.
vrOSGWidget	getFrom(index)	method	v1	Pnt3f	Returns the "from" point of the camera.
vrOSGWidget	getAt(index)	method	v1	Pnt3f	Returns the "at" point of the camera.
vrOSGWidget	getUp(index)	method	v1	Vec3f	Returns the "up" vector of the camera.
vrOSGWidget	setDistance(index, distance)	method	v1		Sets the camera distance.
vrOSGWidget	getHeightAboveGround(index)	method	v1	float	Returns the height of the camera above the ground.
vrOSGWidget	getHeightAboveGround(index, node)	method	v1	float	Returns the height above the ground.
vrOSGWidget	setCameraHeightAboveGround(index, relativeHeight)	method	v1		Set camera "relativeHeight" above the ground
vrOSGWidget	setCameraHeightAboveGround(index, relativeHeight, keepAt)	method	v1		Set camera "relativeHeight" above the ground.
vrOSGWidget	setCameraHeightAboveGround(index, relativeHeight, groundNode)	method	v1		Set camera "relativeHeight" above the ground. Primarily checking for the ground plane specified (if it has a Shadow material)
vrOSGWidget	getShadowPlane(rootNode, shadowPlaneNameRegexp)	method	v1	vrNodePtr	Returns the shadow plane node matching the given regular expression.
vrOSGWidget	showWholeScene()	method	v1		Displays the entire scene.
vrOSGWidget	zoomTo(node)	method	v1		Zooms to node.
vrOSGWidget	zoomTo(node, use_at)	method	v1		Zooms to node.
vrOSGWidget	updateAllMGLW()	method	v1		Updates all render widgets.
vrOSGWidget	updateAllMGLWAll()	method	v1		Updates all render widgets (all MGLW).
vrOSGWidget	compressTextures()	method	v1		Deprecated. Compresses all the textures.
vrOSGWidget	createBackplate()	method	v1		**Deprecated.**
vrOSGWidget	deleteBackplate()	method	v1		**Deprecated.**
vrOSGWidget	enableDrawAction(index, state)	method	v1		Enables or disables the draw action for the given render window.
vrOSGWidget	enableHeadlight(switch)	method	v1		Enables or disables the headlight.
vrOSGWidget	getBackplateMaterial()	method	v1	vrMaterialPtr	**Deprecated.**
vrOSGWidget	getCamNode(index)	method	v1	vrNodePtr	Returns the camera node for the given render window.
vrOSGWidget	getRoll(index)	method	v1	float	Returns the navigator roll.
vrOSGWidget	getUserNode(index)	method	v1	vrNodePtr	**Deprecated.** Please use get/setUserMatrix instead.
vrOSGWidget	getViewAt(index)	method	v1	Pnt3f	Returns the view "at" point (same as getAt).
vrOSGWidget	moveStatistic(x, y)	method	v1		Moves the statistic overlay.
vrOSGWidget	setCameraBeacon(index, beacon)	method	v1		**Deprecated.** Move the camera node instead.
vrOSGWidget	setDefaultCameraBeacons()	method	v1		**Deprecated.** Move the camera node instead.
vrOSGWidget	setMono(index, state)	method	v1		Sets mono (non-stereo) mode for the given render window.
vrOSGWidget	showADSKLogo(state)	method	v1		Shows or hides the Autodesk logo.
vrOSGWidget	showCoordinateSystem(switch)	method	v1		Sets display of the render coordinate systems.
vrOSGWidget	showStatistic(switch)	method	v1		Sets display of the render statistic.
vrOSGWidget	showVRECLogo(state)	method	v1		Shows or hides the VREC logo.
vrOSGWidget	getInternalBackplateMaterial()	method	v1	vrMaterialPtr	**Deprecated.** Returns the internal backplate material.
vrOSGWidget	resetOculusRiftOrientation()	method	v1		Resets the tracking origin according to the current headset location and sets the yaw orientation to the current headset yaw value. In 'Standing' mode, the trac
vrOSGWidget	setOculusRiftHmdCaps(caps)	method	v1		Deprecated.
vrOSGWidget	showOculusRiftPerformanceHUD(mode)	method	v1		Sets the Oculus Rift performance HUD.
vrOSGWidget	showPIVRLogo(state)	method	v1		Enable/disable Autodesk logo.
vrOSGWidget	setGradientBackground(index, colors, intervals)	method	v1		Sets a gradient background for the specified render widget.
vrOSGWidget	setAllGradientBackgrounds(colors, intervals)	method	v1		Sets a gradient background for all render widgets.
vrOSGWidget	setRenderQuality(quality)	method	v1		Sets the render quality.
vrOSGWidget	getRenderWindowWidth(index)	method	v1	int	Returns the render window width.
vrOSGWidget	getRenderWindowHeight(index)	method	v1	int	Returns the render window height.
vrOSGWidget	setWireframe(state)	method	v1		Sets wireframe rendering mode.
vrOSGWidget	getLastPickingNode()	method	v1	vrNodePtr	Returns the last picked node.
vrOSGWidget	getLastPickingPosition()	method	v1	Pnt3f	Returns the last picked position.
vrOSGWidget	getLastPickingMaterial()	method	v1	vrMaterialPtr	Returns the last picked material.
vrOSGWidget	createScreenshot(filename)	method	v1		Creates a screenshot of the render window and writes it to an image file.
vrOSGWidget	resetHMDPose()	method	v1		Resets the tracking to the current pose of the headset while using an HMD display mode.
vrOSGWidget	setDisplayMode(mode)	method	v1		Sets the display mode.
vrOSGWidget	setIdleWaitTime(seconds)	method	v1		Sets the time window in which an idle state is detected if no further activity occurs.
vrOSGWidget	getIdleWaitTime()	method	v1	float	Returns the idle wait time in seconds.
vrOSGWidget	isIdle()	method	v1	bool	Returns whether the render window is currently idle or not.
vrOSGWidget	setMouseButtonPreventsIdle(state)	method	v1		Sets whether holding a mouse button pressed in the render window without triggering changes prevents the idle state from being sent via VRED_MSG_IDLE.
vrOSGWidget	getMouseButtonPreventsIdle()	method	v1	bool	Returns whether holding a mouse button pressed in the render window without triggering changes prevents the idle state from being sent via VRED_MSG_IDLE.
vrOSGWidget	setUseLastDrawTree(state)	method	v1		Re-use old draw tree.
vrOSGWidget	setRenderFullscreen(state)	method	v1		Maximizes/minimizes the render widget.
vrOSGWidget	toggleFullscreen(index, multiDisplayFullscreen)	method	v1		Switches between fullscreen and normal mode.
vrOSGWidget	enableRender(state)	method	v1		Sets rendering state.
vrOSGWidget	enableAntialiasing(state)	method	v1		Sets anti-aliasing.
vrOSGWidget	getAntialiasingEnabled()	method	v1	bool	Checks if anti-aliasing is enabled.
vrOSGWidget	setDLSSQuality(quality)	method	v1		Sets the deep learning supersampling quality.
vrOSGWidget	getDLSSQuality()	method	v1	integer	Returns the current deep learning supersampling quality.
vrOSGWidget	setDLSSMaxPhaseCount(frameCount)	method	v1		Sets the number of frames DLSS renders before going idle.
vrOSGWidget	getDLSSMaxPhaseCount()	method	v1	integer	Returns the number of frames DLSS renders before going idle.
vrOSGWidget	resetDLSSHistory()	method	v1		Resets the DLSS history and restarts accumulation. This can be required when switching variants.
vrOSGWidget	setCameraPivotVisible(state)	method	v1		Enable/disable display of the camera pivot during navigation.
vrOSGWidget	getCameraPivotVisible()	method	v1	bool	Returns the visibility state of the camera pivot during navigation.
vrOSGWidget	setAuxiliaryNodesVisibleDuringAntialiasing(state)	method	v1		Enable/disable display of auxiliary nodes during antialiasing.
vrOSGWidget	getAuxiliaryNodesVisibleDuringAntialiasing()	method	v1	bool	Returns the visibility state of the auxiliary nodes during antialiasing.
vrOSGWidget	setWireframeSelection(state)	method	v1		Sets wireframe selection mode.
vrOSGWidget	cancelAntialiasing()	method	v1		Cancels the still anti-aliasing.
vrOSGWidget	setPostprocessAntialiasingMode(mode)	method	v1		Enables/Disables postprocessing antialiasing.
vrOSGWidget	setOculusRiftTracking(state)	method	v1		Windows only: Enables/Disables tracking of the Oculus Rift.
vrOSGWidget	setOculusRiftTrackingOriginType(originType)	method	v1		Windows only: Sets the tracking origin type for the Oculus Rift.
vrOSGWidget	getOculusRiftTrackingOriginType()	method	v1	int	Windows only: Retrieves the tracking origin type for the Oculus Rift.
vrOSGWidget	setOculusRiftTrackingOrigin(position)	method	v1		Sets the tracking reference origin for Oculus Rift tracking. Use it to correct any offsets in the scene.
vrOSGWidget	getOculusRiftTrackingOrigin()	method	v1	Pnt3f	Returns the Oculus Rift tracking reference origin.
vrOSGWidget	setCameraPivotAlwaysVisible(state)	method	v1		Enable/disable display of the camera pivot while not navigating.
vrOSGWidget	getCameraPivotAlwaysVisible()	method	v1	bool	Returns the visibility state of the camera pivot while not navigating.
vrOSGWidget	setRenderWindowDocked(index, state)	method	v1		Docks a render window.
vrOSGWidget	getRenderWindowCount()	method	v1	int	Returns the number of render windows.
vrOSGWidget	setNear(near)	method	v1		Sets the near clipping plane.
vrOSGWidget	getNear()	method	v1	float	Gets the near clipping plane.
vrOSGWidget	setFar(far)	method	v1		Sets the far clipping plane.
vrOSGWidget	getFar()	method	v1	float	Gets the far clipping plane.
vrOSGWidget	setFov(fov)	method	v1		Sets the field of view.
vrOSGWidget	getFov()	method	v1	float	Gets the field of view.
vrOSGWidget	setAspect(aspect)	method	v1		Sets the aspect ratio.
vrOSGWidget	getAspect()	method	v1	float	Gets the aspect ratio.
vrOSGWidget	setRenderRoot(index, root)	method	v1		Sets the render root for a specific render window.
vrOSGWidget	getRenderRoot(index)	method	v1	vrNodePtr	Gets the render root for a specific render window.
vrOSGWidget	setRenderRoots(index, roots)	method	v1		Sets multiple render roots for a specific render window.
vrOSGWidget	getRenderRoots(index)	method	v1	list[vrNodePtr]	Gets the list of render roots for a specific render window.
vrOSGWidget	setIsolateView(index, roots)	method	v1		Sets the isolate view on the provided objects for a specific render window.
vrOSGWidget	resetIsolateView(index)	method	v1		Resets the isolate view for a specific render window.
vrOSGWidget	setActiveRenderPass(passID, index)	method	v1		Sets the active render pass for a specific render window.
vrOSGWidget	resetRenderRoots()	method	v1		Resets all render roots to their default state.
vrOSGWidget	refreshAllGLObjects()	method	v1		Refreshes all existing OpenGL objects.
vrOSGWidget	reinitializeAllGLObjects()	method	v1		Reinitializes all OpenGL objects to improve rendering performance.
vrOSGWidget	setNavigationSpeedMode(mode)	method	v1		Sets the navigator speed mode for two-axis and trackball navigation modes.
vrOSGWidget	getNavigationSpeedMode()	method	v1	int	Gets the navigator speed mode.
vrOSGWidget	setDollySpeed(scalefactor)	method	v1		Sets the scale factor for the navigator dolly speed.
vrOSGWidget	getDollySpeed()	method	v1	float	Gets the scale factor of the navigator dolly speed.
vrOSGWidget	setPanningSpeed(scalefactor)	method	v1		Sets the scale factor for the navigator panning speed when pivot-based panning or linear navigation is turned on.
vrOSGWidget	getPanningSpeed()	method	v1	float	Gets the scale factor of the navigator panning speed.
vrOSGWidget	setUsePivotBasedPanning(state)	method	v1		Sets the navigator panning mode to be based on the pivot.
vrOSGWidget	getUsePivotBasedPanning()	method	v1	bool	Gets the panning mode of the navigator.
vrOSGWidget	setInteractionMode(mode)	method	v1		Sets the interaction mode.
vrOSGWidget	getInteractionMode()	method	v1	int	Gets the interaction mode.
vrOSGWidget	setRenderRegion(on, startX, startY, endX, endY)	method	v1		Sets render region parameters.
vrOSGWidget	enableRenderRegion(state)	method	v1		Enables or disables region rendering.
vrOSGWidget	setShadow(state)	method	v1		Sets shadow state.
vrOSGWidget	setShadowMapUpdates(state)	method	v1		Enables or disables updates to the shadow map.
vrOSGWidget	getShadowMapUpdates()	method	v1	bool	Returns whether shadow map updates are enabled or disabled.
vrOSGWidget	setCameraRotation(x, y)	method	v1		Rotates the camera.
vrOSGWidget	setCameraPanning(x, y)	method	v1		Pans the camera.
vrOSGWidget	setCameraZoom(distance)	method	v1		Zooms the camera.
vrOSGWidget	setCameraScale(x, y, z)	method	v1		Scales the camera, e.g., for vertical flipping (1, -1, 1).
vrOSGWidget	setKeepRaytracingStructure(state)	method	v1		Enables or disables keeping of the raytracing structure.
vrOSGWidget	setSpaceMouseHeight(height)	method	v1		Sets a fixed height in spacemouse mode.
vrOSGWidget	setUseSpaceMouseHeight(state)	method	v1		Sets whether a fixed height is used or not in spacemouse mode.
vrOSGWidget	setSpaceMouseTwoAxis(state)	method	v1		Sets the two-axis mode for the spacemouse.
vrOSGWidget	setSpaceMouseViewMode(mode)	method	v1		Sets the spacemouse view mode.
vrOSGWidget	setSpaceMousePivotMode(mode)	method	v1		Sets the spacemouse pivot mode.
vrOSGWidget	setSAAWindow(id)	method	v1		Sets the still anti-aliasing window. -1 means use the window with focus.
vrOSGWidget	getSAAWindow()	method	v1	int	Returns the still anti-aliasing window.
vrOSGWidget	setShowABSides(showASides, showBSides)	method	v1		Enable or disable the rendering of A and B sides.
vrOSGWidget	getShowASides()	method	v1	bool	Returns the state of the A side rendering flag.
vrOSGWidget	getShowBSides()	method	v1	bool	Returns the state of the B side rendering flag.
vrOSGWidget	setBackplate(state)	method	v1		Deprecated. See enableBackplates(state)
vrOSGWidget	setBackplate(state, index)	method	v1		Deprecated. See enableBackplates(state, index)
vrOSGWidget	enableBackplates(state)	method	v1		Enables or disables backplate rendering for the active render window.
vrOSGWidget	enableBackplates(state, index)	method	v1		Enables or disables backplate rendering for the given render window.
vrOSGWidget	getBackplatesEnabled()	method	v1	bool	Returns if backplate rendering is enabled for the active render window.
vrOSGWidget	getBackplatesEnabled(index)	method	v1	bool	Returns if backplate rendering is enabled for the given render window.
vrOSGWidget	enableFrontplates(state)	method	v1		Enables or disables frontplate rendering for the active render window.
vrOSGWidget	enableFrontplates(state, index)	method	v1		Enables or disables frontplate rendering for the given render window.
vrOSGWidget	getFrontplatesEnabled()	method	v1	bool	Returns if frontplate rendering is enabled for the active render window.
vrOSGWidget	getFrontplatesEnabled(index)	method	v1	bool	Returns if frontplate rendering is enabled for the given render window.
vrOSGWidget	enableSceneplates(state)	method	v1		Enables or disables sceneplate rendering for the active render window.
vrOSGWidget	enableSceneplates(state, index)	method	v1		Enables or disables sceneplate rendering for the given render window.
vrOSGWidget	getSceneplatesEnabled()	method	v1	bool	Returns if sceneplate rendering is enabled for the active render window.
vrOSGWidget	getSceneplatesEnabled(index)	method	v1	bool	Returns if sceneplate rendering is enabled for the given render window.
vrOSGWidget	setSuperSampling(state)	method	v1		Enables or disables super sampling (Realtime Antialiasing).
vrOSGWidget	getSuperSampling()	method	v1	bool	Checks if super sampling is enabled (Realtime Antialiasing).
vrOSGWidget	setSuperSamplingQuality(quality)	method	v1		Sets the super sampling quality (Realtime Antialiasing). Note: To enable Realtime Antialiasing, you must also call setSuperSampling(True).
vrOSGWidget	getSuperSamplingQuality()	method	v1	int	Returns the current Realtime Antialiasing quality.
vrOSGWidget	setSuperSamplingOnCameraMovement(state)	method	v1		Enables or disables super sampling (Realtime Antialiasing) on camera movements.
vrOSGWidget	setHighQualityAntialiasing(state)	method	v1		Enables or disables high-quality antialiasing.
vrOSGWidget	setRealisticRendering(state)	method	v1		Enables or disables realistic rendering. If nothing else is chosen, this is the default rendering mode.
vrOSGWidget	setAnalyticRendering(state)	method	v1		Enables or disables analytic rendering.
vrOSGWidget	setFaceNormalRendering(state)	method	v1		Enables or disables face normal rendering.
vrOSGWidget	setDiscontinuityRendering(state)	method	v1		Enables or disables surface analysis rendering.
vrOSGWidget	setClusterCameraConnection(state)	method	v1		Sets the connection of the cameras in a cluster.
vrOSGWidget	setCameraConstraint(camera_constraint, min_dist=None)	method	v1		Sets the camera constraint and optionally the minimum distance.
vrOSGWidget	setSelectionMode(mode)	method	v1		Sets the selection mode.
vrOSGWidget	setForceTransparentObjectSelection(state)	method	v1		Enables or disables the selection of objects with a 100% transparent material in the render window.
vrOSGWidget	addRenderOverlay(name, width=None, height=None)	method	v1		Adds a render overlay.
vrOSGWidget	subRenderOverlay(name)	method	v1		Removes a render overlay.
vrOSGWidget	getSceneIntersection(index, rayOrigin, rayDirection)	method	v1	tuple of vrNodePtr, Pnt3f, Vec3f, Vec2f	Returns the intersection of the given ray with the scene.
vrOSGWidget	getSceneIntersection(index, xCoord, yCoord)	method	v1	tuple of vrNodePtr, Pnt3f, Vec3f, Vec2f	Returns the intersection of the given pixel coordinates with the scene.
vrOSGWidget	getMousePosition(index)	method	v1	list[int]	Returns the current pixel coordinates of the mouse over the given render window.
vrOSGWidget	getFPS()	method	v1	float	Returns the current number of frames per second.
vrOSGWidget	getAverageFPS()	method	v1	float	Returns the average number of frames per second.
vrOSGWidget	setUseBake(flag, state)	method	v1		Enables or disables individual baking components to be used by 3D rendering. This applies to both vertex and texture baking. By default, all components are on.
vrOSGWidget	getUseBake(flag)	method	v1	bool	Returns whether individual baking components are enabled to be used by 3D rendering.
vrOSGWidget	setSeparateBakeColor(color)	method	v1		Sets the color multiplier for the baked separate illumination in 3D rendering. Default is white.
vrOSGWidget	getSeparateBakeColor()	method	v1	Color3f	Returns the color multiplier for the baked separate illumination in 3D rendering.
vrOSGWidget	setSeparateBakeIntensity(intensity)	method	v1		Sets the intensity multiplier for the baked separate illumination in 3D rendering. Default is 1.0.
vrOSGWidget	getSeparateBakeIntensity()	method	v1	float	Returns the intensity multiplier for the baked separate illumination in 3D rendering.
vrOSGWidget	setLightmapGPUTextureCompression(state)	method	v1		Enables or disables GPU texture compression for lightmaps to reduce memory consumption on the GPU for OpenGL rendering. Currently, only separate lightmaps are c
vrOSGWidget	getLightmapGPUTextureCompression()	method	v1	bool	Returns whether GPU texture compression is enabled for lightmaps in OpenGL rendering.
vrOSGWidget	setDepthPeeling(state)	method	v1		Enables or disables depth peeling in OpenGL. Default is off in OpenGL. Vulkan always uses depth peeling.
vrOSGWidget	getDepthPeeling()	method	v1	bool	Returns whether depth peeling is enabled in rasterization (OpenGL, Vulkan). Vulkan always uses depth peeling.
vrOSGWidget	setDepthPeelingLayers(layers)	method	v1		Sets the number of layers to peel for depth peeling in rasterization (OpenGL, Vulkan).
vrOSGWidget	getDepthPeelingLayers()	method	v1	int	Returns the number of layers that are peeled for depth peeling in rasterization (OpenGL, Vulkan).
vrOSGWidget	getDepthShouldIncludeTransparentObjects()	method	v1	bool	Returns if depth render output should include transparent objects.
vrOSGWidget	setDepthShouldIncludeTransparentObjects(state)	method	v1		Enables or disables depth render output including transparent objects.
vrOSGWidget	setOcclusionCulling(state)	method	v1		Enables or disables occlusion culling.
vrOSGWidget	setOcclusionCullingMode(mode)	method	v1		Sets the occlusion culling mode (experimental).
vrOSGWidget	setFrustumCulling(state)	method	v1		Enables or disables frustum culling.
vrOSGWidget	setAutoFrustum(state)	method	v1		Enables or disables auto frustum.
vrOSGWidget	setVolumeDrawing(state)	method	v1		Enables or disables volume drawing mode.
vrOSGWidget	setBackfaceCulling(state)	method	v1		Enables or disables backface culling for the entire scene.
vrOSGWidget	setRaytracingDownscaleFactor(factor)	method	v1		Sets the raytracing downscale factor.
vrOSGWidget	getRaytracingDownscaleFactor()	method	v1	int	Returns the raytracing downscale factor.
vrOSGWidget	enableRaytracingDownscale(state)	method	v1		Enables or disables raytracing downscale.
vrOSGWidget	isRaytracingDownscaleEnabled()	method	v1	bool	Checks if raytracing downscale is enabled.
vrOSGWidget	setEvaluateClipping(state)	method	v1		Enables or disables clipping plane evaluation in OpenGL. Default is on.
vrOSGWidget	setTextureCompression(state)	method	v1		Sets the OpenGL texture compression state.
vrOSGWidget	isDLSSSupported()	method	v1	bool	Returns whether deep learning supersampling (DLSS) is supported.
vrOSGWidget	setOpenGLDebugging(state)	method	v1		Enables or disables OpenGL debugging. This currently only works on Nvidia Quadro hardware.
vrOSGWidget	setCPUProfiling(state)	method	v1		Enables or disables basic CPU function profiling. Output will only be written to the console.
vrOSGWidget	setUseMulticastSLI(state)	method	v1		Enables or disables the use of multicast SLI for stereo rendering if present.
vrOSGWidget	getUseMulticastSLI()	method	v1	bool	Returns whether multicast SLI is enabled for stereo rendering.
vrOSGWidget	setUseSinglePassStereo(state)	method	v1		Enables or disables the use of single-pass stereo rendering if supported.
vrOSGWidget	getUseSinglePassStereo()	method	v1	bool	Returns whether single-pass stereo rendering is enabled.
vrOSGWidget	setUseBindless(state)	method	v1		Enables or disables the use of bindless graphics extension if available.
vrOSGWidget	getUseBindless()	method	v1	bool	Returns whether bindless graphics is enabled.
vrOSGWidget	setFreezeOcclusionCulling(state)	method	v1		Freezes the current state of occlusion culling for debugging purposes.
vrOSGWidget	setVSyncInterval(interval)	method	v1		Sets the V-Sync swap interval.
vrOSGWidget	setProfilingInterval(seconds)	method	v1		Sets the measuring interval for CPU profiling.
vrOSGWidget	setProfilingPruningLimit(milliseconds)	method	v1		Sets a pruning limit for CPU profiling. Functions requiring less time than the limit will be filtered.
vrOSGWidget	startStatisticsRecording(index)	method	v1		Starts recording statistical data for the given render window.
vrOSGWidget	stopStatisticsRecording(index)	method	v1		Stops recording statistical data for the given render window.
vrOSGWidget	setVariableRateShadingMode(mode)	method	v1		Sets the shading rate mode.
vrOSGWidget	getVariableRateShadingMode()	method	v1	int	Returns the current shading rate mode.
vrOSGWidget	setVariableRateShadingQuality(quality)	method	v1		Sets a predefined shading quality for uniform and foveated rendering.
vrOSGWidget	getVariableRateShadingQuality()	method	v1	int	Returns the current shading quality.
vrOSGWidget	setMotionFactor(factor)	method	v1		Sets the motion factor.
vrOSGWidget	getMotionFactor()	method	v1	float	Returns the current motion factor.
vrOSGWidget	setNavMode(mode)	method	v1		Switches between different navigation modes.
vrOSGWidget	setNavOrbitMode(enabled)	method	v1		Sets navigation orbit mode to on/off.
vrOSGWidget	setFlyMode(switch)	method	v1		Switches between virtual trackball and fly navigation.
vrOSGWidget	setAllNavigationsEnabled(state)	method	v1		Activates navigation for all MGLW.
vrOSGWidget	setSortTrans(switch)	method	v1		Sets transparent sorting.
vrOSGWidget	setZWriteTrans(switch)	method	v1		Sets Z write transparency.
vrOSGWidget	setLocalLights(switch)	method	v1		Sets local light source mode.
vrOSGWidget	setFrustum(switch, left, right, bottom, top)	method	v1		Sets the camera frustum.
vrOSGWidget	setTransformNodeSelectionPressed(node)	method	v1		Selects a transform node by mouse press event.
vrOSGWidget	setTransformNodeSelectionReleased(node)	method	v1		Deselects a transform node by mouse release event.
vrOSGWidget	setStillDOF(state, radius, focaldistance=None)	method	v1		Enables depth of field.
vrOSGWidget	setSnapshotFrame(state, width, height)	method	v1		Shows a snapshot frame. When switched on, changes offline render resolution in the Render Settings module.
vrOSGWidget	showViewCube(state)	method	v1		Shows the view cube.
vrOSGWidget	showProgressCursor(state)	method	v1		Shows the progress cursor.
vrOSGWidget	setCameraZUp(state)	method	v1		Sets the camera Z-up orientation.
vrOSGWidget	showInitialView()	method	v1		Shows the initial view.
vrOSGWidget	setGenlocking(state)	method	v1		Enables or disables genlocking.
vrOSGWidget	getGenlockingFrameCount()	method	v1	int	Returns the current genlocking frame count.
vrOSGWidget	setEyeSeparation(index, separation)	method	v1		Sets the eye separation factor for stereo rendering.
vrOSGWidget	setZeroParallaxDistance(index, distance)	method	v1		Sets the zero parallax distance for stereo rendering.
vrOSGWidget	adaptZeroParallaxDistance(index)	method	v1		Automatically adjusts the zero parallax distance for stereo rendering.
vrOSGWidget	enableStereo(window, state, passive, mode, es, zp)	method	v1	bool	Enables stereo rendering.
vrOSGWidget	enablePowerwall(window, state)	method	v1	bool	Enables local powerwall mode.
vrOSGWidget	setPowerwallWindow(window, width, height, distance)	method	v1		Sets the size of the virtual powerwall window in world coordinates.
vrOSGWidget	showBanner(text, t=None, bcolor=None, width=None, height=None)	method	v1		Shows a banner on all render widgets.
vrOSGWidget	hideBanner()	method	v1		Hides the banner.
vrOSGWidget	clearRecordedStatistics(index)	method	v1		Deletes all recorded statistics of the given render window.
vrOSGWidget	writeRecordedStatistics(index, path)	method	v1		Writes all recorded statistics of the given render window to a CSV file.
vrOSGWidget	setUseVariableRateShading(state)	method	v1		Enables or disables variable rate shading.
vrOSGWidget	getUseVariableRateShading()	method	v1	bool	Returns whether variable rate shading is enabled.
vrOSGWidget	setDetailedGPUProfiling(state)	method	v1		Enables or disables detailed GPU profiling. Turning this on will have a large performance impact but provides more detailed measurements.
vrOSGWidget	resetGenlockingFrameCount()	method	v1		Resets the genlocking frame count.
vrOSGWidget	setDepthOnlyPass(state)	method	v1		Enables or disables the depth-only pass state. If enabled, the scene is rendered without shaders first to fill the depth buffer and then again to execute the sh
vrOSGWidget	setUseCommandList(state)	method	v1		Deprecated: Command lists are not supported.
vrOSGWidget	getUseCommandList()	method	v1	bool	Deprecated: Command lists are not supported.
vrOSGWidget	setCorrectDoubleSidedLighting(state)	method	v1		Deprecated.
vrOSGWidget	setDoubleSidedLighting(state)	method	v1		Deprecated.
vrOSGWidget	setTwoSidedLighting(state)	method	v1		Deprecated.
vrOSGWidget	setSpecTexLighting(state)	method	v1		Deprecated.
vrOSGWidget	setShadeTileSize(size)	method	v1		Deprecated.
vrOSGWidget	setGrainSize(size)	method	v1		Deprecated.
vrOSGWidget	toggleRaytracing(state)	method	v1		Toggles raytracing on/off. Same as enableRaytracing.
vrOSGWidget	enableRaytracing(state)	method	v1		Enables or disables raytracing. This is the same as toggleRaytracing.
vrOSGWidget	getRaytracingEnabled()	method	v1	bool	Checks, if raytracing is enabled.
vrOSGWidget	setAORendering(state)	method	v1		Enables or disables ambient occlusion rendering.
vrOSGWidget	setAOShadowsVisible(state)	method	v1		Enables or disables ambient occlusion shadows for rasterization (OpenGL, Vulkan).
vrOSGWidget	setScreenspaceAO(state)	method	v1		Enables or disables screen space ambient occlusion in rasterization (OpenGL, Vulkan). Default is off.
vrOSGWidget	setIndirectRendering(state)	method	v1		Deprecated. Enables or disables precomputed illumination renderin
vrOSGWidget	setPrecomputedRendering(state)	method	v1		Enables or disables precomputed illumination rendering.
vrOSGWidget	setNodeMaterial(node, material)	method	v1		Sets a temporary override for the material a node uses for rendering in OpenGL. Use resetNodeMaterial to reset the override to its original state.
vrOSGWidget	getNodeMaterial(node)	method	v1	MaterialPtr	Returns the temporary override material a node uses in OpenGL.
vrOSGWidget	resetNodeMaterial(node)	method	v1		Resets the temporary node material override.
vrOSGWidget	resetNodeMaterials()	method	v1		Resets all temporary node material overrides.
vrOSGWidget	getUserMatrix()	method	v1	list[float]	Gets the user projection transform matrix (column-wise).
vrOSGWidget	setUserMatrix(id, matrix)	method	v1		Sets the user projection transform matrix (column-wise).
vrOSGWidget	getUserCameraMatrix(userId, cameraName)	method	v1	list[float]	Gets the user projection camera world matrix (column-wise).
vrOSGWidget	getUserCameraMatrix(userId, windowId)	method	v1	list[float]	Gets the user projection camera world matrix (column-wise).
vrOSGWidget	getViewRay(index, xCoord, yCoord)	method	v1	tuple of Pnt3f and Vec3f	Returns a ray that starts at the active camera and goes through the pixel at the given coordinates (x, y) in the render window.
vrOculusTouchController	controllerMoved()	method	v1		SIGNAL is called constantly when the controller moves.
vrOculusTouchController	button0Pressed()	method	v1		SIGNAL is emitted when the X or A button is pressed.
vrOculusTouchController	button0Released()	method	v1		SIGNAL is emitted when the X or A button is released.
vrOculusTouchController	button0IsPressed()	method	v1		SIGNAL is emitted while the X or A button is pressed down.
vrOculusTouchController	isButton0Pressed()	method	v1	bool	Returns the pressed state of the X or A button.
vrOculusTouchController	button0Touched()	method	v1		SIGNAL is emitted when the X or A button is touched.
vrOculusTouchController	button0Untouched()	method	v1		SIGNAL is emitted when the X or A button is untouched.
vrOculusTouchController	button0IsTouched()	method	v1		SIGNAL is emitted while the X or A button is touched.
vrOculusTouchController	isButton0Touched()	method	v1	bool	Returns the touch state of the X or A button.
vrOculusTouchController	button1Pressed()	method	v1		SIGNAL is emitted when the Y or B button is pressed.
vrOculusTouchController	button1Released()	method	v1		SIGNAL is emitted when the Y or B button is released.
vrOculusTouchController	button1IsPressed()	method	v1		SIGNAL is emitted while the Y or B button is pressed down.
vrOculusTouchController	isButton1Pressed()	method	v1	bool	Returns the pressed state of the Y or B button.
vrOculusTouchController	button1Touched()	method	v1		SIGNAL is emitted when the Y or B button is touched.
vrOculusTouchController	button1Untouched()	method	v1		SIGNAL is emitted when the Y or B button is untouched.
vrOculusTouchController	button1IsTouched()	method	v1		SIGNAL is emitted while the Y or B button is touched.
vrOculusTouchController	isButton1Touched()	method	v1	bool	Returns the touch state of the Y or B button.
vrOculusTouchController	thumbstickPressed()	method	v1		SIGNAL is emitted when the thumbstick is pressed.
vrOculusTouchController	thumbstickReleased()	method	v1		SIGNAL is emitted when the thumbstick is released.
vrOculusTouchController	thumbstickIsPressed()	method	v1		SIGNAL is emitted while the thumbstick is pressed down.
vrOculusTouchController	isThumbstickPressed()	method	v1	bool	Returns the pressed state of the thumbstick.
vrOculusTouchController	thumbstickTouched()	method	v1		SIGNAL is emitted when the thumbstick button is touched.
vrOculusTouchController	thumbstickUntouched()	method	v1		SIGNAL is emitted when the thumbstick button is untouched.
vrOculusTouchController	thumbstickIsTouched()	method	v1		SIGNAL is emitted while the thumbstick button is touched.
vrOculusTouchController	isThumbstickTouched()	method	v1	bool	Returns the touch state of the thumbstick button.
vrOculusTouchController	thumbstickChanged(position)	method	v1		SIGNAL is called when the position on the thumbstick changed.
vrOculusTouchController	getThumbstickPosition()	method	v1	Vec2f	Returns the current position on the thumbstick.
vrOculusTouchController	triggerPressed()	method	v1		SIGNAL is emitted when the trigger button is pressed.
vrOculusTouchController	triggerReleased()	method	v1		SIGNAL is emitted when the trigger button is released.
vrOculusTouchController	triggerIsPressed()	method	v1		SIGNAL is emitted while the trigger button is pressed down.
vrOculusTouchController	isTriggerPressed()	method	v1	bool	Returns the pressed state of the trigger button.
vrOculusTouchController	triggerTouched()	method	v1		SIGNAL is emitted when the trigger button is touched.
vrOculusTouchController	triggerUntouched()	method	v1		SIGNAL is emitted when the trigger button is untouched.
vrOculusTouchController	triggerIsTouched()	method	v1		SIGNAL is emitted while the trigger button is touched.
vrOculusTouchController	isTriggerTouched()	method	v1	bool	Returns the touch state of the trigger button.
vrOculusTouchController	triggerChanged(value)	method	v1		SIGNAL is called when the value of the trigger is changed.
vrOculusTouchController	getTriggerRatio()	method	v1	float	Returns the current value of the trigger.
vrOculusTouchController	handTriggerPressed()	method	v1		SIGNAL is emitted when the hand trigger button (grip button) is pressed.
vrOculusTouchController	handTriggerReleased()	method	v1		SIGNAL is emitted when the hand trigger button (grip button) is released.
vrOculusTouchController	handTriggerIsPressed()	method	v1		SIGNAL is emitted while the hand trigger button (grip button) is pressed down.
vrOculusTouchController	isHandTriggerPressed()	method	v1	bool	Returns the pressed state of the hand trigger button (grip button).
vrOculusTouchController	handTriggerChanged(value)	method	v1		SIGNAL is called when the value of the hand trigger button (grip button) is changed.
vrOculusTouchController	getHandTriggerRatio()	method	v1	float	Returns the current ratio of the hand trigger (grip button).
vrOculusTouchController	thumbRestTouched()	method	v1		SIGNAL is emitted when the thumb rest is touched.
vrOculusTouchController	thumbRestUntouched()	method	v1		SIGNAL is emitted when the thumb rest is untouched.
vrOculusTouchController	thumbRestIsTouched()	method	v1		SIGNAL is emitted while the thumb rest is touched.
vrOculusTouchController	isThumbRestTouched()	method	v1	bool	Returns the touch state of the thumb rest.
vrOculusTouchController	getControllerNode()	method	v1	vrNodePtr	Returns the controller node.
vrOculusTouchController	setVisible(visible)	method	v1		Sets the visibility of the visualization (geometry or hands) of this controller.
vrOculusTouchController	isVisible()	method	v1	bool	Gets the visibility of the visualization (geometry or hands) of this controller. The default is 'not visible'.
vrOculusTouchController	setVisualizationMode(mode)	method	v1		Sets how the controller should be visualized (controller geometry or hands).
vrOculusTouchController	getVisualizationMode()	method	v1	int	Gets whether the controller geometry or hands are displayed. The default value is 'Hand'.
vrOculusTouchController	setPickingAxis(axis)	method	v1		Sets the axis used for picking on this controller.
vrOculusTouchController	setCustomPickingDirection(origin, direction, color)	method	v1		Sets a custom axis for picking on this controller.
vrOculusTouchController	showPickingAxis(axis)	method	v1		Shows the picking axis on this controller.
vrOculusTouchController	pickNode()	method	v1	vrNodePtr	Performs a selection along the picking axis of the controller and returns the nearest node along the picking ray.
vrOculusTouchController	pickNodeEx()	method	v1	tuple<vrNodePtr, Pnt3f, Vec3f, Pnt2f>	Performs a selection along the picking axis of the controller and returns the nearest node along the picking ray.
vrOculusTouchController	pickNodeWithFinger(fingerId)	method	v1	tuple<vrNodePtr, Pnt3f, Vec3f, Pnt2f>	Performs a selection with a ray emanating from the finger tip and returns the nearest node along the picking ray.
vrOculusTouchController	getHandRole()	method	v1	int	Gets whether this controller is left or right hand.
vrOculusTouchController	handRoleChanged(role)	method	v1		SIGNAL is called when the hand role has changed, after the hand model has been loaded.
vrOculusTouchController	handPoseStarted(poseId)	method	v1		SIGNAL is called when a hand pose is detected in Hand visualization mode.
vrOculusTouchController	handPoseStopped(poseId)	method	v1		SIGNAL is called when a hand pose stops in Hand visualization mode.
vrOculusTouchController	isHandPoseActive(poseId)	method	v1	bool	Returns whether the user performs a specific hand pose.
vrOculusTouchController	handTouchStarted(touchedNodeId, fingerId)	method	v1		SIGNAL is called when a finger of this controller's hand has touched a node in the scene that was made interactable with setNodeInteractableInVR(node, True).
vrOculusTouchController	handTouchContinues(touchedNodeId, fingerId)	method	v1		SIGNAL is called when the finger continues touching the node.
vrOculusTouchController	handTouchStopped(touchedNode, fingerId)	method	v1		SIGNAL is called when the finger stops touching the node.
vrOculusTouchController	setHandInteractionEnabled(enabled)	method	v1		Enables or disables the interaction with Web engines and Touch sensors in Hand visualization mode.
vrOculusTouchController	isHandInteractionEnabled()	method	v1	bool	Gets whether the interaction with Web engines and Touch sensors is enabled in Hand visualization mode. Default is 'on'.
vrOculusTouchController	setHandAnimationEnabled(enabled)	method	v1		Enables or disables transformation of finger joints when the user presses or touches buttons in Hand visualization mode.
vrOculusTouchController	isHandAnimationEnabled()	method	v1	bool	Gets whether the finger joints are transformed when the user presses or touches buttons in Hand visualization mode. Default is 'on'.
vrOculusTouchController	setHandTouchPointVisualizationEnabled(enabled)	method	v1		Enables or disables visualization of the touch point in Hand visualization mode.
vrOculusTouchController	isHandTouchPointVisualizationEnabled()	method	v1	bool	Gets whether the visualization of the touch point in Hand visualization mode is enabled. Default is 'on'.
vrOculusTouchController	getWorldMatrix()	method	v1	list of floats (32bit)	Returns the world space transformation matrix of the controller.
vrOculusTouchController	triggerVibration(frequency, amplitude)	method	v1		Triggers a vibration on the controller.
vrOculusTouchController	triggerHapticPulse(axis, duration)	method	v1		Triggers a haptic pulse on the controller.
vrOpenPDM	pdmLogin(user, passwd, system)	function	v1	bool	Login to PDM system.
vrOpenPDM	pdmExport(type, name, revision)	function	v1	bool	Export object from PDM system.
vrOpenPDM	pdmFoo(type, name, revision)	function	v1		Foo.
vrOpenPDM	pdmBar()	function	v1		Bar.
vrOpenPDM	pdmLoadTest(fileName, type, name)	function	v1		loadTest.
vrOpenPDM	pdmPullTest(fileName)	function	v1		pullTest.
vrOpenVR	setOpenVRTracking(s)	method	v1		Windows only: Enables/Disables tracking of OpenVR HMD and controller.
vrOpenVR	setOpenVRHMDTracking(s)	method	v1		Windows only: Enables/Disables tracking of OpenVR HMD.
vrOpenVR	setOpenVRControllerTracking(s)	method	v1		Windows only: Enables/Disables tracking of OpenVR controller.
vrOpenVR	setOpenVRHMDUseHiddenAreaMesh(s)	method	v1		Windows only: Enables/Disables the use of a hidden area mesh to mask out invisible areas in order to reduce shading costs.
vrOpenVR	setOpenVRHMDMirrorTextureView(viewMode)	method	v1		Windows only: Sets the view to show in the VRED UI while using an OpenVR HMD.
vrOpenVR	setOpenVRHMDForceInterleavedReprojection(s)	method	v1		Windows only: Enables/Disables forcing of interleaved reprojection. If enabled, the scene will be rendered with half the frame rate, and every other frame will 
vrOpenVR	resetOpenVRHMDPose()	method	v1		Resets the Seated Zero Pose for Seated tracking mode while OpenVR is running. Execute this command while wearing the HMD and sitting in a comfortable position.
vrOpenVR	setOpenVRTrackingOriginType(originType)	method	v1		Windows only: Sets the tracking origin type for OpenVR.
vrOpenVR	getOpenVRTrackingOriginType()	method	v1	int	Windows only: Retrieves the tracking origin type for OpenVR.
vrOpenVR	getOpenVRFrameTimings()	method	v1	vrOpenVRFrameTimings	Windows only: Retrieves the frame timings.
vrOpenVR	setOpenVRTrackingOrigin(position)	method	v1		Sets the tracking reference origin for OpenVR tracking. Use it to correct any offsets in the scene. This function always assumes Y-Up, even if Z-Up is set in th
vrOpenVR	getOpenVRTrackingOrigin()	method	v1	Pnt3f	Returns the OpenVR tracking reference origin. Default is (0, 0, 0). Can be changed with setOpenVRTrackingOrigin.
vrOpenVRController	controllerMoved()	method	v1		SIGNAL is called constantly when the controller moves.
vrOpenVRController	triggerPressed()	method	v1		SIGNAL is called when the trigger is pressed.
vrOpenVRController	triggerReleased()	method	v1		SIGNAL is called when the trigger is released.
vrOpenVRController	isTriggerPressed()	method	v1	bool	Returns the pressed state of the trigger button.
vrOpenVRController	getTriggerRatio()	method	v1	float	Returns the current ratio the trigger is pressed.
vrOpenVRController	gripPressed()	method	v1		SIGNAL is called when the grip is pressed.
vrOpenVRController	gripReleased()	method	v1		SIGNAL is called when the grip is released.
vrOpenVRController	isGripPressed()	method	v1	bool	Returns the pressed state of the grip button.
vrOpenVRController	menuButtonPressed()	method	v1		SIGNAL is called when the menu button is pressed.
vrOpenVRController	menuButtonReleased()	method	v1		SIGNAL is called when the menu button is released.
vrOpenVRController	isMenuButtonPressed()	method	v1	bool	Returns the pressed state of the menu button.
vrOpenVRController	touchpadPressed()	method	v1		SIGNAL is called when the touchpad is pressed.
vrOpenVRController	touchpadReleased(position)	method	v1		SIGNAL is called when the touchpad is released.
vrOpenVRController	isTouchpadPressed()	method	v1	bool	Returns the pressed state of the touchpad button.
vrOpenVRController	touchpadTouched(position)	method	v1		SIGNAL is called when the touchpad is pressed.
vrOpenVRController	touchpadUntouched(position)	method	v1		SIGNAL is called when the touchpad is untouched.
vrOpenVRController	isTouchpadTouched()	method	v1	bool	Returns the touch state of the touchpad button.
vrOpenVRController	touchpadPositionChanged(position)	method	v1		SIGNAL is called when the position on the touchpad changed.
vrOpenVRController	getTouchpadPosition()	method	v1	Vec2f	Returns the current position on the touchpad.
vrOpenVRController	buttonPressed(id)	method	v1		SIGNAL is called when the button is pressed.
vrOpenVRController	buttonReleased(id)	method	v1		SIGNAL is called when the button is released.
vrOpenVRController	isButtonPressed(id)	method	v1	bool	Returns the pressed state of the button.
vrOpenVRController	buttonTouched(id)	method	v1		SIGNAL is called when the button is touched.
vrOpenVRController	buttonUntouched(id)	method	v1		SIGNAL is called when the button is untouched.
vrOpenVRController	isButtonTouched(id)	method	v1	bool	Returns the touch state of the button.
vrOpenVRController	buttonPositionChanged(id, position)	method	v1		SIGNAL is called when the position ratios of the button changed.
vrOpenVRController	getButtonPosition(id)	method	v1	Vec2f	Returns the current position ratio of the button.
vrOpenVRController	isButtonSupported(id)	method	v1	bool	Return whether the button is supported by this controller.
vrOpenVRController	setVisible(visible)	method	v1		Sets the visibility of the visualization (geometry or hands) of this controller.
vrOpenVRController	isVisible()	method	v1	bool	Gets the visibility of the visualization (geometry or hands) of this controller. The default is 'visible'.
vrOpenVRController	setVisualizationMode(mode)	method	v1		Sets how the controller should be visualized (controller geometry or hands).
vrOpenVRController	getVisualizationMode()	method	v1	int	Get whether the controller geometry or hands are displayed. The default value is 'Controller'.
vrOpenVRController	setPickingAxis(axis)	method	v1		Sets the axis used for picking on this controller.
vrOpenVRController	setCustomPickingDirection(origin, direction, color)	method	v1		Sets a custom axis for picking on this controller.
vrOpenVRController	showPickingAxis(axis)	method	v1		Shows the picking axis on this controller.
vrOpenVRController	pickNode()	method	v1	vrNodePtr	Performs a selection along the picking axis of the controller and returns the nearest node along the picking ray.
vrOpenVRController	pickNodeEx()	method	v1	tuple<vrNodePtr, Pnt3f, Vec3f, Pnt2f>	Performs a selection along the picking axis of the controller and returns the nearest node along the picking ray.
vrOpenVRController	getWorldMatrix()	method	v1	list of floats (32bit)	Returns the world space transformation matrix of the controller.
vrOpenVRController	triggerHapticPulse(axis, duration)	method	v1		Triggers a haptic pulse on the controller.
vrOpenVRController	pickNodeWithFinger(fingerId)	method	v1	tuple<vrNodePtr, Pnt3f, Vec3f, Pnt2f>	Performs a selection with a ray emanating from the finger tip and returns the nearest node along the picking ray.
vrOpenVRController	getHandRole()	method	v1	int	Get whether this controller is detected as left or right hand.
vrOpenVRController	setHandRole(role)	method	v1		Set this controller to left, right or undefined (no) hand role. In most cases, the hand role is auto-detected by SteamVR and does not need to be set.
vrOpenVRController	handRoleChanged(role)	method	v1		SIGNAL is called when the hand role has changed, after the hand model has been loaded.
vrOpenVRController	handPoseStarted(poseId)	method	v1		SIGNAL is called when a hand pose is detected in Hand visualization mode.
vrOpenVRController	handPoseStopped(poseId)	method	v1		SIGNAL is called when a hand pose stops in Hand visualization mode.
vrOpenVRController	isHandPoseActive(poseId)	method	v1	bool	Return whether the user performs a specific hand pose.
vrOpenVRController	handTouchStarted(touchedNodeId, fingerId)	method	v1		SIGNAL is called when a finger of this controller's hand has touched a node in the scene that was made interactable with setNodeInteractableInVR(node, True).
vrOpenVRController	handTouchContinues(touchedNodeId, fingerId)	method	v1		SIGNAL is called when the finger continues touching the node.
vrOpenVRController	handTouchStopped(touchedNode, fingerId)	method	v1		SIGNAL is called when the finger stops touching the node.
vrOpenVRController	setHandInteractionEnabled(enabled)	method	v1		Enables or disables the interaction with Web engines and Touch sensors in Hand visualization mode.
vrOpenVRController	isHandInteractionEnabled()	method	v1	bool	Get whether the interaction with Web engines and Touch sensors is enabled in Hand visualization mode. Default is 'on'.
vrOpenVRController	setHandAnimationEnabled(enabled)	method	v1		Enables or disables transformation of finger joints when the user pressed or touches buttons in Hand visualization mode.
vrOpenVRController	isHandAnimationEnabled()	method	v1	bool	Get whether the finger joints are transformed when the user pressed or touches buttons in Hand visualization mode. Default is 'on'.
vrOpenVRController	setHandTouchPointVisualizationEnabled(enabled)	method	v1		Enables or disables visualization of the touch point in Hand visualization mode.
vrOpenVRController	isHandTouchPointVisualizationEnabled()	method	v1	bool	Get whether the visualization of the touch point in Hand visualization mode is enabled. Default is 'on'.
vrOpenVRFrameTimings	getFrameId()	method	v1	UInt32	Returns the index of the current frame.
vrOpenVRFrameTimings	getFrameIndex()	method	v1	UInt32	Returns the current frame index.
vrOpenVRFrameTimings	getNumFramePresents()	method	v1	UInt32	Returns the number of times this frame was presented.
vrOpenVRFrameTimings	getNumMisPresented()	method	v1	UInt32	Returns the number of times this frame was presented on a vsync other than it was originally predicted to.
vrOpenVRFrameTimings	getNumDroppedFrames()	method	v1	UInt32	Returns the number of additional times the previous frame was scanned out.
vrOpenVRFrameTimings	getReprojectionFlag()	method	v1	UInt32	Returns whether the frame was reprojected or not.
vrOpenVRFrameTimings	getSystemTimeInSeconds()	method	v1	Real64	Returns the absolute time reference for comparing frames. This aligns with the vsync that running start is relative to.
vrOpenVRFrameTimings	getPreSubmitGpu()	method	v1	Real32	Returns the time spent rendering the scene.
vrOpenVRFrameTimings	getPostSubmitGpu()	method	v1	Real32	Returns the additional time spent rendering by the application (e.g., companion window).
vrOpenVRFrameTimings	getTotalRenderGpu()	method	v1	Real32	Returns the time between work submitted immediately after present (ideally vsync) until the end of compositor-submitted work.
vrOpenVRFrameTimings	getCompositorRenderGpu()	method	v1	Real32	Returns the time spent performing distortion correction, rendering chaperone, overlays, etc.
vrOpenVRFrameTimings	getCompositorRenderCpu()	method	v1	Real32	Returns the time spent on the CPU submitting the above work for this frame.
vrOpenVRFrameTimings	getCompositorIdleCpu()	method	v1	Real32	Returns the time spent waiting for running start (application could have used this much more time).
vrOpenVRFrameTimings	getClientFrameInterval()	method	v1	Real32	Returns the time between calls to WaitGetPoses.
vrOpenVRFrameTimings	getPresentCallCpu()	method	v1	Real32	Returns the time blocked on the call to present (usually 0.0, but can go long).
vrOpenVRFrameTimings	getWaitForPresentCpu()	method	v1	Real32	Returns the time spent spin-waiting for the frame index to change (not near-zero indicates wait object failure).
vrOpenVRFrameTimings	getSubmitFrameTime()	method	v1	Real32	Returns the time spent in IVRCompositor::Submit (not near-zero indicates driver issue).
vrOpenVRFrameTimings	getWaitGetPosesCalled()	method	v1	Real32	Returns the timestamp when WaitGetPoses was called relative to the global system time.
vrOpenVRFrameTimings	getNewPosesReady()	method	v1	Real32	Returns the timestamp when a new pose was ready relative to the global system time.
vrOpenVRFrameTimings	getNewFrameReady()	method	v1	Real32	Returns the timestamp when a new frame was ready relative to the global system time.
vrOpenVRFrameTimings	getCompositorUpdateStart()	method	v1	Real32	Returns the timestamp when the compositor update was started relative to the global system time.
vrOpenVRFrameTimings	getCompositorUpdateEnd()	method	v1	Real32	Returns the timestamp when the compositor update was finished relative to the global system time.
vrOpenVRFrameTimings	getCompositorRenderStart()	method	v1	Real32	Returns the timestamp when the compositor started rendering relative to the global system time.
vrOpenVRFrameTimings	getSubmitCpu()	method	v1	Real32	Returns the CPU time for doing the submit calls for both eyes.
vrOpenVRFrameTimings	getPostSubmitCpu()	method	v1	Real32	Returns the CPU time from completing the submit calls.
vrOpenVRFrameTimings	getTimeBetweenSubmitCpu()	method	v1	Real32	Returns the CPU time passed between two calls to submit.
vrOpenVRFrameTimings	getTimeBetweenWaitGetPosesCpu()	method	v1	Real32	Returns the CPU time passed between two calls to WaitGetPoses.
vrOpenVRFrameTimings	getWaitGetPosesCpu()	method	v1	Real32	Returns the CPU time for WaitGetPoses.
vrOpenVRFrameTimings	getTimeBetweenRenderCpu()	method	v1	Real32	Returns the CPU time passed between the rendering of two frames.
vrOpenVRFrameTimings	getMulticastCopyTimeCpu()	method	v1	Real32	Returns the CPU time required to copy buffers from one GPU to the other if multicast SLI is enabled. The time is undefined otherwise.
vrOpenVRFrameTimings	getRenderTimeCpu()	method	v1	Real32	Returns the complete CPU render time measured from binding the first eye buffer to completing the second eye and creating the mirror texture.
vrOptimize	createMultiMaterials(root_node)	method	v1		Create multi-materials for a given subgraph.
vrOptimize	removePoints(root_node)	method	v1		Remove point geometries from the scene representation.
vrOptimize	removeLines(root_node)	method	v1		Remove line geometries from the scene representation.
vrOptimize	removeLODNodes(root_node)	method	v1		Remove LOD nodes. Removes the lower resolution children of all LOD nodes and keeps only the highest resolution LOD within the scene. Rendering performance may d
vrOptimize	removeSwitchNodes(root_node)	method	v1		Remove Switch nodes from a given subgraph.
vrOptimize	removeNURBS(root_node)	method	v1		Remove the NURBS information of the selected Node hierarchy. All surfaces and shell nodes are converted to meshes.
vrOptimize	sharePtrs(root_node, types)	method	v1		Share pointers. Eliminates all duplicate entities from the scene and replaces them with references. Saves a lot of memory.
vrOptimize	flushTransformations(root_node)	method	v1		Flush transformations. All transformations will be applied to the geometry nodes on the lowest level of the selected sub-tree. Afterwards, all transform nodes w
vrOptimize	flushTransformationsKeepFaceNormals(root_node)	method	v1		Flush transformations. All transformations will be applied to the geometry nodes on the lowest level of the selected sub-tree. Afterwards, all transform nodes w
vrOptimize	flushTranslations(root_node)	method	v1		Moves translation-related transform information of the selected sub-tree to the geometry nodes on the lowest level.
vrOptimize	flushRotations(root_node)	method	v1		Moves rotation-related transform information of the selected sub-tree to the geometry nodes on the lowest level.
vrOptimize	flushScales(root_node)	method	v1		Moves scale-related transform information of the selected sub-tree to the geometry nodes on the lowest level.
vrOptimize	flushSelectedTransformation(node)	method	v1		Moves transformation of the selected node to the geometry nodes on the lowest level.
vrOptimize	flushTexGen(root_node)	method	v1		Flush gen funcs. All TexGenChunks will be removed and appropriate texture coordinates will be calculated.
vrOptimize	flushTexTransform(root_node)	method	v1		Flush texture transformations. All texture transformations will be multiplied onto the texture coordinates and deleted afterwards.
vrOptimize	removeDegPolys(root_node)	method	v1		Degenerated Polygons (covering an area of size 0) will be removed.
vrOptimize	flushMaterialGroups(root_node)	method	v1		The materials of a MaterialGroup will be flushed into the underlying geometries and the MaterialGroups will be transformed into group nodes.
vrOptimize	flushMaterialGroups(root_node, remove_node)	method	v1		The materials of a MaterialGroup will be flushed into the underlying geometries and the MaterialGroups will be transformed into group nodes.
vrOptimize	unflushMaterialGroups(root_node)	method	v1		The materials within a geometry will be removed, instead a MaterialGroup with the material will be placed above.
vrOptimize	removeMaterialGroups(root_node)	method	v1		Remove material groups.
vrOptimize	removeEmptyGeometries(root_node)	method	v1		Removes empty geometry nodes.
vrOptimize	removeEmptyShells(root_node)	method	v1		Removes empty shell nodes.
vrOptimize	removeIdentityTransforms(root_node)	method	v1		Removes identity Transforms. This command is deprecated and doesn't do anything.
vrOptimize	triangulate(root_node, recreateAllProperties)	method	v1		Triangulate the geometries. The resulting geometry is no longer optimized for the graphics card.
vrOptimize	createOcTree(root_node)	method	v1		Transform all geometries by an octree structure. Not necessary on today's graphic cards.
vrOptimize	optimizeMaterials(root_node)	method	v1		Optimize the specified scenegraph by using as few materials as possible.
vrOptimize	optimizeMaterials(root_node, keep_unreferenced)	method	v1		Optimize the specified scenegraph by using as few materials as possible.
vrOptimize	removeUnusedMaterials()	method	v1		Removes unused materials.
vrOptimize	shareGeometries(root_node)	method	v1		Shares equal geometry nodes.
vrOptimize	shareGeometries(root_node, checkWorldMatrix)	method	v1		Shares equal geometry nodes.
vrOptimize	mergeGeometry(root_node)	method	v1		Merges geometry nodes.
vrOptimize	unifyVertices(root_node)	method	v1		Optimize the geometry by creating shared indices and removing unused and double coords, colors, and texcoords. Speeds up rendering and saves memory.
vrOptimize	separateGeoProperties(root_node)	method	v1		Separate shared geometry properties.
vrOptimize	verifyGeometry(root_node)	method	v1		Verifies geometry nodes.
vrOptimize	optimizeGeometry(root_node)	method	v1		Optimizes geometry to speed up rendering. Stripes and fans are optimized primitives that can be rendered much faster by your graphics hardware.
vrOptimize	optimizeGeometry(root_node, strips, fans, stitches)	method	v1		Optimizes geometry to speed up rendering. Stripes and fans are optimized primitives that can be rendered much faster by your graphics hardware.
vrOptimize	sortIndices(root_node)	method	v1		Sort indices to improve render speed.
vrOptimize	optimizeIndices(root_node)	method	v1		Optimize indices to improve render speed.
vrOptimize	tipsifyIndices(root_node)	method	v1		Optimize indices to improve render speed.
vrOptimize	tipsifyIndices(root_node, cache_size)	method	v1		Optimize indices to improve render speed.
vrOptimize	measureCacheEfficiency(root_node, cache_size)	method	v1	float	Measures the cache efficiency. 1.0 means one vertex calculation per triangle.
vrOptimize	cleanupGroupNodes(root_node)	method	v1		Cleanup group nodes. Empty group nodes or group nodes with a single child will be removed.
vrOptimize	cleanupGroupNodes(root_node, recursive)	method	v1		Cleanup group nodes. Empty group nodes or group nodes with a single child will be removed.
vrOptimize	removeInvalidTexCoords(root_node)	method	v1		Remove invalid texture coordinates.
vrOptimize	shareImages()	method	v1		Share images.
vrOptimize	removeTransformNodesWithNoChildren(root_node)	method	v1		Removes all transform nodes with no children.
vrOptimize	removeTransformVariants(root_node)	method	v1		Removes all transform variants from nodes in the selected sub-tree.
vrOptimize	removeFrozenTextureTransforms(root_node)	method	v1		Removes all frozen world space texture transforms from nodes in the selected sub-tree.
vrOptimize	removeAnimations(root_node)	method	v1		Removes all animations from nodes in the selected sub-tree.
vrOptimize	removeMetadata(root_node)	method	v1		Removes all metadata from nodes in the selected sub-tree.
vrOptimize	removeBSides(root_node)	method	v1		Removes all geometries that are set to B-side from the selected sub-tree.
vrOptimize	removeLimits(root_node)	method	v1		Removes all limits.
vrOptimize	optimizeTree(options)	method	v1		Optimizes the scenegraph by applying specified optimization functions.
vrOptimize	optimizeTree(root_node, options)	method	v1		Optimizes only a specified subgraph by applying specified optimization functions.
vrQObject	isValid()	method	v1	bool	Returns the valid status.
vrQObject	getProperty(name)	method	v1	boolean, integer (32bit), float (64bit), or string	Gets a property value.
vrQObject	setProperty(name, value)	method	v1	bool	Sets a property value.
vrQObject	connect(sender, signal, member)	method	v1	bool	Connects the signal of a sender with a member function.
vrQObject	findQObject(name)	method	v1	vrQObject	Searches for a QObject via name.
vrQObject	findQObject(root, name)	method	v1	vrQObject	Searches for a QObject via name, starting from a root QObject.
vrRenderLayerModule	createRenderLayer(name)	function	v1		Activates a render layer.
vrRenderLayerModule	addNodesToRenderLayer(nodes, layerName)	function	v1		Adds nodes to a render layer.
vrRenderLayerModule	activateRenderLayer(name)	function	v1		Activates a render layer.
vrRenderLayerModule	resetRenderLayers()	function	v1		Resets all activated render layers.
vrRenderLayerModule	setNodeVisibilityFlags(node, visible, visibleInAlpha, primaryVisibility, visibleInReflections, visibleInRefractions, castShadows, receiveShadows, doubleSided, visibleForPhotons, visibleForShadowMaterial, useOverrideMaterial, overrideMaterial, cryptomatteLayer)	function	v1		Sets the visibility flags and the override material for a given node and its children.
vrRenderLayerModule	resetNodeVisibilityFlags(node)	function	v1		Resets the node visibility flags for a given node and its children.
vrRenderLayerModule	activateRenderLayerState(name)	function	v1		Activates stored node visibility states for the whole scene.
vrRenderQueue	runAllRenderJobs()	function	v1		Runs all render jobs.
vrRenderQueue	getActiveJobCount()	function	v1	int	Returns the number of enabled jobs in the queue.
vrRenderSettings	getRenderView()	method	v1	string	Returns the name of the active view.
vrRenderSettings	setRenderCurrentView()	method	v1		Sets the view to use the current position.
vrRenderSettings	setRenderView(viewName)	method	v1		Sets the view with the given name.
vrRenderSettings	getRenderOutputFilenames()	method	v1	list	Returns all filenames that will be created when rendering is started, i.e., when using multiple viewpoints, animation frames, or variant sets.
vrRenderSettings	setRenderVariantSets(groupName, variantSetNames)	method	v1		Sets the variant sets that should be used for the group.
vrRenderSettings	getRenderVariantSets(groupName)	method	v1	list	Returns the names of the variant sets used in this group.
vrRenderSettings	clearRenderVariantSetGroups()	method	v1		Removes all variant set groups.
vrRenderSettings	removeRenderVariantSetGroup(groupName)	method	v1		Removes a variant set group.
vrRenderSettings	getRenderVariantSetGroups()	method	v1	list	Returns the names of all variant set groups used in the render settings.
vrRenderSettings	setUseRenderViewFromVariantSets(state)	method	v1		Enables using views in variant sets, i.e., applying a variant set may also change the view.
vrRenderSettings	getUseRenderViewFromVariantSets()	method	v1	bool	Returns whether views can be changed by selecting variant sets.
vrRenderSettings	setUseRenderVariantSets(state)	method	v1		Enables rendering of variant sets.
vrRenderSettings	getUseRenderVariantSets()	method	v1	bool	Returns whether variant sets are used when rendering images.
vrRenderSettings	setRenderPrintResolution(printWidth, printHeight, pixelsPerInch)	method	v1		Sets the print resolution.
vrRenderSettings	getRenderPrintWidth()	method	v1	float	Returns the width of the image in centimeters.
vrRenderSettings	getRenderPrintHeight()	method	v1	float	Returns the height of the image in centimeters.
vrRenderSettings	getRenderPixelPerInch()	method	v1	float	Returns the number of pixels per inch.
vrRenderSettings	setRenderPixelResolution(pixelWidth, pixelHeight, pixelsPerInch)	method	v1		Sets the pixel resolution.
vrRenderSettings	getRenderPixelWidth()	method	v1	float	Returns the width of the image in pixels.
vrRenderSettings	getRenderPixelHeight()	method	v1	float	Returns the height of the image in pixels.
vrRenderSettings	setRenderFilename(filename)	method	v1		Sets the filename to render to.
vrRenderSettings	getRenderFilename()	method	v1	string	Returns the current image filename.
vrRenderSettings	setUseRenderRegion(state)	method	v1		Enables region rendering.
vrRenderSettings	getUseRenderRegion()	method	v1	bool	Returns whether the render region is active or not.
vrRenderSettings	setRenderRegionStartX(startX)	method	v1		Sets the left x-coordinate of the render region.
vrRenderSettings	getRenderRegionStartX()	method	v1	int	Returns the left x-coordinate of the render region.
vrRenderSettings	setRenderRegionStartY(startY)	method	v1		Sets the upper y-coordinate of the render region.
vrRenderSettings	getRenderRegionStartY()	method	v1	int	Returns the upper y-coordinate of the render region.
vrRenderSettings	setRenderRegionEndX(endX)	method	v1		Sets the right x-coordinate of the render region.
vrRenderSettings	getRenderRegionEndX()	method	v1	int	Returns the right x-coordinate of the render region.
vrRenderSettings	setRenderRegionEndY(endY)	method	v1		Sets the top y-coordinate of the render region.
vrRenderSettings	getRenderRegionEndY()	method	v1	int	Returns the top y-coordinate of the render region.
vrRenderSettings	setRenderSupersampling(state)	method	v1		Enables antialiasing.
vrRenderSettings	getRenderSupersampling()	method	v1	int	Gets the image supersampling setting.
vrRenderSettings	setRenderTonemapHDR(state)	method	v1		Enables tonemapping when rendering to an HDR image format.
vrRenderSettings	getRenderTonemapHDR()	method	v1	bool	Returns whether the image should be tonemapped when rendering to an HDR image format.
vrRenderSettings	setRenderPremultiply(state)	method	v1		Enables premultiplied alpha.
vrRenderSettings	getRenderPremultiply()	method	v1	bool	Returns whether premultiplied alpha should be used.
vrRenderSettings	setRenderAlpha(state)	method	v1		Enables export of images with an alpha channel.
vrRenderSettings	getRenderAlpha()	method	v1	bool	Returns whether an alpha should be exported.
vrRenderSettings	setRenderICCProfile(state)	method	v1		Sets the ICC Profile to use when writing to a file.
vrRenderSettings	getRenderICCProfile()	method	v1	int	Returns the ICC Profile ID.
vrRenderSettings	setRenderBackgroundColor(r, g, b)	method	v1		Sets the background color.
vrRenderSettings	getRenderBackgroundColor()	method	v1	Vec3f	Returns the background color.
vrRenderSettings	setUseRenderPasses(state)	method	v1		Enables export of render passes when rendering to a file.
vrRenderSettings	getUseRenderPasses()	method	v1	bool	Returns whether the render passes export is active or not.
vrRenderSettings	setRenderPasses(passes)	method	v1		Sets the active render passes by passing a list of pass names. This modifies the current scene settings and is used when calling the startRenderToFile command.
vrRenderSettings	getRenderPasses()	method	v1	list	Returns the names of the current active render passes.
vrRenderSettings	setRenderMetaDataFlags(flags)	method	v1		Sets the type of metadata to be embedded in a file. Image formats supporting metadata are png, jpg, tif and exr.
vrRenderSettings	getRenderMetaDataFlags()	method	v1	int	Returns the metadata flags bitmask.
vrRenderSettings	setRenderAnimation(state)	method	v1		Enables rendering of an animation sequence.
vrRenderSettings	getRenderAnimation()	method	v1	bool	Returns whether animation export is turned on or off.
vrRenderSettings	setRenderAnimationFormat(format)	method	v1		Sets the output format.
vrRenderSettings	getRenderAnimationFormat()	method	v1	int	Returns the output format.
vrRenderSettings	setRenderAnimationType(type)	method	v1		Sets the type of the animation to render.
vrRenderSettings	getRenderAnimationType()	method	v1	int	Returns the type of the animation to render.
vrRenderSettings	setRenderAnimationClip(clipname)	method	v1		Sets the name of the clip to render.
vrRenderSettings	getRenderAnimationClip()	method	v1	string	Returns the name of the clip to render.
vrRenderSettings	getRenderAnimationClips()	method	v1	list	Returns the names of the available clips in a scene.
vrRenderSettings	setRenderUseClipRange(enable)	method	v1		Uses the range of the chosen clip instead of the start and stop frame range.
vrRenderSettings	getRenderUseClipRange()	method	v1	bool	Returns whether the clip range should be used.
vrRenderSettings	setRenderStartFrame(frame)	method	v1		Sets the start frame for rendering and animation.
vrRenderSettings	getRenderStartFrame()	method	v1	int	Returns the start frame for rendering an animation.
vrRenderSettings	setRenderStopFrame(frame)	method	v1		Sets the stop frame for rendering and animation.
vrRenderSettings	getRenderStopFrame()	method	v1	int	Returns the stop frame for rendering an animation.
vrRenderSettings	setRenderFrameStep(step)	method	v1		Sets the frame step for rendering and animation.
vrRenderSettings	getRenderFrameStep()	method	v1	int	Returns the frame step for rendering and animation.
vrRenderSettings	setRenderFps(fps)	method	v1		Sets the frames per second for rendering and animation.
vrRenderSettings	getRenderFps()	method	v1	int	Returns the frames per second for rendering and animation.
vrRenderSettings	startRenderToFile(alwaysOverride)	method	v1		Starts rendering to file using the current render settings.
vrRenderSettings	setRaytracingCores(numCores)	method	v1		Sets the number of cores to use for raytracing.
vrRenderSettings	getRaytracingCores()	method	v1	int	Returns the number of cores to be used during raytracing.
vrRenderSettings	setRaytracingImageSamples(samples)	method	v1		Sets the number of anti-aliasing samples.
vrRenderSettings	getRaytracingImageSamples()	method	v1	int	Returns the number of anti-aliasing samples.
vrRenderSettings	setRaytracingSamplesThreshold(samples)	method	v1		Sets the samples threshold. With this sample number, the rendering gets updated.
vrRenderSettings	getRaytracingSamplesThreshold()	method	v1	int	Returns the samples threshold.
vrRenderSettings	setRenderTimeInSeconds(timeInSeconds)	method	v1		Sets the maximum render time in seconds.
vrRenderSettings	getRenderTimeInSeconds()	method	v1	int	Returns the maximum render time in seconds.
vrRenderSettings	setUseRenderTimeLimit(state)	method	v1		Enables rendering up to the maximum render time.
vrRenderSettings	getUseRenderTimeLimit()	method	v1	bool	Returns whether the render time limit is used.
vrRenderSettings	setRaytracingInteractiveQualityMode(mode)	method	v1		Sets the interactive quality mode for raytracing.
vrRenderSettings	getRaytracingInteractiveQualityMode()	method	v1	int	Returns the interactive quality mode in use.
vrRenderSettings	setRaytracingInteractiveQuality(quality)	method	v1		Sets the interactive quality level for raytracing.
vrRenderSettings	getRaytracingInteractiveQuality()	method	v1	int	Returns the interactive quality level in use.
vrRenderSettings	setRaytracingStillFrameQualityMode(mode)	method	v1		Sets the still frame quality mode for raytracing.
vrRenderSettings	getRaytracingStillFrameQualityMode()	method	v1	int	Returns the still frame quality mode in use.
vrRenderSettings	setRaytracingStillFrameQuality(quality)	method	v1		Sets the still frame reflection/refraction quality level for raytracing.
vrRenderSettings	getRaytracingStillFrameQuality()	method	v1	int	Returns the still frame reflection/refraction quality level in use.
vrRenderSettings	setRaytracingInteractiveTraceDepth(depth)	method	v1		Sets the interactive trace depth for raytracing.
vrRenderSettings	getRaytracingInteractiveTraceDepth()	method	v1	int	Returns the interactive trace depth in use.
vrRenderSettings	setRaytracingStillFrameTraceDepth(depth)	method	v1		Sets the still frame trace depth for raytracing.
vrRenderSettings	getRaytracingStillFrameTraceDepth()	method	v1	int	Returns the still frame trace depth in use.
vrRenderSettings	setRaytracingPhotonMode(mode)	method	v1		Sets the photon mapping mode to use.
vrRenderSettings	getRaytracingPhotonMode()	method	v1	int	Returns the photon mode.
vrRenderSettings	setRaytracingInteractivePhotonCount(count)	method	v1		Sets the number of photons emitted during interactive rendering.
vrRenderSettings	getRaytracingInteractivePhotonCount()	method	v1	int	Returns the interactive photon count.
vrRenderSettings	setRaytracingStillFramePhotonCount(count)	method	v1		Sets the number of photons emitted during still frame rendering.
vrRenderSettings	getRaytracingStillFramePhotonCount()	method	v1	int	Returns the still frame photon count.
vrRenderSettings	setRaytracingPhotonLookupCount(count)	method	v1		Sets the minimum number of photons that need to be collected during a photon lookup.
vrRenderSettings	getRaytracingPhotonLookupCount()	method	v1	int	Returns the photon lookup count.
vrRenderSettings	setRaytracingPhotonUseAutomaticRadius(on)	method	v1		Sets whether the photon radius should be estimated automatically or not.
vrRenderSettings	getRaytracingPhotonUseAutomaticRadius()	method	v1	bool	Returns the enable state of the automatic photon radius calculation.
vrRenderSettings	setRaytracingFinalGatherRadius(radius)	method	v1		Sets the final gather radius.
vrRenderSettings	getRaytracingFinalGatherRadius()	method	v1	float	Returns the final gather lookup radius.
vrRenderSettings	setRaytracingUseFinalGatherForGlossy(enable)	method	v1		Turns use of final gather map for glossy reflections on or off.
vrRenderSettings	getRaytracingUseFinalGatherForGlossy()	method	v1	bool	Returns whether the final gather map should be used for glossy reflections.
vrRenderSettings	setRaytracingPhotonMapRefreshMode(mode)	method	v1		Sets the final gathering refresh mode.
vrRenderSettings	getRaytracingPhotonMapRefreshMode()	method	v1	int	Returns the final gathering refresh mode.
vrRenderSettings	setRaytracingPhotonMapFreezeMode(mode)	method	v1		Sets the freeze mode for updating the photon map.
vrRenderSettings	getRaytracingPhotonMapFreezeMode()	method	v1	int	Gets the freeze mode for updating the photon map.
vrRenderSettings	setRaytracingPhotonRadius(radius)	method	v1		Sets the photon lookup radius.
vrRenderSettings	getRaytracingPhotonRadius()	method	v1	float	Returns the photon lookup radius.
vrRenderSettings	setRaytracingSampleOffset(offset)	method	v1		Sets the offset for the pixel sampling ID (advanced feature).
vrRenderSettings	getRaytracingSampleOffset()	method	v1	int	Returns the sample offset to start the rendering.
vrRenderSettings	setRaytracingInteractiveTextureSharpness(sharpness)	method	v1		Sets the sharpness factor for texture sampling in interactive mode (advanced feature).
vrRenderSettings	getRaytracingInteractiveTextureSharpness()	method	v1	float	Returns the sharpness scale factor for texture sampling during interactive mode.
vrRenderSettings	setRaytracingStillFrameTextureSharpness(sharpness)	method	v1		Sets the sharpness factor for texture sampling during still frame rendering (advanced feature).
vrRenderSettings	getRaytracingStillFrameTextureSharpness()	method	v1	float	Returns the sharpness scale factor for texture sampling during still frame mode.
vrRenderSettings	setRaytracingLightEvaluationThreshold(threshold)	method	v1		Sets the threshold used for culling lights in the [0.0, 1.0] range.
vrRenderSettings	getRaytracingLightEvaluationThreshold()	method	v1	float	Returns the threshold used for culling lights.
vrRenderSettings	setRaytracingRenderer(mode)	method	v1		Internal function to set the raytracing renderer.
vrRenderSettings	setSpectralRaytracing(on)	method	v1		Sets spectral raytracing on or off.
vrRenderSettings	getSpectralRaytracing()	method	v1	bool	Returns whether spectral raytracing is on or off.
vrRenderSettings	setRaytracingMode(mode)	method	v1		Sets the raytracing mode. See examples/snippets/setRenderer for how to switch the active renderer.
vrRenderSettings	getRaytracingMode()	method	v1	int	Returns the raytracing mode.
vrRenderSettings	setRasterizationMode(mode)	method	v1		Sets the rasterization mode. See examples/snippets/setRenderer for how to switch the active renderer.
vrRenderSettings	getRasterizationMode()	method	v1	int	Returns the rasterization mode.
vrRenderSettings	setActiveGPUMask(mask)	method	v1		Sets the bitmask for GPUs to use for GPU raytracing. This must be set before GPU raytracing is activated.
vrRenderSettings	setUseRaySplitting(on)	method	v1		Enables ray splitting for glass and car paint materials.
vrRenderSettings	setDenoiserType(denoiserType)	method	v1		Sets the denoiser type to use.
vrRenderSettings	getDenoiserType()	method	v1	int	Returns the denoiser type used.
vrRenderSettings	setRenderingColorspace(renderingColorspace)	method	v1		Sets the rendering colorspace to use.
vrRenderSettings	getRenderingColorspace()	method	v1	unsigned int	Returns the rendering colorspace used.
vrRenderSettings	setOptimizationMode(mode)	method	v1		Sets the optimization strategy to use for GPU raytracing.
vrRenderSettings	getOptimizationMode()	method	v1	unsigned int	Returns the optimization strategy used in GPU raytracing.
vrRenderSettings	setUseInfiniteRenderInViewport(state)	method	v1		Enables infinite rendering in the renderview.
vrRenderSettings	getUseInfiniteRenderInViewport()	method	v1	bool	Returns whether infinite rendering in renderview is on or off.
vrRenderSettings	setRaytracingAAThresholdQuality(threshold)	method	v1		Sets the adaptive antialiasing quality level.
vrRenderSettings	getRaytracingAAThresholdQuality()	method	v1	int	Returns the adaptive antialiasing quality level.
vrRenderSettings	setRaytracingAAImageFilter(id, width, height)	method	v1		Sets the pixel filter to use during stillframe antialiasing.
vrRenderSettings	getRaytracingAAImageFilterType()	method	v1	int	Returns the pixel filter type in use.
vrRenderSettings	getRaytracingAAImageFilterWidth()	method	v1	float	Returns the width of the pixel filter in use.
vrRenderSettings	getRaytracingAAImageFilterHeight()	method	v1	float	Returns the height of the pixel filter in use.
vrRenderSettings	setRaytracingClampingEnable(state)	method	v1		Enables output value clamping.
vrRenderSettings	getRaytracingClampingEnable()	method	v1	bool	Returns whether clamping is enabled or disabled.
vrRenderSettings	setRaytracingClampValue(value)	method	v1		Sets the reflection clamping for raytracing.
vrRenderSettings	getRaytracingClampValue()	method	v1	float	Returns the clamping value.
vrRenderSettings	setRaytracingInteractiveIBLQuality(quality)	method	v1		Sets the interactive IBL sampling quality level for raytracing.
vrRenderSettings	getRaytracingInteractiveIBLQuality()	method	v1	int	Returns the interactive IBL quality level in use.
vrRenderSettings	setRaytracingStillFrameIBLQuality(quality)	method	v1		Sets the still frame IBL sampling quality level for raytracing.
vrRenderSettings	getRaytracingStillFrameIBLQuality()	method	v1	int	Returns the still frame IBL quality level in use.
vrRenderSettings	setRaytracingInteractiveFinalGatherQuality(quality)	method	v1		Sets the interactive final gathering quality to use.
vrRenderSettings	getRaytracingInteractiveFinalGatherQuality()	method	v1	int	Returns the interactive final gather quality level.
vrRenderSettings	setRaytracingStillFrameFinalGatherQuality(quality)	method	v1		Sets the still frame final gathering quality to use.
vrRenderSettings	getRaytracingStillFrameFinalGatherQuality()	method	v1	int	Returns the still frame final gather quality level.
vrRenderSettings	setRaytracingNURBSEpsilon(epsilon)	method	v1		Sets the self-intersection tolerance for NURBS raytracing.
vrRenderSettings	setRaytracingNURBSNewtonEpsilon(epsilon)	method	v1		Sets the newton iteration tolerance for NURBS raytracing.
vrRenderSettings	setRaytracingNURBSMinDepthSurface(depth)	method	v1		Sets the minimum subdivision depth of the acceleration data structure for the NURBS raytracing.
vrRenderSettings	setRaytracingNURBSMaxDepthSurface(depth)	method	v1		Sets the maximum subdivision depth of the acceleration data structure for the NURBS raytracing.
vrRenderSettings	setRaytracingNURBSThresholdSurface(threshold)	method	v1		Sets the surface curvature threshold for NURBS raytracing.
vrRenderSettings	setRaytracingNURBSMinDepthCurve(depth)	method	v1		Sets the minimum subdivision depth of the trimming curves.
vrRenderSettings	setRaytracingNURBSMaxDepthCurve(depth)	method	v1		Sets the maximum subdivision depth of the trimming curves.
vrRenderSettings	setRaytracingNURBSThresholdCurve(threshold)	method	v1		Sets the curvature threshold for trimming curves.
vrRenderSettings	setDenoiserInput(type)	method	v1		Enables the use of the albedo buffer when the deep learning denoiser is enabled.
vrRenderSettings	setUseTwoSampleImportanceSampling(on)	method	v1		Enables use of two samples for multiple importance sampling.
vrRenderSettings	setMaxClusterTileSize(tilesize)	method	v1		Sets the maximum size of a tile for GPU clustering.
vrRenderSettings	setClusterTileRendering(on)	method	v1		Allows to disable tile rendering for testing.
vrRenderSettings	setIlluminant(illuminant)	method	v1		Sets illuminant to be used as white for spectral raytracing. The XYZ-Illuminant does not convert the rendered image to RGB but outputs the XYZ values instead.
vrRenderSettings	getIlluminant()	method	v1	int	Returns the illuminant id used.
vrRenderSettings	setRaytracingUseHighQualityTextureFiltering(enable)	method	v1		Enables high quality anisotropic texture filtering. This can slow down rendering performance.
vrRenderSettings	getRaytracingUseHighQualityTextureFiltering()	method	v1	bool	Returns whether anisotropic texture filtering is allowed or not.
vrRenderSettings	setRaytracingStillFrameSupersampling(factor)	method	v1		Enables supersampling for still frame rendering. This requires factor * factor times more memory for the framebuffer.
vrRenderSettings	getRaytracingStillFrameSupersampling()	method	v1	int	Returns the still frame supersampling factor.
vrRenderSettings	setNURBSRaytracing(on)	method	v1		Sets NURBS raytracing on or off. If off, the tessellated meshes will be used during raytracing. If on, the NURBS surfaces will be traced directly.
vrRenderSettings	getNURBSRaytracing()	method	v1	bool	Returns whether NURBS raytracing is on or off.
vrRenderSettings	setBrdfMode(mode)	method	v1		Sets the BRDF mode.
vrRenderSettings	disableRaytracingOverrides()	method	v1		Disables the raytracing override settings in all materials.
vrRenderSettings	setRaytracingRenderRegion(xBegin, xEnd, yBegin, yEnd)	method	v1		Sets the active render region in relative coordinates.
vrRenderSettings	setRenderPNGQuality(quality)	method	v1		Sets the compression level for PNG images. Valid values range from 0 to 9. Default is 1.
vrRenderSettings	getRenderPNGQuality()	method	v1	unsigned int	Returns the current quality for writing PNG files.
vrRenderSettings	generateRayFile(filename, numPhotons, maxDepth)	method	v1		Generates a rayfile in ASCII format. Apply a diffuse black material to every object that is not supposed to reflect any light. Rays are stored on each diffuse h
vrRenderSettings	addPreset(name)	method	v1		Add preset to Render Queue.
vrRenderSettings	applyPreset(name)	method	v1		Apply preset in Render Queue.
vrRenderSettings	setDenoiseFilter(filterType)	method	v1		Sets the denoise filter to use for raytracing.
vrRenderSettings	getDenoiseFilter()	method	v1	unsigned int	Returns the denoise filter used.
vrRenderSettings	setDenoiserModel(model)	method	v1		Sets the denoiser model to use.
vrRenderSettings	getDenoiserModel()	method	v1	unsigned int	Returns the denoiser model used.
vrRenderSettings	setDenoiseAlpha(denoiseAlpha)	method	v1		Sets whether to denoise the alpha channel or not.
vrRenderSettings	getDenoiseAlpha()	method	v1	bool	Returns whether to denoise the alpha channel or not.
vrRenderSettings	setRaytracingAAInitialSamples(samples)	method	v1		Deprecated. This function is no longer used.
vrRenderSettings	setRaytracingAAAdaptiveSamples(samples)	method	v1		Deprecated. This function is no longer used.
vrRenderSettings	setRaytracingAAThreshold(threshold)	method	v1		Deprecated. This function is no longer used.
vrRenderSettings	setRaytracingMotionBlurEnable(state)	method	v1		Deprecated. Motion Blur is always on on a global level.
vrRenderSettings	setRaytracingDOFEnable(state)	method	v1		Deprecated. Depth of Field is always on on a global level.
vrRenderSettings	setRaytracingFinalGathering(quality)	method	v1		Deprecated. Use setRaytracingInteractiveFinalGatherQuality and setRaytracingStillFrameFinalGatherQuality instead.
vrRenderSettings	setRaytracingCausticPhotonRadius(radius)	method	v1		Deprecated. Use setRaytracingPhotonRadius instead.
vrRenderSettings	setRaytracingIndirectPhotonRadius(radius)	method	v1		Deprecated. Sets the indirect photon lookup radius.
vrRenderSettings	setRaytracingNURBSUsePreclassification(enable)	method	v1		Deprecated. Enables trimming curve pre-classification.
vrRenderSettings	setEnableDenoiseFilter(on)	method	v1		Deprecated. Use setDenoiseFilter instead.
vrRenderSettings	getEnableDenoiseFilter()	method	v1	bool	Deprecated. Use getDenoiseFilter instead.
vrRenderSettings	setDenoiseFilterThreshold(value)	method	v1		Deprecated. This function does nothing.
vrRenderSettings	getDenoiseFilterThreshold()	method	v1	double	Deprecated. This function does nothing.
vrRenderSettings	getBrdfMode()	method	v1	int	Deprecated. Returns the currently active BRDF mode.
vrRoute	createRoute(fromNodename, fromFieldname, toNodename, toFieldname)	method	v1		Creates a route between two nodes: "from" and "to".
vrRuler	showRuler(state)	method	v1		Shows or hides the Ruler.
vrRuler	setRulerPosition(x, y, z)	method	v1		Sets the position of the ruler.
vrRuler	setRulerRotation(rotationX, rotationY, rotationZ)	method	v1		Sets the rotation of the ruler with Euler rotation angles.
vrRuler	resetRuler()	method	v1		Resets the position and rotation of the ruler.
vrRuler	showRulerGrid(state)	method	v1		Shows/hides the ruler grid.
vrRuler	showRulerManipulator(state)	method	v1		Shows/hides the ruler manipulator.
vrRuler	setRulerFixAxes(state)	method	v1		Sets whether the ruler scale markings and the grid should adapt to the camera distance.
vrRuler	getRulerPosition()	method	v1	Pnt3f	Returns the current position of the ruler.
vrRuler	getRulerRotation()	method	v1	Vec3f	Returns the current rotation of the ruler as Euler angles.
vrRuler	getRulerEnabled()	method	v1	bool	Returns whether the ruler is enabled.
vrRuler	getRulerManipulatorEnabled()	method	v1	bool	Returns whether the manipulator is shown.
vrRuler	getRulerGridEnabled()	method	v1	bool	Returns whether the grid is shown.
vrRuler	getRulerFixAxes()	method	v1	bool	Returns whether the ruler scale markings and the grid should adapt to the camera distance.
vrSHLChunkPtr	getID()	method	v1	unsigned int	Returns the node id.
vrSHLChunkPtr	getPtr()	method	v1	SHLChunkPtr	Returns the OpenSG SHLChunkPtr.
vrSHLChunkPtr	isValid()	method	v1	bool	Returns true when the node is valid. Should be called for sanity reasons after searching a material with findMaterial.
vrSHLChunkPtr	setUniformParameterInt(name, v)	method	v1		Sets an OpenGL Shading Language integer parameter.
vrSHLChunkPtr	setUniformParameterReal(name, v)	method	v1		Sets an OpenGL Shading Language real parameter.
vrSHLChunkPtr	setUniformParameterVec2f(name, x, y)	method	v1		Sets an OpenGL Shading Language vec2f parameter.
vrSHLChunkPtr	setUniformParameterVec3f(name, x, y, z)	method	v1		Sets an OpenGL Shading Language vec3f parameter.
vrSHLChunkPtr	setUniformParameterVec4f(name, x, y, z, w)	method	v1		Sets an OpenGL Shading Language vec4f parameter.
vrSHLChunkPtr	fields()	method	v1	vrFieldAccess	Returns the field access.
vrScenegraph	selectNode(name)	method	v1		Deprecated: Use `vrScenegraphService.setSelection()` in API v2.
vrScenegraph	selectNode(name, status)	method	v1		Deprecated: Use `vrScenegraphService.setSelection()` in API v2.
vrScenegraph	selectNode(node)	method	v1		Deprecated: Use `vrScenegraphService.setSelection()` in API v2.
vrScenegraph	selectNode(node, status)	method	v1		Deprecated: Use `vrScenegraphService.setSelection()` in API v2.
vrScenegraph	selectNodesNoUndo(nodes)	method	v1		Deprecated: Use `vrScenegraphService.setSelection()` in API v2.
vrScenegraph	selectNodesNoUndo(nodes, status)	method	v1		Deprecated: Use `vrScenegraphService.setSelection()` in API v2.
vrScenegraph	selectNodes(nodes)	method	v1		Deprecated: Use `vrScenegraphService.setSelection()` in API v2.
vrScenegraph	selectNodes(nodes, status)	method	v1		Deprecated: Use `vrScenegraphService.setSelection()` in API v2.
vrScenegraph	getNodeID(name)	method	v1	unsigned integer	Deprecated: Use `vrdNode.getObjectId()` in API v2.
vrScenegraph	getNodeName(node)	method	v1	string	Deprecated: Use `vrdNode.getName()` in API v2.
vrScenegraph	getNodePath(node)	method	v1	string	Deprecated: Use `vrdNode.getPath()` in API v2.
vrScenegraph	deleteNode(node)	method	v1	bool	Deprecated: Use `vrScenegraphService.deleteNodes()` in API v2.
vrScenegraph	deleteNode(node, force)	method	v1	bool	Deprecated: Use `vrScenegraphService.deleteNodes()` in API v2.
vrScenegraph	deleteNodes(nodes)	method	v1		Deprecated: Use `vrScenegraphService.deleteNodes()` in API v2.
vrScenegraph	deleteNodes(nodes, force)	method	v1		Deprecated: Use `vrScenegraphService.deleteNodes()` in API v2.
vrScenegraph	removeSelectedNodes()	method	v1		Deprecated: Use `vrScenegraphService.deleteNodes()` in API v2.
vrScenegraph	removeSelectedNodes(nodes)	method	v1		Deprecated: Use `vrScenegraphService.deleteNodes()` in API v2.
vrScenegraph	undeleteNode(node)	method	v1		Deprecated: Use `vrUndoService.undo()` in API v2.
vrScenegraph	undeleteNodes(nodes)	method	v1		Deprecated: Use `vrUndoService.undo()` in API v2.
vrScenegraph	moveNode(node, from, to)	method	v1		Deprecated: Use `vrdNode.children` to get and manipulate the children of a node in API v2.
vrScenegraph	moveNodes(nodes, froms, tos)	method	v1		Deprecated: Use `vrdNode.children` to get and manipulate the children of a node in API v2.
vrScenegraph	moveNodesAfter(nodesList, fromList, toList, afterList)	method	v1		Deprecated: Use `vrdNode.children` to get and manipulate the children of a node in API v2.
vrScenegraph	copyNode(node)	method	v1	bool	Deprecated: Use `vrScenegraphService.copyNodes()` in API v2.
vrScenegraph	copyNodes(nodes)	method	v1	bool	Deprecated: Use `vrScenegraphService.copyNodes()` in API v2.
vrScenegraph	cutNode(node)	method	v1	bool	Deprecated: Use `vrScenegraphService.cutNodes()` in API v2.
vrScenegraph	cutNodes(nodes)	method	v1	bool	Deprecated: Use `vrScenegraphService.cutNodes()` in API v2.
vrScenegraph	addChilds(node, children)	method	v1		Deprecated: Use `vrdNode.children` to get and manipulate the children of a node in API v2.
vrScenegraph	subChilds(node, children)	method	v1		Deprecated: Use `vrdNode.children` to get and manipulate the children of a node in API v2.
vrScenegraph	pasteNode(node)	method	v1		Deprecated: Use `vrScenegraphService.pasteNodes()` in API v2.
vrScenegraph	pasteNodes(nodes)	method	v1		Deprecated: Use `vrScenegraphService.pasteNodes()` in API v2.
vrScenegraph	copyTransformation(source, target)	method	v1		Copies the transformation of one node to another. If only source and target node are provided a full copy will be done, otherwise only the chosen attributes wil
vrScenegraph	copyTransformation(source, target, copyTranslation, copyRotation, copyScale, copyRotatePivot, copyScalePivot, copyShearing)	method	v1		Deprecated: Use `vrScenegraphService.copyTransformations()` in API v2.
vrScenegraph	hideNode(node)	method	v1		Deprecated: Use `vrScenegraphService.setNodeVisibility()` in API v2.
vrScenegraph	showNode(node)	method	v1		Deprecated: Use `vrScenegraphService.setNodeVisibility()` in API v2.
vrScenegraph	hideNodes(nodes)	method	v1		Deprecated: Use `vrScenegraphService.setNodeVisibility()` in API v2.
vrScenegraph	showNodes(nodes)	method	v1		Deprecated: Use `vrScenegraphService.setNodeVisibility()` in API v2.
vrScenegraph	insertParentNode(node, newParent)	method	v1		Deprecated: Use `vrdNode.children` to get and manipulate the children of a node in API v2.
vrScenegraph	getSelectedNode()	method	v1	vrNodePtr	Deprecated: Use `vrScenegraphService.getSelectedNode()` in API v2.
vrScenegraph	getSelectedNodes()	method	v1	list of vrNodePtrs	Deprecated: Use `vrScenegraphService.getSelectedNodes()` in API v2.
vrScenegraph	getSelectedRootNodes()	method	v1	list of vrNodePtrs	Deprecated: Use `vrScenegraphService.getSelectedRootNodes()` in API v2.
vrScenegraph	getAllNodes()	method	v1	list of vrNodePtrs	Deprecated: Use `vrScenegraphService.getAllNodes()` in API v2.
vrScenegraph	getClipboard()	method	v1	list of vrNodePtrs	Deprecated: Use `vrScenegraphService.getNodesInClipboard()` in API v2.
vrScenegraph	showScenegraph(status)	method	v1		Shows/hides the scenegraph widget.
vrScenegraph	updateScenegraph(force)	method	v1		Deprecated: Emit the `vrScenegraphService.scenegraphChanged()` signal to update UI in API v2.
vrScenegraph	enableScenegraph(status)	method	v1		Deprecated: Beginning from API v2, the scenegraph module will only be updated when it is open.
vrScenegraph	selectAll()	method	v1		Deprecated: Use `vrScenegraphService.selectTopLevel()` in API v2.
vrScenegraph	deselectAll()	method	v1		Deprecated: Use `vrScenegraphService.clearSelection()` in API v2.
vrScenegraph	getRootNode()	method	v1	vrNodePtr	Deprecated: Use `vrScenegraphService.getRootNode()` in API v2.
vrScenegraph	getSuperRootNode()	method	v1	vrNodePtr	Deprecated: Use `vrScenegraphService.getSuperRootNode()` in API v2.
vrScenegraph	getInternalRootNode()	method	v1	vrNodePtr	Deprecated: Use `vrScenegraphService.getInternalRootNode()` in API v2.
vrScenegraph	getTransformRootNode()	method	v1	vrNodePtr	Deprecated: Use `vrScenegraphService.getTransformRootNode()` in API v2.
vrScenegraph	initFindCache()	method	v1		Deprecated: Use `vrNodeService.initFindCache()` in API v2.
vrScenegraph	clearFindCache()	method	v1		Deprecated: Use `vrNodeService.clearFindCache()` in API v2.
vrScenegraph	findNode(node_name)	method	v1	vrNodePtr	Finds the node via name.
vrScenegraph	findNode(node_name, regex)	method	v1	vrNodePtr	Deprecated: Use `vrNodeService.findNodes()` in API v2.
vrScenegraph	findNodes(node_name)	method	v1	list of vrNodePtrs	Deprecated: Use `vrNodeService.findNodes()` in API v2.
vrScenegraph	findNodes(node_name, regex)	method	v1	list of vrNodePtrs	Deprecated: Use `vrNodeService.findNodes()` in API v2.
vrScenegraph	findNodes(node_name, regex, include_components)	method	v1	list of vrNodePtrs	Deprecated: Use `vrNodeService.findNodes()` in API v2.
vrScenegraph	findNodes(node_names)	method	v1	list of vrNodePtrs	Deprecated: Use `vrNodeService.findNodes()` in API v2.
vrScenegraph	findNodes(node_names, regex)	method	v1	list of vrNodePtrs	Deprecated: Use `vrNodeService.findNodes()` in API v2.
vrScenegraph	findNodes(node_names, regex, include_components)	method	v1	list of vrNodePtrs	Deprecated: Use `vrNodeService.findNodes()` in API v2.
vrScenegraph	getSceneSwitches()	method	v1	list of strings	Finds all the switches in the scene.
vrScenegraph	findNodePath(node_path)	method	v1	vrNodePtr	Finds the node via path name.
vrScenegraph	findNodePath(node_path, regex)	method	v1	vrNodePtr	Deprecated: Use `vrNodeService.findNodeWithPath()` in API v2.
vrScenegraph	findUniquePath(unique_path)	method	v1	vrNodePtr	Deprecated: Use `vrNodeService.findNodeWithUniquePath()` in API v2.
vrScenegraph	getUniquePath(node)	method	v1	string	Deprecated: Use `vrdNode.getUniquePath()` in API v2.
vrScenegraph	createNode(typeString)	method	v1		Deprecated: Use `vrScenegraphService.createNode()` in API v2.
vrScenegraph	createNode(typeString, checkUniqueName)	method	v1		Deprecated: Use `vrScenegraphService.createNode()` in API v2.
vrScenegraph	createNode(typeString, name)	method	v1		Deprecated: Use `vrScenegraphService.createNode()` in API v2.
vrScenegraph	createNode(typeString, name, checkUniqueName)	method	v1		Deprecated: Use `vrScenegraphService.createNode()` in API v2.
vrScenegraph	createNode(typeString, name, parent)	method	v1		Deprecated: Use `vrScenegraphService.createNode()` in API v2.
vrScenegraph	createNode(typeString, name, parent, checkUniqueName)	method	v1		Deprecated: Use `vrScenegraphService.createNode()` in API v2.
vrScenegraph	convertCore(node, type)	method	v1		Deprecated: Use `vrScenegraphService.convertNode()` in API v2.
vrScenegraph	uncreateNode(node, typeString, name, parent)	method	v1		Deprecated: Use `vrUndoService.undo()` in API v2.
vrScenegraph	getHeadlight()	method	v1	vrNodePtr	Deprecated: Use `vrLightService.getHeadlight()` in API v2.
vrScenegraph	ignoreAutoHeadlight()	method	v1		Ignores the automatic headlight if another light source is set.
vrScenegraph	invertSelection()	method	v1		Deprecated: Use `vrScenegraphService.invertGeometrySelection()` in API v2.
vrScenegraph	invertSelectionInGroup()	method	v1		Deprecated: Use `vrScenegraphService.invertGeometrySelectionInGroup()` in API v2.
vrScenegraph	selectParent()	method	v1		Deprecated: Use `vrScenegraphService.selectCommonParent()` in API v2.
vrScenegraph	cloneNode(node, deep)	method	v1	vrNodePtr	Deprecated: Use `vrScenegraphService.cloneNodes()`, or `vrScenegraphService.duplicateNodes()` for deep clone, in API v2.
vrScenegraph	cloneMirrorNode(node, deep, flush)	method	v1		Deprecated: Use `vrScenegraphService.cloneNodesMirrorAxis()`, or `vrScenegraphService.duplicateNodesMirrorAxis()` for deep clone, in API v2.
vrScenegraph	cloneMirrorAxisNode(node, deep, flush, axis)	method	v1		Deprecated: Use `vrScenegraphService.cloneNodesMirrorAxis()`, or `vrScenegraphService.duplicateNodesMirrorAxis()` for deep clone, in API v2.
vrScenegraph	rebuildClones()	method	v1		Rebuilds all clone nodes in case an operation has broken the cloning.
vrScenegraph	isCloned(node)	method	v1		Deprecated: Use `vrdNode.isShared()` in API v2.
vrScenegraph	unshareNode(node)	method	v1		Deprecated: Use `vrNodeService.unshareNodes()` in API v2.
vrScenegraph	fixDepthOfField(node)	method	v1		Adjusts the f-stop and ISO values of all cameras beneath the selected root to match the depth of field of older versions.
vrScenegraph	getNodesWithTag(tag)	method	v1	list of vrNodePtrs	Deprecated: Use `vrScenegraphService.getNodesWithAnyTag()` in API v2.
vrScenegraph	getNodesWithTag(node, tag)	method	v1	list of vrNodePtrs	Deprecated: Use `vrScenegraphService.getNodesWithAnyTag()` in API v2.
vrScenegraph	getNodesWithTags(tags, matchAllTags)	method	v1	list of vrNodePtrs	Deprecated: Use `vrScenegraphService.getNodesWithAnyTag()` or `vrScenegraphService.getNodesWithAllTags()` in API v2.
vrScenegraph	getNodesWithTags(node, tags, matchAllTags)	method	v1	list of vrNodePtrs	Deprecated: Use `vrScenegraphService.getNodesWithAnyTag()` or `vrScenegraphService.getNodesWithAllTags()` in API v2.
vrScenegraph	setSwitchChoiceByTag(node, tag)	method	v1		Deprecated: Use `vrScenegraphService::setSwitchChoiceByAnyTag` in API v2.
vrScenegraph	setSwitchChoiceByTags(node, tags, matchAllTags)	method	v1		Deprecated: Use `vrScenegraphService::setSwitchChoiceByAnyTag or vrScenegraphService::setSwitchChoiceByAllTags` in API v2.
vrScenegraph	setIgnoreMaterialGroup(nodepath, ignore)	method	v1		Deprecated: Use `vrNodeService.findNodeWithPath()` and `vrdMaterialNode.setEnabled()` in API v2, with enabled = not ignore.
vrScenegraph	setIgnoreMaterialGroup(node, ignore)	method	v1		Deprecated: `vrdMaterialNode.setEnabled()` in API v2, with enabled = not ignore.
vrScenegraph	setBoundingBoxSelection(enabled)	method	v1		Sets bounding box selection mode.
vrScenegraph	showComponents(enabled)	method	v1		Deprecated: Use `vrScenegraphService.setShowComponents()` in API v2.
vrScenegraph	applyMaterial(nodes, mats, applyToMaterialGroupParent, skipMaterialGroupChilds)	method	v1		**Deprecated:** Use `vrMaterialService.applyMaterialToNodes()` in API v2.
vrScenegraph	groupSelection()	method	v1		**Deprecated:** Use `vrScenegraphService.groupNodes()` in API v2.
vrScenegraph	splitGeometryTris()	method	v1		**Deprecated:** Use `vrGeometryService.splitGeometry` in API v2.
vrScenegraph	unsplitGeometryTris()	method	v1		**Deprecated:** Use `vrGeometryService.unsplitFromPrimitives` in API v2.
vrScenegraph	macget()	method	v1	list of int	MAC crash test function. Returns a list of integers.
vrScenegraph	addNodeTag(node, tag)	method	v1	bool	Deprecated: Use `vrMetadataService.addTags()` in API v2.
vrScenegraph	addNodeTag(nodes, tag)	method	v1	bool	Deprecated: Use `vrMetadataService.addTags()` in API v2.
vrScenegraph	addNodeTags(node, tags)	method	v1	bool	Deprecated: Use `vrMetadataService.addTags()` in API v2.
vrScenegraph	addNodeTags(nodes, tags)	method	v1	bool	Deprecated: Use `vrMetadataService.addTags()` in API v2.
vrScenegraph	removeNodeTag(node, tag)	method	v1	bool	Deprecated: Use `vrMetadataService.removeTags()` in API v2.
vrScenegraph	removeNodeTag(nodes, tag)	method	v1	bool	Deprecated: Use `vrMetadataService.removeTags()` in API v2.
vrScenegraph	removeNodeTags(node, tags)	method	v1	bool	Deprecated: Use `vrMetadataService.removeTags()` in API v2.
vrScenegraph	removeNodeTags(nodes, tags)	method	v1	bool	Deprecated: Use `vrMetadataService.removeTags()` in API v2.
vrScenegraph	replaceNodeTag(node, oldTag, newTag)	method	v1	bool	Deprecated: Use `vrMetadataService.renameTag()` in API v2.
vrScenegraph	replaceNodeTag(nodes, oldTag, newTag)	method	v1	bool	Deprecated: Use `vrMetadataService.renameTag()` in API v2.
vrScenegraph	getNodeTags(node)	method	v1	list of strings	Deprecated: Use `vrMetadataService.getTags()` in API v2.
vrScenegraph	hasNodeTag(node, tag)	method	v1	bool	Deprecated: Use `vrMetadataService.hasTag()` in API v2.
vrScenegraph	hasNodeTags(node, tags)	method	v1	bool	Deprecated: Use `vrMetadataService.getTags()` in API v2.
vrScript	undo()	function	v1		Undo the last command.
vrScript	redo()	function	v1		Redo the last command.
vrScript	cameraViewUndo()	function	v1		Undo the last view change.
vrScript	cameraViewRedo()	function	v1		Redo the last view change.
vrScript	clearScript()	function	v1		Clear python script in the script editor.
vrScript	executePython(command)	function	v1	bool	Execute a python command.
vrScript	executePythonR(command)	function	v1	string	Execute a python command and return the return value as a string.
vrSequencer	runAllSequences()	function	v1		Runs all sequences.
vrSequencer	runSequence(name)	function	v1		Run sequence with a given name.
vrSequencer	runSequenceHttp(name, url, id)	function	v1		Run sequence with a given name. Results will be uploaded tu url
vrSequencer	readSequenceXML(file, merge)	function	v1		Read sequences from XML file .
vrSequencer	getSequenceList()	function	v1		Returns a list of sequences.
vrSequencer	getAllSequencesActionCount()	function	v1		Returns the number of active actions in all sequences.
vrSpacemouseButton	setSpacemouseButtonText(index, text)	function	v1		Sets the text for the 3Dconnection space pilot button.
vrSpacemouseButton	setSpacemouseMenuText(text)	function	v1		Sets the text for the 3Dconnection space pilot menu.
vrSpeech	speak(text)	function	v1		Speaks a text
vrSpeech	setVoiceType(id)	function	v1		Sets the voice type id
vrSurfaceAnalysis	enableSurfaceAnalysis(state)	function	v1		Enable/disable surface analysis render mode.
vrSurfaceAnalysis	setSurfaceAnalysisMode(state)	function	v1		Sets surface analysis mode.
vrSurfaceAnalysis	setSurfaceAnalysisShowDirection(state)	function	v1		Enable/disable show light direction.
vrSurfaceAnalysis	setSurfaceAnalysisDirection(state)	function	v1		Sets light direction.
vrSurfaceAnalysis	setSurfaceAnalysisSetToXAxis()	function	v1		Sets light source direction to X axis.
vrSurfaceAnalysis	setSurfaceAnalysisSetToYAxis()	function	v1		Sets light source direction to Y axis.
vrSurfaceAnalysis	setSurfaceAnalysisSetToZAxis()	function	v1		Sets light source direction to Z axis.
vrSurfaceAnalysis	setSurfaceAnalysisPickNormal(state)	function	v1		Enable/disable pick surface normal.
vrSurfaceAnalysis	setSurfaceAnalysisUseCamVec(state)	function	v1		Enable/disable use camera view vector.
vrSurfaceAnalysis	setSurfaceAnalysisLineType(state)	function	v1		Sets lines/stripes mode.
vrSurfaceAnalysis	setSurfaceAnalysisLineCount(state)	function	v1		Sets lines/stripes count.
vrSurfaceAnalysis	setSurfaceAnalysisLineColor(state)	function	v1		Sets lines/stripes color.
vrSurfaceAnalysis	setSurfaceAnalysisSurfaceLightingMode(state)	function	v1		Sets surface mode.
vrSurfaceAnalysis	setSurfaceAnalysisSurfaceBaseColor(state)	function	v1		Sets surface color.
vrTextureChunkPtr	getID()	method	v1	unsigned int	Returns the node id.
vrTextureChunkPtr	getPtr()	method	v1	TextureChunkPtr	Returns the OpenSG TextureChunkPtr.
vrTextureChunkPtr	isValid()	method	v1	bool	Return true when the chunk is valid. Should be called for sanity reasons after searching a material with findMaterial.
vrTextureChunkPtr	setImageFilename(name)	method	v1		Sets a new image via filename.
vrTextureChunkPtr	setImageFilenameNoCaching(name)	method	v1		Sets a new image via filename without image caching.
vrTextureChunkPtr	getImageFilename()	method	v1	string	Returns the image filename.
vrTextureChunkPtr	setImage(image)	method	v1		Sets a new image.
vrTextureChunkPtr	getImage()	method	v1	vrImagePtr	Returns the image pointer.
vrTextureChunkPtr	imageContentChanged()	method	v1		Updates the texture on the graphics card.
vrTextureChunkPtr	fields()	method	v1	vrFieldAccess	Returns the field access object to get access to all fields. Take a look at the vrFieldAccess documentation to see how to manipulate the value of the fields.
vrTimer	setInterval(interval)	method	v1		Changes the timer interval.
vrTimer	setSingleShot(singleshot)	method	v1		Changes the singleshot behaviour.
vrTouchSensor	setEnabled(state)	method	v1		Enables or disables the TouchSensor.
vrTouchSensor	isEnabled()	method	v1	bool	Returns the enabled state of the TouchSensor.
vrTouchSensor	triggerTouchSensor(name)	function	v1		Triggers a touch sensor.
vrTransform	pickAxis()	function	v1		Defines rotation axis over two pick points.
vrTransform	pickAxis3Points()	function	v1		Defines rotation axis over three pick points.
vrTransform	getBBCenter()	function	v1		Returns the center of the bounding box of the current selection.
vrTransform	captureTransformVariants(name, nodes)	function	v1		Creates transform variants with the given name for all nodes passed to this function.
vrTransform	selectTransformVariantByName(node, name)	function	v1		Applies a transform variant of a given node by name.
vrTransform	selectTransformVariantByName(nodeName, variantName)	function	v1		Applies a transform variant for a given node by name.
vrTransform	selectTransformVariantByIndex(node, index)	function	v1		Applies a transform variant of a given node by index.
vrTransform	selectTransformVariantByIndex(nodeName, index)	function	v1		Applies a transform variant of a given node by index.
vrTransformHelper	activateTranslateManipulator()	function	v1		Activates the Translate Helper.
vrTransformHelper	activateRotateManipulator()	function	v1		Activates the Rotate Helper.
vrTransformHelper	activateScaleManipulator()	function	v1		Activates the Scale Helper.
vrTransformHelper	togglePivotManipulator()	function	v1		Activates the Pivot Helper.
vrTransformHelper	activateUniversalManipulator()	function	v1		Activates the Universal Helper.
vrTransformHelper	showTransformManipulator(state)	function	v1		Displays the Transform Helper.
vrUVEditor	setAutoMaxIterations(enable)	function	v1		Deprecated.
vrUVEditor	getAutoMaxIterations()	function	v1		Deprecated.
vrVRMLViewPoints	setVRMLViewPointsEnabled(state)	function	v1		Enables VRML viewpoints.
vrVRMLViewPoints	setVRMLCurrentViewpoint(name)	function	v1		Set the current viewpoint.
vrVariantSetPtr	setName(name)	function	v1		Sets a Name.
vrVariantSetPtr	getName()	function	v1	string	Gets the Name.
vrVariantSetPtr	setHotkeyString(key)	function	v1		Sets a Key.
vrVariantSetPtr	setHotkey(key)	function	v1		Sets a Key.
vrVariantSetPtr	setHotkey(key, modifier)	function	v1		Sets a Key.
vrVariantSetPtr	getHotkey()	function	v1	string	Gets the Key.
vrVariantSetPtr	addGeometry(node, state)	function	v1		Adds a geometry variant.
vrVariantSetPtr	addTransform(node, state)	function	v1		Adds a transform variant.
vrVariantSetPtr	addMaterial(material, state)	function	v1		Adds a material variant.
vrVariantSetPtr	addLight(light, state)	function	v1		Adds a light variant.
vrVariantSetPtr	setClippingState(state)	function	v1		Sets the clipping state.
vrVariantSetPtr	addClippingPlane(position, normal, invertDirection, hideScene, showClippingPlane, showGrid, showContour)	function	v1		Adds a Clipping Plane.
vrVariantSetPtr	addCurrentClippingPlane()	function	v1		Adds current Clipping Plane.
vrVariantSetPtr	addView(viewpoint)	function	v1		Adds a viewpoint.
vrVariantSetPtr	addScript(script)	function	v1		Adds a script.
vrVariantSetPtr	getScript()	function	v1	string	Gets the script.
vrVariantSetPtr	getTargetNodeNames()	function	v1	vector of string	Gets the names of the target nodes.
vrVariantSetPtr	setValue(key, value)	function	v1		Adds a key/value pair to the variant set.
vrVariantSetPtr	getValue(key)	function	v1	string	Gets the value stored for the given key.
vrVariantSets	createVariantSet(name)	method	v1	vrVariantSet	Creates a variant set.
vrVariantSets	deleteVariantSet(name)	method	v1		Deletes a variant set.
vrVariantSets	moveVariantSetToGroup(variantSetName, variantSetGroupName)	method	v1		Moves a variant set to a group.
vrVariantSets	getVariantSet(name)	method	v1	vrVariantSet	Gets a variant set.
vrVariantSets	createVariantSetGroup(name)	method	v1		Creates a variant set group.
vrVariantSets	deleteVariantSetGroup(name)	method	v1		Deletes a variant set group. The variant sets of the group will be ungrouped and not be deleted.
vrVariantSets	getGroupedVariantSets(skipHidden=False)	method	v1	dict	Gets all variant sets.
vrVariantSets	loadVariants(name)	method	v1		Loads variant definitions from an XML file.
vrVariantSets	saveVariants(name)	method	v1		Saves the variant definitions to an XML file.
vrVariantSets	selectNodeVariant(name, state=None)	method	v1		Activates a state of a node variant.
vrVariantSets	selectMaterialVariant(name, state=None)	method	v1		Activates a state of a material variant.
vrVariantSets	selectVariantSetDefault(name)	method	v1		Activates the default state of a variant set.
vrVariantSets	getVariantSets()	method	v1	list of strings	Returns a list of all defined variant sets.
vrVariantSets	getVariantViewPoints(name)	method	v1	list of strings	Returns a list of all viewpoints belonging to a variant set.
vrVariantSets	getVariantAnimations(name)	method	v1	list of strings	Returns a list of all animations of a variant set.
vrVariantSets	getNodeVariants(name=None)	method	v1	list of strings	Returns a list of all node variants of a single variant set or all node variants if the name parameter is omitted.
vrVariantSets	getMaterialVariants(name=None)	method	v1	list of strings	Returns a list of all material variants of a single variant set or all material variants if the name parameter is omitted.
vrVariantSets	getNodeVariantStates(name)	method	v1	list of strings	Returns all possible states of a node variant.
vrVariantSets	getMaterialVariantStates(name)	method	v1	list of strings	Returns all possible states of a material variant.
vrVariantSets	getNodeVariantDefault(name)	method	v1	string	Returns the default state of a node variant.
vrVariantSets	getMaterialVariantDefault(name)	method	v1	string	Returns the default state of a material variant.
vrVariantSets	getNodeVariantCurrent(name)	method	v1	string	Returns the current state of a node variant.
vrVariantSets	getMaterialVariantCurrent(name)	method	v1	string	Returns the current state of a material variant.
vrVariantSets	saveSwitchedGeometry(filename=None)	method	v1	bool	Saves the current switched geometry/materials into a file.
vrVariantSets	beginDissection()	method	v1	bool	Starts the dissection process.
vrVariantSets	endDissection()	method	v1	bool	Ends the dissection process.
vrVariantSets	showNodeVariantGeometry(name)	method	v1		Enables the geometry that is switched by a node variant.
vrVariantSets	hideNodeVariantGeometry(name)	method	v1		Disables the geometry that is switched by a node variant.
vrVariantSets	showMaterialVariantGeometry(name)	method	v1		Enables the geometry that is switched by a material variant.
vrVariantSets	hideMaterialVariantGeometry(name)	method	v1		Disables the geometry that is switched by a material variant.
vrVariantSets	showVariantSetGeometry(name)	method	v1		Enables the geometry that is switched by a variant set.
vrVariantSets	hideVariantSetGeometry(name)	method	v1		Disables the geometry that is switched by a variant set.
vrVariantSets	dissectionSnapshot(filename=None, width=None, height=None, ssf=None)	method	v1		Creates a snapshot in dissection mode.
vrVariantSets	captureVariantSetFromRootNodes(name, roots, inclNodes, inclMaterials, inclLights, inclEnvs, inclView, inclRenderlayerStates=False, sendMsg=False)	method	v1		Captures variants to an existing variant set.
vrVariantSets	renderVariantSetPreview(name)	method	v1		Renders a variant set preview.
vrVariantSets	getVariantSetPreview(name)	method	v1	string	Gets a preview image for the variant set (if it has one).
vrVariants	createAndCaptureVariantSet(variantName, groupName)	function	v1		Captures variants to variant set.
vrVariants	activateCapturedVariantSet(name)	function	v1		Activates a captured variant set. The variant set will activate all states of its defined node and material variants.
vrVariants	selectVariantSet(name)	function	v1		Activates a variant set. The variant set will activate all states of its defined node and material variants.
vrVariants	selectVariantSet(name, exclusive)	function	v1		Activates a variant set. The variant set will activate all states of its defined node and material variants.
vrVideoGrab	setTransform(x, y, xscale, yscale)	method	v1		Transforms the video.
vrVideoGrab	setFrame(x0, y0, x1, y1)	method	v1		Sets the frame rectangle of the displayed movie.
vrVideoGrab	setUpdateDuration(duration)	method	v1		Sets the movie update duration.
vrVirtualEye	getCameraTransform()	method	v1	vrNodePtr	Returns the camera transformation node.
vrVirtualEye	setUseCameraSetting(name)	method	v1		Use camera settings given by name.
vrVredUi	getMainWindow()	function	v1	long long	Returns the pointer address of vred main window. In order to use it in python you need to wrap it to a QMainWindow in python::
vrTrackerSensor	setSensorId(id)	method	v1		Sets a specific sensor ID to the sensor. This is used for further identification.
vrTrackerSensor	setEnabled(state)	method	v1		Enables the sensor.
vrTrackerSensor	getType()	method	v1	string	Returns the type of this sensor. Possible types are "Body", "Dial", "Button", and "Analog".
vrTrackerSensor	getName()	method	v1	string	Returns the name of this sensor.
vrTrackerBody	setNode(name)	method	v1		Sets the name of the node connected to this body. The tracking system will update the transformation matrix of the node. Only transform nodes can be attached to
vrTrackerBody	getNode()	method	v1	string	Returns the name of the node connected to this body.
vrTrackerButton	isPressed()	method	v1	bool	Returns true if the button is pressed.
vrTrackerButton	pressed()	method	v1		SIGNAL is called when the button is pressed.
vrTrackerButton	released()	method	v1		SIGNAL is called when the button is released.
vrTrackerAnalog	setSensorId(id)	method	v1		Sets a specific sensor ID to the analog. This is used for further identification.
vrTrackerAnalog	getValue()	method	v1	float (64bit)	Returns the current value of the analog.
vrTrackerDial	getValue()	method	v1	float (64bit)	Returns the current value of the dial.
vrSelection	getNode()	method	v1	vrNodePtr	Returns the node.
vrSelection	selected()	method	v1		SIGNAL is called when the node is selected.
vrVrpnTrackingService	loadTrackingConfig(file)	function	v1		Load tracking configuration from file.
vrVrpnTrackingService	startTracking()	function	v1		Enables the tracking.
vrVrpnTrackingService	stopTracking()	function	v1		Disables the tracking.
vrVrpnTrackingService	isTracking()	function	v1	bool	Returns true if tracking is currently enabled.
vrVrpnTrackingService	setFreezeTracking(state)	function	v1		Freeze tracking.
vrVrpnTrackingService	getFreezeTracking()	function	v1	bool	Returns Freeze tracking state.
vrVrpnTrackingService	setTrackingUnitScale(scale)	function	v1		Set tracking unit scale, default is 1000. vrpn delivers the data always in meter and we use mm.
vrVrpnTrackingService	setBodyRelativeToNavigator(name, value)	function	v1		Sets body transformation relative to navigator.
vrWebEngineObj	sendToWebEngine(name, event, data)	function	v1		Deprecated. Use `vrdWebEngine.sendEvent()` instead.
vrWebEngineObj	hasWebEngineFocus()	function	v1	bool	Deprecated. Use `vrWebEngineService.anyWebEngineHasFocus()` instead.
vrWebEngineObj	setWebEngineInteractionEnabled(enabled)	function	v1		Deprecated. Use `vrWebEngineService.setInteractionEnabled()` instead.
vrWebEngineObj	isWebEngineInteractionEnabled()	function	v1	bool	Deprecated. Use `vrWebEngineService.isInteractionEnabled()` instead.
vrWebOverlay	show()	method	v1		Shows the frame.
vrWebOverlay	hide()	method	v1		Hides the frame.
vrWebOverlay	toggleShow()	method	v1		Toggles show/hide of the frame.
vrWebOverlay	setUrl(url)	method	v1		Sets the url.
vrWebOverlay	setFrame(x, y, w, h)	method	v1		Sets the frame.
vrWebOverlay	setOpacity(opacity)	method	v1		Sets the opacity of the overlay.
vrWidget	getQObject()	method	v1	vrQObject	Returns a vrQObject.
vrWidget	show(state)	method	v1		Shows the widget.
vrWidget	setToolWindow(state)	method	v1		Converts it to a floating tool window.
vrWidget	connect(sender, signal, function)	method	v1		Connects widget signals with Python functions.
